round,alive_nodes,round_energy
1,100,0.02509780356748277
2,100,0.025575934004875435
3,100,0.025302787712455244
4,100,0.025283837155213974
5,100,0.025428201048782118
6,100,0.025174228315734414
7,100,0.02514015506313025
8,100,0.024812758902913856
9,100,0.024973063586240556
10,100,0.025215018907578806
11,100,0.02511162782864426
12,100,0.024895066931715792
13,100,0.024980733384673475
14,100,0.02519369594892525
15,100,0.02584081123400969
16,100,0.025758281910325007
17,100,0.02482459190205811
18,100,0.025368947678650892
19,100,0.02538130766891693
20,100,0.025342933861315906
21,100,0.025451268748034654
22,100,0.025346723808451068
23,100,0.02441378030418889
24,100,0.025071560948896097
25,100,0.025496606957066945
26,100,0.0250564549200043
27,100,0.024688563767318844
28,100,0.024796209354369686
29,100,0.025046087989782542
30,100,0.02485205616192997
31,100,0.0247228858862175
32,100,0.0252404206813072
33,100,0.025119881115674765
34,100,0.02527624202857714
35,100,0.024610570029547363
36,100,0.025116630136182032
37,100,0.025042780945080806
38,100,0.024879880965904662
39,100,0.025163495768636912
40,100,0.025115247068593062
41,100,0.025212138467440463
42,100,0.02466376145823284
43,100,0.024849003869865192
44,100,0.025463193439006573
45,100,0.02491210967519446
46,100,0.024408947525259222
47,100,0.025032890530141485
48,100,0.02556626403203594
49,100,0.02536627611706256
50,100,0.024813054631776486
51,100,0.025061211994105416
52,100,0.024983281560525362
53,100,0.024845050018633894
54,100,0.025103645799480833
55,100,0.024991633896850725
56,100,0.024683679683226694
57,100,0.025398548617943776
58,100,0.02464560356752983
59,100,0.025244746563708915
60,100,0.025145465034210952
61,100,0.025403666702044806
62,100,0.024976170287486853
63,100,0.02508901156247964
64,100,0.02493635512621377
65,100,0.02536569231493619
66,100,0.024641813243543077
67,100,0.025219472749361902
68,100,0.02504051406245889
69,100,0.0255128894074268
70,100,0.02519769841873276
71,100,0.025240671528800142
72,100,0.024938507714531502
73,100,0.025042536006737188
74,100,0.024404931103795005
75,100,0.025253123606307614
76,100,0.02538581824495354
77,100,0.02487878993036432
78,100,0.024958421376969027
79,100,0.025303590407691843
80,100,0.02509667194976866
81,100,0.0248365022314715
82,100,0.02560683450666954
83,100,0.024723775342175215
84,100,0.02467090444116493
85,100,0.025189632973113024
86,100,0.024693565152097394
87,100,0.024820955857385345
88,100,0.024872552535450707
89,100,0.025344691622447596
90,100,0.02457619202943745
91,100,0.02517112713024561
92,100,0.024779816076060054
93,100,0.025161006961111038
94,100,0.025503224029960442
95,100,0.025315219396621513
96,100,0.02468315500496123
97,100,0.024606175608311527
98,100,0.025053151938501217
99,100,0.0252475118477909
100,100,0.02490270761264353
101,100,0.0253868444814263
102,100,0.025461499755979857
103,100,0.024860385378107978
104,100,0.02522271794991651
105,100,0.024950572036357713
106,100,0.025315745733689166
107,100,0.025476976171732165
108,100,0.0252899385031494
109,100,0.02486101837138315
110,100,0.025115082039323923
111,100,0.025079554485194087
112,100,0.02506644282171468
113,100,0.025019146063968302
114,100,0.0250768036088409
115,100,0.025488433119166678
116,100,0.02520420556206045
117,100,0.024872363015253904
118,100,0.02551270383420981
119,100,0.024850066813693315
120,100,0.024884867097651142
121,100,0.024470305485663413
122,100,0.02463315300899531
123,100,0.02521740171417419
124,100,0.025473211237682165
125,100,0.025028807577571238
126,100,0.025126092484679143
127,100,0.025088000916098925
128,100,0.02521895155774626
129,100,0.0249245217612788
130,100,0.02544970039191527
131,100,0.025121932910343592
132,100,0.025236463396440513
133,100,0.02494705257812299
134,100,0.02504783494193493
135,100,0.02502097928902443
136,100,0.025196409795614102
137,100,0.024614634175437865
138,100,0.025101043068963623
139,100,0.025240308522556203
140,100,0.025474979198078986
141,100,0.025677371039717362
142,100,0.024661493157513037
143,100,0.024898816188422303
144,100,0.025191060063258365
145,100,0.025099712734486933
146,100,0.024824480716877196
147,100,0.024759750883480147
148,100,0.02463886917271756
149,100,0.02502358773645249
150,100,0.02511227823247822
151,100,0.024662083983547415
152,100,0.02511803359492918
153,100,0.02553140846901331
154,100,0.025188706564447633
155,100,0.02512646732889783
156,100,0.025530739687907988
157,100,0.0246708808828732
158,100,0.025247407859221263
159,100,0.02533666890306779
160,100,0.025051768111512992
161,100,0.02502891756740266
162,100,0.025149154181983314
163,100,0.02474146637039158
164,100,0.025121676135425947
165,100,0.025839552220609775
166,100,0.025113968426387984
167,100,0.02542294870734167
168,100,0.025272399273967246
169,100,0.02507227754852844
170,100,0.025546007345051382
171,100,0.025137296556568968
172,100,0.025464565659211732
173,100,0.025350714777680472
174,100,0.025295133077492496
175,100,0.024907780267190337
176,100,0.024811356849078755
177,100,0.024972772815609157
178,100,0.025299478437817408
179,100,0.025476804490132097
180,100,0.02478973512583904
181,100,0.025317613958828884
182,100,0.025194506377398205
183,100,0.025518917445545145
184,100,0.025397699369149845
185,100,0.024953702861366066
186,100,0.024304320247143775
187,100,0.025182736951362042
188,100,0.02534266241705837
189,100,0.025320538664351633
190,100,0.025247864359111312
191,100,0.025026025421024937
192,100,0.02551783737826266
193,100,0.024581818456199618
194,100,0.024949239199628975
195,100,0.025336148215484557
196,100,0.025271293781310683
197,100,0.025074308506785593
198,100,0.024895656364703422
199,100,0.024928340275860193
200,100,0.02516556398448133
201,100,0.02524072421914402
202,100,0.025374640759369075
203,100,0.025002465819819412
204,100,0.025312623622731262
205,100,0.025352320605468173
206,100,0.024998052260292718
207,100,0.02479307585397857
208,100,0.025087138297795252
209,100,0.02454206179169479
210,100,0.0248860762464427
211,100,0.02496863223301021
212,100,0.025108498619318985
213,100,0.02523990082337817
214,100,0.025022436471899504
215,100,0.025080822828212477
216,100,0.025029917646351908
217,100,0.0248505060276558
218,100,0.02512796463964258
219,100,0.025125273494699094
220,100,0.025002126405812043
221,100,0.02510968714520338
222,100,0.024971294330260043
223,100,0.02571638531619774
224,100,0.025161314338561513
225,100,0.025234631160578322
226,100,0.025204464970103275
227,100,0.02436915512238749
228,100,0.025283870565886858
229,100,0.025441792648199305
230,100,0.025329873974946012
231,100,0.02499297521225903
232,100,0.025217074808548057
233,100,0.0251238128958223
234,100,0.025026805392917358
235,100,0.02495483253191668
236,100,0.024846232578141766
237,100,0.02481157330642212
238,100,0.024573197170916442
239,100,0.02553572059262109
240,100,0.025658772271544728
241,100,0.02430819497064088
242,100,0.02475380018082474
243,100,0.024849344445490695
244,100,0.02489209225881886
245,100,0.02511721203982046
246,100,0.025110786726730824
247,100,0.025080647148131838
248,100,0.024898614992558875
249,100,0.0247595364502018
250,100,0.02512267612021916
251,100,0.025154456318008663
252,100,0.025162595251120846
253,100,0.025207558629655367
254,100,0.025317207720123518
255,100,0.025202602494751453
256,100,0.025163442853187917
257,100,0.025334260803798758
258,100,0.025520454826251197
259,100,0.025486142745546503
260,100,0.025224315180911002
261,100,0.02527415403980196
262,100,0.025015221456720634
263,100,0.025675990936776735
264,100,0.025028260096281743
265,100,0.024943339940043736
266,100,0.025219022219597872
267,100,0.025399809251886705
268,100,0.02505181524235989
269,100,0.025030299565578416
270,100,0.024888419804413985
271,100,0.025031474245731194
272,100,0.025159563001584524
273,100,0.024850866889265577
274,100,0.025314590926871276
275,100,0.024905854310127745
276,100,0.025180157379766276
277,100,0.02546240148659075
278,100,0.02480304541971056
279,100,0.025349965605653998
280,100,0.025391190711371397
281,100,0.025019705338456637
282,100,0.024849895640563613
283,100,0.024576320188980323
284,100,0.025201285667882378
285,100,0.024947882808922878
286,100,0.02547157130697739
287,100,0.025189787310744963
288,100,0.02476862790228366
289,100,0.02493451153918858
290,100,0.024943800534728916
291,100,0.02522385122625099
292,100,0.025177326976280976
293,100,0.02584757262024151
294,100,0.025116683789330504
295,100,0.024734084341388244
296,100,0.0247510750794886
297,100,0.025053756247591
298,100,0.024905562782227525
299,100,0.025304797298705297
300,100,0.024896486590583744
301,100,0.025082018490516885
302,100,0.025409593170422552
303,100,0.024706576692328085
304,100,0.02487638838165331
305,100,0.0250973117828095
306,100,0.024874239754849512
307,100,0.024820384170958096
308,100,0.025082267769024006
309,100,0.02490229528751957
310,100,0.024978047092659342
311,100,0.02479765670946786
312,100,0.025260141205530478
313,100,0.024699305162002288
314,100,0.025341453834663758
315,100,0.025121030325546346
316,100,0.025756043758792094
317,100,0.024357542048641836
318,100,0.025525452676080744
319,100,0.0248939118798229
320,100,0.025140461126950633
321,100,0.02546069745181472
322,100,0.025249306516172253
323,100,0.025062726812510462
324,100,0.024994326251039502
325,100,0.024757042055800357
326,100,0.02520517066558759
327,100,0.024857982868171747
328,100,0.024972136231918296
329,100,0.025290899792403194
330,100,0.024727384713774406
331,100,0.025478119040512306
332,100,0.025220711853326853
333,100,0.025445745358702376
334,100,0.0254588703520987
335,100,0.02601190859049603
336,100,0.0246312946928101
337,100,0.024940057131173067
338,100,0.024912751068888326
339,100,0.02516194478072758
340,100,0.024833048434656904
341,100,0.025097079611992566
342,100,0.0243987816095074
343,100,0.025345014460389725
344,100,0.025151537713308213
345,100,0.025103297881517963
346,100,0.025683058877523646
347,100,0.024677515169761327
348,100,0.025201489535346067
349,100,0.025204229981966805
350,100,0.025780514390704022
351,100,0.024933732148252452
352,100,0.024992540536774528
353,100,0.024667846919492163
354,100,0.025779120455478744
355,100,0.024841112067713826
356,100,0.025035550538909785
357,100,0.024992901743376948
358,100,0.025128921412808328
359,100,0.0250706092525731
360,100,0.025310137494265354
361,100,0.025754845567970752
362,100,0.02471481733294621
363,100,0.024947886601936815
364,100,0.025012163206814784
365,100,0.02503800117423431
366,100,0.02477795253268445
367,100,0.025326230002157567
368,100,0.024973531246919436
369,100,0.025123832634198092
370,100,0.024792367768617603
371,100,0.025618295712256094
372,100,0.025067899104270604
373,100,0.025371808611721978
374,100,0.025191945014014745
375,100,0.024893529388290203
376,100,0.025040444995842417
377,100,0.025045237886821236
378,100,0.02525628973870171
379,100,0.024972250417710815
380,100,0.02478167735859784
381,100,0.02451543279896533
382,100,0.02498649096482349
383,100,0.02510272663792441
384,100,0.02523422379145278
385,100,0.0252639870958831
386,100,0.0248121263401579
387,100,0.02515439923885038
388,100,0.02529566274753958
389,100,0.025637512851687732
390,100,0.02490657886877392
391,100,0.025175265928934425
392,100,0.025543393662014312
393,100,0.02487054282924768
394,100,0.025311320835745527
395,100,0.02501816764038286
396,100,0.025352007718293237
397,100,0.024988315759765723
398,100,0.025186270444849484
399,100,0.02541332672267837
400,100,0.02471318005150855
401,100,0.02470155120990447
402,100,0.02509657994442016
403,100,0.024756089256667932
404,100,0.025287523759671988
405,100,0.024884981282581087
406,100,0.02519810579300364
407,100,0.025211696597848693
408,100,0.024594566953631422
409,100,0.024967340058280132
410,100,0.025163367963514732
411,100,0.024731641084234094
412,100,0.024977161754079227
413,100,0.025809822987193802
414,100,0.02544738975668071
415,100,0.025104908584832816
416,100,0.024771560603278665
417,100,0.024640988517447955
418,100,0.02490356786355856
419,100,0.025682728825065403
420,100,0.024896487655334656
421,100,0.025252332068617496
422,100,0.025564127195434327
423,100,0.025335998609794
424,100,0.025871596798715406
425,100,0.025174269464855462
426,100,0.02487903641438484
427,100,0.025390239551947177
428,100,0.025007248261076555
429,100,0.025144831826013767
430,100,0.024729279927830077
431,100,0.02529363301085919
432,100,0.025237191365788312
433,100,0.025281564204900967
434,100,0.02465911034461663
435,100,0.02520642292872938
436,100,0.024932048793848877
437,100,0.025289894523365084
438,100,0.024932513446912774
439,100,0.024775425117695697
440,100,0.0249747489472645
441,100,0.024917395702585447
442,100,0.0247681663135389
443,100,0.025352795377606673
444,100,0.02521090713457841
445,100,0.02475779226802805
446,100,0.025391471313534465
447,100,0.025308067256504575
448,100,0.024467647023056694
449,100,0.025273071242111575
450,100,0.02484569141565168
451,100,0.025054676649665406
452,100,0.02554733661948668
453,100,0.025443951625370494
454,100,0.025207283340414794
455,100,0.025050617494482435
456,100,0.025043266834498437
457,100,0.025184622788848136
458,100,0.024483608091136876
459,100,0.025197064193300468
460,100,0.02517351915866963
461,100,0.025439176601327402
462,100,0.02528669626277323
463,100,0.024968247085869602
464,100,0.025006242839754368
465,100,0.025513419242389243
466,100,0.025365110477689065
467,100,0.02466640672013209
468,100,0.024974359779475104
469,100,0.02523815129156263
470,100,0.024684097694481093
471,100,0.024972604925538728
472,100,0.02479968868934909
473,100,0.025092395050136097
474,100,0.025055521719341136
475,100,0.025499805361888984
476,100,0.025498851062679233
477,100,0.025403062330535634
478,100,0.02508713189268507
479,100,0.024816432097168828
480,100,0.024941011519684992
481,100,0.02569058033992699
482,100,0.024718632919716738
483,100,0.024945968724403297
484,100,0.025566540484628964
485,100,0.02468321621193464
486,100,0.02484942924192778
487,100,0.024891544965037073
488,100,0.025350875175230263
489,100,0.02515997115214992
490,100,0.024929188123275305
491,100,0.024893226026136257
492,100,0.025098020242644264
493,100,0.024764933190200587
494,100,0.025253664798571572
495,100,0.02533249582839854
496,100,0.025298023032462882
497,100,0.025412944768123478
498,100,0.025024389973059932
499,100,0.025334685790936486
500,100,0.02534131280081256
501,100,0.02479908094571448
502,100,0.02567709769456395
503,100,0.025040884179833554
504,100,0.02468081996672598
505,100,0.02452973660770553
506,100,0.025145408092682953
507,100,0.025517608767853757
508,100,0.024394827442808034
509,100,0.025588293123413694
510,100,0.024847455050765244
511,100,0.025263572267333553
512,100,0.02551277555750393
513,100,0.02519789359220197
514,100,0.02537304932487585
515,100,0.025218566626657734
516,100,0.025084231384972323
517,100,0.025236625128093937
518,100,0.025375644117352682
519,100,0.02525923745408711
520,100,0.024749364406687503
521,100,0.025461765183736575
522,100,0.02501618501338628
523,100,0.02494331105800559
524,100,0.02505580246178535
525,100,0.02555217034404199
526,100,0.025026472241067643
527,100,0.024670276276848688
528,100,0.025571739336911196
529,100,0.025151262239011547
530,100,0.025344876690193373
531,100,0.02492939442614849
532,100,0.024796721397144932
533,100,0.02579552915198322
534,100,0.025390564485317985
535,100,0.02484838790969349
536,100,0.025250779900238475
537,100,0.024813836413589502
538,100,0.025423841842412732
539,100,0.02547846959587721
540,100,0.025014713064074823
541,100,0.024558076674783
542,100,0.02489486565789476
543,100,0.025066368938275508
544,100,0.02486968584207067
545,100,0.025282833736743986
546,100,0.024977491957695292
547,100,0.024991972451920506
548,100,0.024940981352844956
549,100,0.02507988354981349
550,100,0.024822070949792725
551,100,0.02444607124770004
552,100,0.02484286151188778
553,100,0.024572450170148655
554,100,0.025446632608116682
555,100,0.02542099859400203
556,100,0.02523409499572732
557,100,0.025252541842432533
558,100,0.025079562337896984
559,100,0.024871294305140713
560,100,0.02548134159914856
561,100,0.02471381119116536
562,100,0.025347748716751686
563,100,0.024932707569688437
564,100,0.02471160255973586
565,100,0.024911278953457537
566,100,0.02503947523366622
567,100,0.024907656904960867
568,100,0.02484325459077846
569,100,0.025297398697817667
570,100,0.02509948340590488
571,100,0.02517934814017577
572,100,0.02513537612618067
573,100,0.025146029956540614
574,100,0.024984577471900332
575,100,0.025190521694084644
576,100,0.025032945890551384
577,100,0.02503941370031169
578,100,0.02525788179506902
579,100,0.02515416537989651
580,100,0.025194765820085684
581,100,0.025146605143697463
582,100,0.025332320181031612
583,100,0.025364278395191432
584,100,0.025338991553273304
585,100,0.02501648207925882
586,100,0.025331914794340875
587,100,0.025003937741598106
588,100,0.024759100080716735
589,100,0.0257046675255953
590,100,0.024840580812749938
591,100,0.024932011556062
592,100,0.02504425815044928
593,100,0.025369596441585155
594,100,0.02479816944283058
595,100,0.02538901102586101
596,100,0.025213828888486094
597,100,0.02514802263412469
598,100,0.0253448054672861
599,100,0.025211248153892203
600,100,0.024865120567316656
601,100,0.025656876453927453
602,100,0.02460406196380897
603,100,0.025142787535827906
604,100,0.02549022945828855
605,100,0.02478059405497159
606,100,0.0252235594625906
607,100,0.02503530442498768
608,100,0.025081540513236272
609,100,0.025401761470779723
610,100,0.025394747334715584
611,100,0.02498606504820008
612,100,0.025285500710181864
613,100,0.02562131925016861
614,100,0.024864948630344143
615,100,0.02558155134403447
616,100,0.025304789451748754
617,100,0.025310992313782133
618,100,0.024771500355408874
619,100,0.02534104556281123
620,100,0.02478498219604379
621,100,0.025040898171641755
622,100,0.02523384424523763
623,100,0.025525809887275378
624,100,0.02502768053264812
625,100,0.025034894674432158
626,100,0.024680968260880908
627,100,0.025566272343382438
628,100,0.02526278976249913
629,100,0.02543815361287059
630,100,0.025289673834544387
631,100,0.02514276852467599
632,100,0.02502551254846096
633,100,0.02488816459926191
634,100,0.02488753107330045
635,100,0.025068217805303463
636,100,0.025445280725697583
637,100,0.025206286033236158
638,100,0.024478539540607157
639,100,0.0252652286301957
640,100,0.025123917173119382
641,100,0.02479548775904906
642,100,0.02495631408523428
643,100,0.025398831518448458
644,100,0.025016962488810895
645,100,0.02557200784969582
646,100,0.02540134053215249
647,100,0.02482743105199924
648,100,0.025326912246218324
649,100,0.02580437617994924
650,100,0.02559695564315234
651,100,0.02532189132041123
652,100,0.024664429986391696
653,100,0.025077883709481608
654,100,0.025079948269895777
655,100,0.024983721207930416
656,100,0.025122784637794982
657,100,0.025245237288337666
658,100,0.024596805281350727
659,100,0.025222449420926666
660,100,0.025302748384627184
661,100,0.024907950021264183
662,100,0.024814129824089246
663,100,0.025282519902184712
664,100,0.025502887019668654
665,100,0.02529080586795598
666,100,0.025123260323581257
667,100,0.025074507979250017
668,100,0.025208739353523486
669,100,0.024941931114625587
670,100,0.025362320370947995
671,100,0.025284662868443178
672,100,0.02483803185280224
673,100,0.024848911538701047
674,100,0.02529814809886598
675,100,0.02506319070568016
676,100,0.024780060876061365
677,100,0.0249957586613749
678,100,0.0249403579591558
679,100,0.024863779206576727
680,100,0.02559514900584845
681,100,0.025191822883168468
682,100,0.02487049364235895
683,100,0.024834417582733456
684,100,0.02533451047066287
685,100,0.02511876807876204
686,100,0.0251424413535601
687,100,0.02478491111698469
688,100,0.025448342072655793
689,100,0.02529518294060944
690,100,0.024665461921641294
691,100,0.02494103635955828
692,100,0.02522011954220612
693,100,0.02538558356732813
694,100,0.025525082857806594
695,100,0.02532725483017763
696,100,0.0251755979393922
697,100,0.02513878620508668
698,100,0.025215352630868486
699,100,0.025109210056339804
700,100,0.02495441263759109
701,100,0.02503800284016983
702,100,0.02507283643500562
703,100,0.025439263175884408
704,100,0.025080369326644533
705,100,0.025455947534319474
706,100,0.025134725557174168
707,100,0.024703280231994917
708,100,0.024849244617825696
709,100,0.024912717017925242
710,100,0.02530337613580965
711,100,0.025323132101104595
712,100,0.0254791096953459
713,100,0.02444240745904886
714,100,0.02453083258279112
715,100,0.025593391283669293
716,100,0.024854513911908075
717,100,0.02526652096256785
718,100,0.024862334311372962
719,100,0.0251158513240762
720,100,0.02557519169362229
721,100,0.024940313301201087
722,100,0.025099385086081814
723,100,0.024733978677968196
724,100,0.025499797315574415
725,100,0.02513668461527099
726,100,0.024802535148838182
727,100,0.0254034327163989
728,100,0.025181518371738723
729,100,0.02599365909189091
730,100,0.02534053921960291
731,100,0.025024994460029086
732,100,0.025000247128105436
733,100,0.025009412515021194
734,100,0.024906353572590793
735,100,0.025176849681180745
736,100,0.025201546607577657
737,100,0.025186607648197724
738,100,0.025389601099355494
739,100,0.02505981171537099
740,100,0.024930878591030287
741,100,0.02488526830481815
742,100,0.025521672858816263
743,100,0.02559100160979293
744,100,0.02521636116577777
745,100,0.024762162596711858
746,100,0.025025066269398075
747,100,0.025251601022228606
748,100,0.02519217273598365
749,100,0.0247607093990544
750,100,0.02551722316406203
751,100,0.024896373176288986
752,100,0.02471892731274778
753,100,0.024916612077189933
754,100,0.0249133739600393
755,100,0.024978757839429867
756,100,0.02508384368087584
757,100,0.025214745707048656
758,100,0.024497050890581004
759,100,0.024493297504423528
760,100,0.024980109339626237
761,100,0.024724720322055166
762,100,0.024966371795202114
763,100,0.025299808500165687
764,100,0.024952408235746418
765,100,0.02469352344281139
766,100,0.024993852097367156
767,100,0.02486498683089872
768,100,0.02516903833241195
769,100,0.025087955340109214
770,100,0.024861269198909332
771,100,0.025181818806807033
772,100,0.025232382822641196
773,100,0.025269735793695784
774,100,0.024911918276626713
775,100,0.02517031102915107
776,100,0.025328046830965602
777,100,0.02514661088622501
778,100,0.02566730322473305
779,100,0.02441053486281935
780,100,0.025534231509195048
781,100,0.025099128428272593
782,100,0.025292527501857617
783,100,0.024814337632885604
784,100,0.025219672020614516
785,100,0.024668235074417656
786,100,0.024801444506672217
787,100,0.024779867486687274
788,100,0.024868391483897093
789,100,0.025561884622957998
790,100,0.02492685595419547
791,100,0.02500752132975372
792,100,0.024442233401259974
793,100,0.025299421936225717
794,100,0.025121184694547164
795,100,0.025125057017699685
796,100,0.025317214198294878
797,100,0.025068461201920234
798,100,0.02554526269098674
799,100,0.02491637110373518
800,100,0.0255148759914839
801,100,0.025027326272681852
802,100,0.025287435501539883
803,100,0.025159296617953165
804,100,0.02486410856452095
805,100,0.025168563453120775
806,100,0.025169623319044196
807,100,0.024740818829490092
808,100,0.024698586923096535
809,100,0.025131391177611147
810,100,0.025205623215100035
811,100,0.024968020068622934
812,100,0.024449016619669407
813,100,0.024807932238931383
814,100,0.024754580396533533
815,100,0.02489103855954265
816,100,0.02553762587883199
817,100,0.025133566540511063
818,100,0.024926657929717138
819,100,0.024972855891171663
820,100,0.02489817418547135
821,100,0.02528622362706086
822,100,0.024868402800500396
823,100,0.0252185356636262
824,100,0.025023997274281444
825,100,0.02530469270023722
826,100,0.024961355066414108
827,100,0.025031512481615087
828,100,0.02555274358904838
829,100,0.024624820851865185
830,100,0.025581342752874936
831,100,0.025172803715025366
832,100,0.025407505509922487
833,100,0.025217207431037662
834,100,0.025591661505493603
835,100,0.024921573919271592
836,100,0.02517125607924038
837,100,0.02500002299995689
838,100,0.024708388925627246
839,100,0.02503128389109054
840,100,0.025197541900498346
841,100,0.024748163136447482
842,100,0.02499794295759673
843,100,0.02520430809540168
844,100,0.02550095358499261
845,100,0.025457734659111064
846,100,0.024713932208366964
847,100,0.024856881499061994
848,100,0.025063365789324443
849,100,0.02551226294747768
850,100,0.02510437717128729
851,100,0.024906308063332258
852,100,0.02515604214039342
853,100,0.0251851296400555
854,100,0.024617513179645348
855,100,0.02484503976647567
856,100,0.024756108485854845
857,100,0.025200111414897922
858,100,0.02502857788094569
859,100,0.02502973454244605
860,100,0.02492795087449862
861,100,0.025176855980281836
862,100,0.02478169453065196
863,100,0.024670570706874714
864,100,0.02546174963788528
865,100,0.024807145302117452
866,100,0.02530778559477045
867,100,0.02525163716317545
868,100,0.025256113080736504
869,100,0.025148914193034482
870,100,0.025268493511436518
871,100,0.025105370546481567
872,100,0.025448119958226885
873,100,0.025295462757187887
874,100,0.024653622106304587
875,100,0.025455543682219327
876,100,0.02536095319234189
877,100,0.025004436118339256
878,100,0.025469238262148065
879,100,0.025500742138819883
880,100,0.02500848306585191
881,100,0.024710283248366095
882,100,0.025670212604896256
883,100,0.024806478746234976
884,100,0.025284714071264817
885,100,0.02483080315323131
886,100,0.02440383677130638
887,100,0.02514300801411992
888,100,0.025334458696845457
889,100,0.02541527254575668
890,100,0.024988604618584778
891,100,0.025301306488481844
892,100,0.024593156814383607
893,100,0.02509018878822212
894,100,0.025374006229239812
895,100,0.024377708525920964
896,100,0.02548747049369695
897,100,0.02507293091988247
898,100,0.02472555730923804
899,100,0.025155093845070847
900,100,0.025002562653680553
901,100,0.02526698186204595
902,100,0.025137926704242346
903,100,0.02470644644412682
904,100,0.024774542881858562
905,100,0.02500550942205869
906,100,0.025259334357180915
907,100,0.025028412177731142
908,100,0.024742773136888427
909,100,0.0244054637148098
910,100,0.024808553959296292
911,100,0.025774232938425876
912,100,0.024895815240736405
913,100,0.02480660410584125
914,100,0.024758571952258886
915,100,0.025268303162269308
916,100,0.02466648088108674
917,100,0.024903538923413508
918,100,0.02518677467896187
919,100,0.0256033918385275
920,100,0.02502249191406232
921,100,0.024997157203916105
922,100,0.025169614908964223
923,100,0.025076801320238037
924,100,0.02539228915533166
925,100,0.02483651232303453
926,100,0.025001909644694755
927,100,0.024649753071355775
928,100,0.025410842299668293
929,100,0.02521991377584614
930,100,0.02526810537117126
931,100,0.024975685626514973
932,100,0.024758210631609708
933,100,0.025379613200006028
934,100,0.025430037541037342
935,100,0.025167993448400896
936,100,0.024911507864392824
937,100,0.025237518106039695
938,100,0.02498634674662531
939,100,0.024920040719094427
940,100,0.025129650878708536
941,100,0.025085025567397206
942,100,0.024997584666445062
943,100,0.024668415992344213
944,100,0.025576091630172056
945,100,0.02447399518274898
946,100,0.025237792179085596
947,100,0.02501029768987941
948,100,0.0252312186988536
949,100,0.024872905512920495
950,100,0.025043339841022097
951,100,0.02451389850653101
952,100,0.025095906530323193
953,100,0.02553501924689609
954,100,0.02524429599640384
955,100,0.02501468436580109
956,100,0.02528946997178603
957,100,0.02496476187940884
958,100,0.02527473966969271
959,100,0.02496622011114667
960,100,0.025210811096726064
961,100,0.02522206963512485
962,100,0.02534751842436254
963,100,0.025248792094050482
964,100,0.0252639531383848
965,100,0.024957504857314673
966,100,0.024713620560761273
967,100,0.024938502621247426
968,100,0.02511015898297038
969,100,0.02516539892673924
970,100,0.02505906412754963
971,100,0.025709143144032793
972,100,0.024880325833496617
973,100,0.025371762140596638
974,100,0.025166964049437322
975,100,0.025577442676649062
976,100,0.02528289557379063
977,100,0.024776452281410614
978,100,0.02472764897183559
979,100,0.0255128361644553
980,100,0.025567048777846428
981,100,0.02453600177407971
982,100,0.02481713091891883
983,100,0.02517474436414228
984,100,0.02502908760781045
985,100,0.025131941699706527
986,100,0.02520606794855305
987,100,0.025221555424840652
988,100,0.02507804246988324
989,100,0.02532736746888757
990,100,0.025198215921276242
991,100,0.025112247017495017
992,100,0.024806761876957316
993,100,0.025347672258349538
994,100,0.025397870224741444
995,100,0.02502156385947409
996,100,0.02467078822046613
997,100,0.02460920693305925
998,100,0.024931299294468093
999,100,0.025030688365681168
1000,100,0.024921184357789852
1001,100,0.024718840754797057
1002,100,0.02543860002660067
1003,100,0.024677955188715486
1004,100,0.02534643598602242
1005,100,0.02538569389277985
1006,100,0.02491817281289848
1007,100,0.025696282436518673
1008,100,0.025176500680257136
1009,100,0.025264949147696506
1010,100,0.025144899540975745
1011,100,0.024886465533154767
1012,100,0.025002526479681417
1013,100,0.025080983381738316
1014,100,0.02507362453942163
1015,100,0.024838300711835546
1016,100,0.025155798542933303
1017,100,0.025388965257769305
1018,100,0.025148196727340026
1019,100,0.025069688225067277
1020,100,0.02456095340656591
1021,100,0.024940122722882513
1022,100,0.02529681530454276
1023,100,0.025277755186765286
1024,100,0.024954068355534615
1025,100,0.025321441757007804
1026,100,0.024778039241703215
1027,100,0.025593223305611725
1028,100,0.02499571780819587
1029,100,0.025380854313891036
1030,100,0.024723973818130327
1031,100,0.025149542830042455
1032,100,0.024567472594359915
1033,100,0.025104415321608464
1034,100,0.02484092589957974
1035,100,0.025209186351348747
1036,100,0.02549641242081281
1037,100,0.02482470813508953
1038,100,0.025157902617177673
1039,100,0.024913070737079712
1040,100,0.025119799763660203
1041,100,0.024973994196714047
1042,100,0.02562700674917375
1043,100,0.024498912506158585
1044,100,0.0250545903122712
1045,100,0.025229744712438
1046,100,0.02525336803493584
1047,100,0.024768421379537966
1048,100,0.024706138524942117
1049,100,0.02512217709776266
1050,100,0.025392219992569617
1051,100,0.024764352486491018
1052,100,0.02479987465226955
1053,100,0.025041178733684343
1054,100,0.025501579750053467
1055,100,0.024865285338166482
1056,100,0.02527914628806622
1057,100,0.025395173385165667
1058,100,0.024967089025830398
1059,100,0.02539719377394095
1060,100,0.024899137183817463
1061,100,0.024962315629213354
1062,100,0.024886729496241648
1063,100,0.025354471217936558
1064,100,0.0251525872360637
1065,100,0.024624132180690404
1066,100,0.02568798106977304
1067,100,0.024772774475864155
1068,100,0.02508485619123193
1069,100,0.02481794229316787
1070,100,0.02451552868176058
1071,100,0.025516958124960812
1072,100,0.025461137488449498
1073,100,0.025118314716792715
1074,100,0.02485683428345701
1075,100,0.02467863236439604
1076,100,0.025647720134659453
1077,100,0.02505786415595684
1078,100,0.02540176422253185
1079,100,0.025373039502867675
1080,100,0.02512702095848076
1081,100,0.02537726493164087
1082,100,0.025402054487068223
1083,100,0.02491548821436827
1084,100,0.02535349490710334
1085,100,0.025144824473533202
1086,100,0.024997190890090018
1087,100,0.024792882384836873
1088,100,0.02533946658528479
1089,100,0.024900958249862538
1090,100,0.025160725080211374
1091,100,0.025096417559622896
1092,100,0.02513432186273859
1093,100,0.02477249407594418
1094,100,0.02469582430211156
1095,100,0.02517122262816993
1096,100,0.024854967174164806
1097,100,0.024754413627360233
1098,100,0.025312554920458474
1099,100,0.024686277887656625
1100,100,0.025300207521868377
1101,100,0.02475983688688428
1102,100,0.02534178845595748
1103,100,0.025175938431117664
1104,100,0.024752064226609458
1105,100,0.024684229387342233
1106,100,0.025573031711731316
1107,100,0.024823195035896316
1108,100,0.024972870477616687
1109,100,0.025318319249381577
1110,100,0.02502188467439661
1111,100,0.025626701768064964
1112,100,0.025414464244236153
1113,100,0.025075223463182982
1114,100,0.024660634938850446
1115,100,0.02579240466390053
1116,100,0.02536246353079042
1117,100,0.02496055450793505
1118,100,0.0249626221647823
1119,100,0.024951272457090324
1120,100,0.025162474443343116
1121,100,0.025409187582158346
1122,100,0.025420482526057223
1123,100,0.024457027469150516
1124,100,0.02475056500198761
1125,100,0.02481096081106501
1126,100,0.025104156194560516
1127,100,0.024814946504131467
1128,100,0.024663122554968282
1129,100,0.024770698905698912
1130,100,0.02552160219239337
1131,100,0.02528082779217292
1132,100,0.02545644928090194
1133,100,0.02511692582915017
1134,100,0.02525340870027084
1135,100,0.02530958387088553
1136,100,0.02507336719168329
1137,100,0.02571075877202952
1138,100,0.025266293151388237
1139,100,0.025553230262471905
1140,100,0.02508707310443613
1141,100,0.02483832683018356
1142,100,0.025327697679905854
1143,100,0.02499935498885616
1144,100,0.025385062929249066
1145,100,0.025253732793584855
1146,100,0.025450125223157823
1147,100,0.025167258303257525
1148,100,0.025558828389360102
1149,100,0.025075679521817124
1150,100,0.024901785555261714
1151,100,0.02517840085160071
1152,100,0.02539975514572974
1153,100,0.025308598766252938
1154,100,0.025076627477019768
1155,100,0.025004998474476025
1156,100,0.025117433679414134
1157,100,0.024931796472459203
1158,100,0.025171421989095343
1159,100,0.02504706890559299
1160,100,0.02534752486318273
1161,100,0.02531227305069803
1162,100,0.024917180713715955
1163,100,0.02510222323246958
1164,100,0.025033518766266548
1165,100,0.02468869647676607
1166,100,0.02518722596940296
1167,100,0.025662130550264894
1168,100,0.025266334843822933
1169,100,0.025121943980606135
1170,100,0.0249363952323897
1171,100,0.024981863149555507
1172,100,0.02519356241874749
1173,100,0.02557002601435159
1174,100,0.02548283229732592
1175,100,0.025039849356723817
1176,100,0.025503161101040308
1177,100,0.02536212843655713
1178,100,0.024864244615893004
1179,100,0.025064498106541017
1180,100,0.025655435639329472
1181,100,0.025243256598066
1182,100,0.02529113342912024
1183,100,0.025009292793143876
1184,100,0.024896549372599396
1185,100,0.02476505698596316
1186,100,0.024804266837242447
1187,100,0.024818632611758484
1188,100,0.02555331535707208
1189,100,0.025288076882578878
1190,100,0.025118522586117475
1191,100,0.02492417219445139
1192,100,0.025221419018510372
1193,100,0.02512974024702445
1194,100,0.024464223152610674
1195,100,0.025349417998500018
1196,100,0.025174521847681815
1197,100,0.025135692717678168
1198,100,0.025064367896328456
1199,100,0.024852130892402048
1200,100,0.025584261383631825
1201,100,0.025422262074501257
1202,100,0.025436290261259726
1203,100,0.02544920909832564
1204,100,0.024978643443120382
1205,100,0.025420513575600823
1206,100,0.0247322103912669
1207,100,0.025187041970912406
1208,100,0.02520742253835923
1209,100,0.02480897039112703
1210,100,0.024997676684379584
1211,100,0.025093886264787466
1212,100,0.024985399083136867
1213,100,0.02488332023679406
1214,100,0.024852805302316934
1215,100,0.025155608716415194
1216,100,0.025382583400137458
1217,100,0.025044949797339427
1218,100,0.025622256206458957
1219,100,0.02479949935181041
1220,100,0.024711803366978913
1221,100,0.024923229138198628
1222,100,0.025282289799482074
1223,100,0.02514760715593238
1224,100,0.025101797389161098
1225,100,0.02463479006472526
1226,100,0.025466661722309974
1227,100,0.025563421764001594
1228,100,0.025323713717497028
1229,100,0.024728719144594277
1230,100,0.0252490949214203
1231,100,0.024691215860312234
1232,100,0.025223993482698746
1233,100,0.025327724202066464
1234,100,0.02510912340770342
1235,100,0.025032784990333855
1236,100,0.02531250922732481
1237,100,0.02514846981094737
1238,100,0.025131869895496838
1239,100,0.02561061978109577
1240,100,0.025277466165696184
1241,100,0.02440204415129467
1242,100,0.02483962824253954
1243,100,0.02492271869107585
1244,100,0.024694826941607764
1245,100,0.02522682017056184
1246,100,0.024647104076296826
1247,100,0.02526380196830599
1248,100,0.024892047995625548
1249,100,0.0247119945629834
1250,100,0.025385623682726035
1251,100,0.025098345105086746
1252,100,0.025240352246315517
1253,100,0.02521183640480671
1254,100,0.025287871288032306
1255,100,0.025468869308850593
1256,100,0.02533184605100299
1257,100,0.024729602619866082
1258,100,0.024871523539258714
1259,100,0.024620387268872765
1260,100,0.02508728236666535
1261,100,0.02507550969575964
1262,100,0.025176067787955312
1263,100,0.024688510612297005
1264,100,0.025435362524296627
1265,100,0.02470421132069098
1266,100,0.02533774841889335
1267,100,0.025050949565553485
1268,100,0.024975969975061012
1269,100,0.024909395711866386
1270,100,0.02499733659901842
1271,100,0.02538649696284513
1272,100,0.025042849731329767
1273,100,0.0251512477561155
1274,100,0.02545698818546994
1275,100,0.025112688420953426
1276,100,0.025148559712233214
1277,100,0.025343237297004734
1278,100,0.025144112401961793
1279,100,0.024893401951573774
1280,100,0.024789592267203717
1281,100,0.02514155616506778
1282,100,0.025018028754157155
1283,100,0.025154912581808898
1284,100,0.025133923430600728
1285,100,0.0252320605408325
1286,100,0.025255759795490263
1287,100,0.025317938748687086
1288,100,0.024877992392909266
1289,100,0.024664052412103045
1290,100,0.02509996669640749
1291,100,0.024512231632094834
1292,100,0.024736605101611298
1293,100,0.024884775732404534
1294,100,0.025198870599505364
1295,100,0.024935915324567064
1296,100,0.025007652437651177
1297,100,0.024807254099774825
1298,100,0.025084716219492854
1299,100,0.02564070892413131
1300,100,0.025085861184913325
1301,100,0.02504784354956186
1302,100,0.02502300477964948
1303,100,0.025239264564555008
1304,100,0.02500242375452194
1305,100,0.024890758774826195
1306,100,0.02527844531262277
1307,100,0.02478071023174275
1308,100,0.025105863870967835
1309,100,0.024588217278960753
1310,100,0.024826464530701527
1311,100,0.02501897412491816
1312,100,0.024818553385110426
1313,100,0.025059523327401585
1314,100,0.024530041483643905
1315,100,0.025303941030443294
1316,100,0.02511174201545091
1317,100,0.025243344184946583
1318,100,0.025089563682646396
1319,100,0.025111347700857677
1320,100,0.02539362266809663
1321,100,0.025844047412495113
1322,100,0.025307939684297415
1323,100,0.02470663060102853
1324,100,0.02513123231231194
1325,100,0.02493008054304518
1326,100,0.02480208736425091
1327,100,0.02509307419613743
1328,100,0.02482579867629169
1329,100,0.02513764359812085
1330,100,0.02506366550584119
1331,100,0.02533439235882603
1332,100,0.025152750350006324
1333,100,0.024920223900242237
1334,100,0.024394011468269187
1335,100,0.024908392510212866
1336,100,0.02553560550930928
1337,100,0.02523606900846724
1338,100,0.025332121878136583
1339,100,0.025598956643811385
1340,100,0.024886274471664437
1341,100,0.02514274660686663
1342,100,0.025342829445636993
1343,100,0.024449492466683407
1344,100,0.025578568914308583
1345,100,0.025760559679210922
1346,100,0.024729162801791903
1347,100,0.025306074948182492
1348,100,0.025345557548169886
1349,100,0.024780016961168116
1350,100,0.02495756461348223
1351,100,0.025131784611426584
1352,100,0.025405526372605854
1353,100,0.025458974968023955
1354,100,0.025878852642410924
1355,100,0.025440109780720255
1356,100,0.025223773092921894
1357,100,0.025201205781785474
1358,100,0.024602788609926166
1359,100,0.025059191803070237
1360,100,0.025267494360782967
1361,100,0.025263776806059943
1362,100,0.02523883850711761
1363,100,0.025099064314131433
1364,100,0.024905255299374728
1365,100,0.025243862460775764
1366,100,0.025102065750645858
1367,100,0.025532367552016707
1368,100,0.025225403625526457
1369,100,0.025046335712268098
1370,100,0.02507987206108605
1371,100,0.025446855262237313
1372,100,0.025006626054196134
1373,100,0.024977847483150562
1374,100,0.025058639755910692
1375,100,0.025144081108203774
1376,100,0.02520892653567308
1377,100,0.025264084293138128
1378,100,0.025298558410522237
1379,100,0.025554346337486916
1380,100,0.025273169971603615
1381,100,0.0252643728449147
1382,100,0.025240322950980804
1383,100,0.024809008690949694
1384,100,0.02532324025451435
1385,100,0.025444284777401096
1386,100,0.02479493451935227
1387,100,0.024822850660343995
1388,100,0.02531744163589696
1389,100,0.024820893644479123
1390,100,0.024966538035984788
1391,100,0.024610757694895555
1392,100,0.025394314907200326
1393,100,0.025043465893058985
1394,100,0.025117885900693207
1395,100,0.025136478518475953
1396,100,0.02524149332133611
1397,100,0.025113129467080265
1398,100,0.02487691229799258
1399,100,0.024672544305177534
1400,100,0.024855554215498742
1401,100,0.02522174291066035
1402,100,0.02502953130787956
1403,100,0.025438010458137858
1404,100,0.025234147433498166
1405,100,0.025160732774987673
1406,100,0.025038525767934472
1407,100,0.024745350413784645
1408,100,0.02512822856777295
1409,100,0.025401728438480074
1410,100,0.02534445595112068
1411,100,0.024850059986229286
1412,100,0.025167120966293484
1413,100,0.025186214376849387
1414,100,0.02506355488561954
1415,100,0.02559075209294284
1416,100,0.025201827549398377
1417,100,0.025630245843032695
1418,100,0.025049258001523227
1419,100,0.024791713759823423
1420,100,0.024939408732678307
1421,100,0.024413233170362772
1422,100,0.025002460931998875
1423,100,0.02461490677868718
1424,100,0.024705258876786023
1425,100,0.025116819943726183
1426,100,0.024335050405058036
1427,100,0.02527573191690485
1428,100,0.024566077713802304
1429,100,0.025192027251693814
1430,100,0.02477953962024275
1431,100,0.025269230707792134
1432,100,0.02558718658401134
1433,100,0.02521180238690067
1434,100,0.025071497630475833
1435,100,0.025166308875456095
1436,100,0.025259316372252795
1437,99,0.024916107308703674
1438,99,0.024112592037790006
1439,99,0.024770136970926254
1440,99,0.024485122275595825
1441,99,0.024798677000020038
1442,99,0.02462439647862288
1443,99,0.024680143177506823
1444,99,0.0247352435659475
1445,99,0.024922125238251033
1446,99,0.02476615954866252
1447,99,0.02507273627285974
1448,99,0.025519733698318954
1449,99,0.02500363309111212
1450,99,0.02459663955492432
1451,99,0.02462996197512568
1452,99,0.024598761246023157
1453,99,0.024714361670876726
1454,99,0.02466314269117793
1455,99,0.02453543535096254
1456,99,0.024707899590608352
1457,99,0.024622235622559507
1458,99,0.025275077253282485
1459,99,0.024842349399362064
1460,99,0.024837335862292562
1461,99,0.024694365094037
1462,99,0.02502466967224866
1463,99,0.02478499026892723
1464,99,0.025329893839867258
1465,99,0.024817130418286457
1466,99,0.024380385928952468
1467,99,0.02448788803546107
1468,99,0.024776958148149102
1469,99,0.024612537063994144
1470,99,0.024881174022931236
1471,99,0.02494438259389369
1472,99,0.024483890372595622
1473,99,0.02473046749026561
1474,99,0.02434769450655702
1475,99,0.025203991843796077
1476,99,0.02507713008707395
1477,99,0.024806637532400484
1478,99,0.0247657574431686
1479,99,0.02504256976467558
1480,99,0.025007259705861935
1481,99,0.02509815676007435
1482,99,0.024861352084692503
1483,99,0.024891773520344808
1484,99,0.025521172912567357
1485,99,0.025163563779052697
1486,99,0.024853593641832494
1487,99,0.024432850007026913
1488,99,0.024699886311399234
1489,99,0.025342709203078063
1490,99,0.024759319758143987
1491,99,0.024733283814245527
1492,99,0.025188128958340623
1493,99,0.024689779376418895
1494,99,0.024960513042448236
1495,99,0.025127200607229762
1496,99,0.0248003982345893
1497,99,0.024606526776409652
1498,99,0.025252759380929784
1499,99,0.025082742798567596
1500,99,0.02492002085520028
1501,99,0.024523040286843358
1502,99,0.024699740163003678
1503,99,0.024865320390082053
1504,99,0.025146733665413923
1505,99,0.024676445119963024
1506,98,0.024924749466118303
1507,98,0.024769623040362485
1508,98,0.02519911976416888
1509,98,0.025056006840050094
1510,98,0.02441540944229342
1511,98,0.024714219964354134
1512,98,0.02472410091295509
1513,98,0.025211721849658173
1514,98,0.024202936365646355
1515,98,0.02517714914554975
1516,98,0.024947513261426035
1517,98,0.02510581392098
1518,98,0.024585589943610875
1519,98,0.024864568217700618
1520,98,0.024733291399584457
1521,98,0.02519289167189139
1522,98,0.024625968184011304
1523,98,0.024854943190532674
1524,98,0.02465868188555028
1525,98,0.024615116866029265
1526,98,0.0247277172191626
1527,98,0.024658815323037996
1528,98,0.024643075545087035
1529,98,0.02437234285041225
1530,98,0.02558584727356396
1531,98,0.02445524089051867
1532,98,0.02521726785076384
1533,98,0.024544969980387528
1534,98,0.024678778984844798
1535,98,0.024319964334362017
1536,98,0.02482520652793234
1537,98,0.024580156401968173
1538,98,0.02484059682036815
1539,98,0.024825878785305698
1540,98,0.02440994448949487
1541,98,0.024402702815454803
1542,98,0.025054231831844367
1543,98,0.02441742717370421
1544,98,0.02446585372342933
1545,98,0.02537592873432797
1546,97,0.024501587759746663
1547,97,0.0248518931422188
1548,97,0.02412896881748736
1549,97,0.024336579889929644
1550,97,0.02433559169061986
1551,97,0.024492815213204993
1552,97,0.025135582015363606
1553,97,0.024345850975896435
1554,97,0.02463848778072122
1555,97,0.023985439510428287
1556,97,0.024567666651163552
1557,97,0.024619550410737257
1558,97,0.024113835622009222
1559,97,0.0245931968049287
1560,97,0.024406864449480134
1561,97,0.02457835392257058
1562,97,0.024408971276353025
1563,97,0.025059587818771954
1564,97,0.024583686602727764
1565,97,0.024645250557102642
1566,97,0.02464483911166094
1567,97,0.024061122182957497
1568,97,0.024786769706854603
1569,97,0.02472004117095076
1570,97,0.024406315673907584
1571,97,0.02472085989923738
1572,97,0.024014752295823706
1573,97,0.024551510113469812
1574,97,0.02507056075130538
1575,97,0.024452685083339344
1576,97,0.02478773194033233
1577,97,0.02512832686898762
1578,97,0.02451497419777659
1579,97,0.024775880139906007
1580,97,0.024848774334113977
1581,97,0.02442141180849832
1582,97,0.024527312559684804
1583,97,0.02504368313407129
1584,97,0.02462533842281235
1585,97,0.02406712028788077
1586,97,0.02414043232443191
1587,97,0.024452904962816702
1588,97,0.024976231426819668
1589,97,0.02451967297372726
1590,97,0.024454902905894416
1591,97,0.02428459542326997
1592,97,0.024000272149450587
1593,97,0.024753979153039667
1594,97,0.025219094808446023
1595,97,0.024254621417078508
1596,97,0.024409930483041853
1597,97,0.02447990834361695
1598,97,0.024471082627748317
1599,97,0.02467581992180287
1600,97,0.02449470426428855
1601,97,0.024626317790191907
1602,97,0.024304468881313216
1603,97,0.024715965884109257
1604,97,0.024541339140467067
1605,97,0.025122193223914898
1606,97,0.024623148865903843
1607,97,0.024648666861209857
1608,97,0.024565483145745276
1609,97,0.024177601224579105
1610,96,0.02513625036614113
1611,96,0.024768459387446207
1612,96,0.02384260811430219
1613,96,0.02406280699986914
1614,96,0.02347121896461451
1615,96,0.024323346015603035
1616,96,0.02366894172325637
1617,96,0.02453933858983768
1618,96,0.02487328172122083
1619,96,0.024287479282395514
1620,95,0.024247647024527665
1621,95,0.02401721599872452
1622,95,0.024494051631305497
1623,95,0.023994851813929907
1624,95,0.02381801502771173
1625,95,0.024052536199716836
1626,95,0.023284545865913654
1627,95,0.02402838117417017
1628,95,0.023933062912072842
1629,95,0.02406161509370967
1630,95,0.023804222126565473
1631,95,0.02358595377967237
1632,95,0.0241714111208427
1633,95,0.02422562940403387
1634,95,0.024321211300990304
1635,95,0.024159134172374256
1636,95,0.024292156905860746
1637,95,0.024066149767689192
1638,95,0.024235413793237404
1639,95,0.023934393178275948
1640,95,0.02436553590480445
1641,95,0.02455465951302012
1642,95,0.023753622598929203
1643,95,0.023770095745760403
1644,95,0.02471803088118202
1645,95,0.023468715445599742
1646,95,0.024136680417080458
1647,95,0.0243144654312531
1648,94,0.024172628204916707
1649,94,0.02353217336863353
1650,94,0.02433563708043908
1651,94,0.023949908569987396
1652,94,0.0238034126873709
1653,94,0.023988230669740953
1654,94,0.02364303462635269
1655,94,0.023494453128037537
1656,94,0.024421083099984243
1657,94,0.023537213874002243
1658,94,0.02382194582449302
1659,94,0.024027775198803038
1660,94,0.02392033819681585
1661,94,0.02383166083241932
1662,94,0.023438118036971878
1663,94,0.023743777257552806
1664,94,0.023747511138300856
1665,94,0.023617389035510333
1666,94,0.024068710310723756
1667,94,0.024060109397808487
1668,94,0.023799155778214575
1669,94,0.023969262962497993
1670,94,0.024211321442894812
1671,94,0.02411117374851409
1672,94,0.023537074567495674
1673,94,0.024098553154687473
1674,94,0.024463971726419505
1675,94,0.024028896305827448
1676,94,0.023461447459503747
1677,94,0.02440336258185417
1678,94,0.02404231023431418
1679,94,0.023515405738150103
1680,94,0.023805086745250625
1681,94,0.023502444664740975
1682,94,0.023896320971650706
1683,94,0.023812366832005407
1684,94,0.023708817645196417
1685,94,0.023674163728239384
1686,93,0.02327226279135697
1687,93,0.023619066848083924
1688,93,0.023601430093242108
1689,93,0.023649320098237964
1690,92,0.023091124943931167
1691,92,0.023155157736213954
1692,92,0.0236024978449189
1693,92,0.022861996255508582
1694,92,0.02323487612756843
1695,92,0.02339284983247035
1696,92,0.023446093509446674
1697,92,0.02316044611276106
1698,92,0.02374126448876768
1699,92,0.02373894750230028
1700,92,0.023371496606134953
1701,92,0.023177591496478987
1702,92,0.023680923903193363
1703,92,0.023861532450175218
1704,92,0.023779379694995995
1705,92,0.02378397202064117
1706,92,0.023551738680090393
1707,92,0.02346037539086182
1708,92,0.023394676426942627
1709,92,0.02363027545737873
1710,92,0.023527264627098476
1711,92,0.023524783841079238
1712,92,0.024099686773784004
1713,92,0.023597144772858934
1714,92,0.023432310680624763
1715,92,0.022824056239406167
1716,92,0.022653327744554794
1717,92,0.02340154696322352
1718,92,0.023195979950459803
1719,92,0.023932925898833807
1720,92,0.02312932988105989
1721,92,0.023571456862487412
1722,92,0.02319535695181301
1723,92,0.023512353514859717
1724,92,0.0235225951872477
1725,92,0.02368765141908152
1726,92,0.023537048190228414
1727,92,0.023000574837614793
1728,92,0.02328742409212759
1729,92,0.023847619897396595
1730,92,0.023261172776977136
1731,92,0.023484332609279932
1732,92,0.02336756224908925
1733,92,0.023726073809478745
1734,92,0.022700862826825527
1735,92,0.023605022157553075
1736,92,0.02397305154727879
1737,92,0.023426446034738976
1738,91,0.023305585352229367
1739,91,0.02285434640274333
1740,91,0.023091644455665594
1741,91,0.023240491070184645
1742,91,0.02316640892515505
1743,91,0.0228520566078128
1744,91,0.022958478561612376
1745,91,0.023041138105369174
1746,91,0.023215291406583936
1747,91,0.02269382300432659
1748,91,0.02331874820734083
1749,91,0.022676527314231445
1750,90,0.02322474847078552
1751,90,0.022838396408112974
1752,90,0.02345081665413655
1753,89,0.023406783522622748
1754,89,0.02274799335191119
1755,89,0.022450124345872773
1756,89,0.02252857642200202
1757,89,0.022852667992599513
1758,89,0.022752815047947076
1759,89,0.022867432943218743
1760,89,0.022229935684484017
1761,89,0.02323410072272232
1762,88,0.02274040104693528
1763,88,0.022830476839686656
1764,88,0.022659152480826374
1765,88,0.022509012669497206
1766,88,0.022646710406913302
1767,88,0.02231248120028122
1768,88,0.02234830924809275
1769,88,0.02218559144633402
1770,88,0.02261211630778773
1771,88,0.02204079512003161
1772,88,0.022735354430784588
1773,88,0.022051595980264047
1774,88,0.022850421760861446
1775,88,0.022574333098658313
1776,88,0.022988637014874174
1777,88,0.022117536986100764
1778,88,0.022541616932163583
1779,88,0.02294108148228134
1780,88,0.022913714403680428
1781,88,0.022312822099913747
1782,88,0.021779974791009227
1783,88,0.02284769869897725
1784,88,0.02290753001414341
1785,88,0.022614736313419093
1786,88,0.022359985618579447
1787,88,0.023176006377370086
1788,88,0.022554921843421966
1789,88,0.022835948238487128
1790,88,0.022186876439742383
1791,88,0.02313843313293219
1792,88,0.02206446674185891
1793,88,0.022918777095489107
1794,88,0.022912603042538386
1795,88,0.022469981899631376
1796,88,0.02239884298092505
1797,88,0.022961385615574464
1798,88,0.02301108663364893
1799,88,0.022258015057930437
1800,88,0.022464331370350487
1801,88,0.02226758916366386
1802,88,0.02260999122389368
1803,88,0.022090882253670285
1804,88,0.021926588017577124
1805,88,0.022654007147777013
1806,88,0.02284042851106436
1807,88,0.022516156137316386
1808,88,0.02328990554452391
1809,88,0.022791361495861313
1810,88,0.022428904530986657
1811,88,0.022202007799732665
1812,88,0.02248661013289356
1813,88,0.02237089751899865
1814,88,0.02254312104520611
1815,88,0.02309631056014815
1816,88,0.022322243359716238
1817,88,0.02218459866235735
1818,88,0.02261563976945726
1819,88,0.022582282938055635
1820,88,0.023020571862637586
1821,88,0.022543589490757462
1822,88,0.022299245674709953
1823,88,0.022463798000957533
1824,88,0.02190065986725042
1825,88,0.022506101349925697
1826,88,0.022148181852525557
1827,88,0.023004112824392388
1828,88,0.022688396064019657
1829,88,0.022598118266175322
1830,88,0.022465526132834417
1831,88,0.022507349011871743
1832,88,0.022034240683871338
1833,88,0.02303644881374543
1834,88,0.023012602361679044
1835,88,0.02232442274027052
1836,88,0.022601958470057557
1837,88,0.02227373803536747
1838,88,0.02272921201335507
1839,88,0.022361685889187667
1840,88,0.022429287452053626
1841,88,0.022389840546731335
1842,88,0.022316068632751627
1843,88,0.022910451803460612
1844,88,0.022816036554144166
1845,88,0.022309653573684533
1846,88,0.022393689210651435
1847,88,0.022399269784052416
1848,88,0.02268618060162609
1849,88,0.022594877759446682
1850,87,0.022656376917241924
1851,87,0.021885675138901113
1852,87,0.022460103511130605
1853,87,0.022409971266118944
1854,87,0.02222424265411239
1855,87,0.023144805787864257
1856,87,0.022526878052525172
1857,87,0.02267888587460307
1858,87,0.022056004116474123
1859,87,0.02268314345210888
1860,87,0.022352694796287733
1861,87,0.02270041382862945
1862,87,0.022929686693665147
1863,87,0.02223880240962102
1864,87,0.022429035915534832
1865,87,0.022520712205004515
1866,87,0.022061583368970197
1867,87,0.02286796436091294
1868,87,0.022121596770844364
1869,87,0.02249873961397702
1870,87,0.022568359033687854
1871,87,0.022329804306458874
1872,87,0.022141197181224776
1873,87,0.02256264854100119
1874,87,0.022583365342455988
1875,87,0.022334858489059167
1876,87,0.022755170782364994
1877,87,0.022809819298830383
1878,87,0.022174491589490836
1879,87,0.02245022355369153
1880,87,0.021811787560963167
1881,87,0.021989467379554345
1882,87,0.022130496095528765
1883,87,0.022673591710294722
1884,87,0.022412053201644064
1885,87,0.02269897580131782
1886,87,0.02309951538038006
1887,87,0.022243622040556504
1888,87,0.022558174932441197
1889,87,0.02168592736671693
1890,87,0.021954131471952146
1891,87,0.022555188002273914
1892,87,0.022379183594347925
1893,87,0.022581192847794536
1894,87,0.0226501560607189
1895,86,0.02335525987765996
1896,86,0.022221109380172542
1897,86,0.02217062543210183
1898,86,0.022783007841580855
1899,86,0.021649642180338217
1900,86,0.022517377746288498
1901,86,0.021309598955543758
1902,86,0.022368764821630333
1903,86,0.021918028526015258
1904,86,0.021606270971223272
1905,86,0.022405967408119967
1906,86,0.022006635618234627
1907,86,0.022365462181193077
1908,86,0.02167751209236355
1909,86,0.022115391662356248
1910,86,0.02198805615476235
1911,86,0.02197368958376947
1912,86,0.02211731964292235
1913,86,0.022068878077382177
1914,86,0.021848227269396246
1915,86,0.022694246280311175
1916,86,0.022244179244734857
1917,86,0.02220729796453646
1918,86,0.022042972880428797
1919,86,0.022394798881732982
1920,86,0.021907324367550052
1921,86,0.02236930116112255
1922,86,0.022213162995359158
1923,86,0.02171859067980774
1924,86,0.021960279492308218
1925,86,0.021623359124708093
1926,86,0.02183636437830476
1927,86,0.022175373456217284
1928,86,0.022063491421828712
1929,86,0.02160056702316553
1930,86,0.022225562203173906
1931,86,0.022572071565234792
1932,86,0.022079607144832866
1933,86,0.02227898960064242
1934,86,0.022333159256245984
1935,86,0.02206663671116237
1936,86,0.022654221020627183
1937,86,0.022433701879185572
1938,85,0.022247947787284665
1939,85,0.021484395303160268
1940,85,0.02191333899101486
1941,85,0.022004155586737687
1942,85,0.0219218637030491
1943,85,0.02185183515751565
1944,85,0.021834482852187476
1945,85,0.022217231152492318
1946,85,0.021893032437871506
1947,85,0.022488287282702274
1948,85,0.02205033302236741
1949,85,0.022214004137835416
1950,85,0.02242720903526031
1951,85,0.022137354254150178
1952,85,0.02213391211013854
1953,85,0.022227333950357215
1954,85,0.02179858512435675
1955,85,0.022218015284909923
1956,84,0.02168700903150039
1957,84,0.02176795892341245
1958,84,0.022245644778059237
1959,84,0.021807971589311605
1960,84,0.021657712979181495
1961,84,0.02157777882860846
1962,84,0.02167268036230692
1963,84,0.021643088162978597
1964,84,0.021859421725279306
1965,84,0.021632704688484945
1966,84,0.022159057556895775
1967,84,0.021535582196148456
1968,83,0.022089016111124644
1969,83,0.020852562448025136
1970,83,0.021493901916441994
1971,83,0.021310558773211002
1972,83,0.021543402063820494
1973,83,0.021367218861154412
1974,83,0.021406541942922516
1975,83,0.021885185930916973
1976,83,0.020846559916858003
1977,83,0.02166564587499527
1978,83,0.02093605919856084
1979,83,0.021547501332373202
1980,83,0.021504827981473337
1981,83,0.021770636216863502
1982,83,0.021722407678387075
1983,83,0.021823363708002336
1984,83,0.021445278459511278
1985,83,0.020901093873313993
1986,83,0.021190700137804174
1987,83,0.0212487050689687
1988,82,0.020905316517088914
1989,82,0.021188787740299014
1990,82,0.02072009705135798
1991,82,0.021062509148255443
1992,82,0.021433481894005315
1993,82,0.020763478207754905
1994,82,0.02144939806628855
1995,82,0.020918594569729065
1996,82,0.021539986703882807
1997,82,0.02082404540716543
1998,82,0.02160347445975383
1999,82,0.021244966306489494
2000,82,0.021676039703138826
2001,82,0.02125940690384517
2002,82,0.02071418374025197
2003,82,0.021631564876018344
2004,82,0.021189002156655416
2005,82,0.021335039712932213
2006,82,0.021131021341942287
2007,81,0.021340515083865728
2008,81,0.02116638369298251
2009,81,0.020843472431269352
2010,81,0.020657405515563845
2011,81,0.02043665096113516
2012,81,0.020556160810493565
2013,81,0.021275756238302163
2014,81,0.02030116634909357
2015,81,0.0210944233159991
2016,81,0.020904074967966212
2017,81,0.02097831899628751
2018,81,0.02062566433929274
2019,81,0.02130226138185477
2020,81,0.02076787408322918
2021,81,0.0209421572109273
2022,81,0.020968291910067417
2023,81,0.02081756732068144
2024,81,0.020958248157889697
2025,81,0.020920476105118498
2026,81,0.02087283089084489
2027,81,0.02080403374927595
2028,81,0.020702239010772217
2029,81,0.020817062124035092
2030,81,0.020999701982623638
2031,81,0.020722058350669675
2032,81,0.02087157252945892
2033,81,0.021590206753866983
2034,81,0.02086053838182731
2035,81,0.020586470063129872
2036,81,0.021434954443448218
2037,81,0.021212499551918448
2038,81,0.02043243881499351
2039,81,0.020264178783235286
2040,81,0.021169598594021635
2041,81,0.020955259663563996
2042,81,0.021370611679066665
2043,81,0.020969899841813116
2044,81,0.02062832306360983
2045,81,0.02131402903443853
2046,81,0.02160227442992044
2047,81,0.020897214174770966
2048,81,0.020796174023443668
2049,81,0.021197628355800694
2050,81,0.021039661097019585
2051,81,0.021334336937133092
2052,81,0.020794733989697303
2053,81,0.02145055983311192
2054,81,0.02101226757226553
2055,81,0.021408141523904575
2056,81,0.021166161203420922
2057,81,0.021556690589402835
2058,80,0.020754444187853226
2059,80,0.02040709687839425
2060,80,0.020385338485835177
2061,80,0.02072364494834687
2062,80,0.021427272817567646
2063,80,0.020961187641551016
2064,80,0.02199200885319356
2065,80,0.020579099705215965
2066,80,0.02099790210302075
2067,80,0.02105695002515695
2068,80,0.020204169369461646
2069,80,0.020035040229639107
2070,80,0.02034265543232817
2071,80,0.020538654711182262
2072,80,0.020690556764864674
2073,80,0.02070750090297786
2074,80,0.02124232684495855
2075,80,0.021025104779317332
2076,79,0.02050613965690362
2077,79,0.020679318680105474
2078,79,0.02099444230210887
2079,79,0.02076841990739968
2080,79,0.021360601660165866
2081,79,0.020557766605409523
2082,79,0.020320851015411378
2083,78,0.02107517508542301
2084,78,0.01980772300489051
2085,78,0.020140558229009616
2086,78,0.020209115809865605
2087,78,0.02013538922489408
2088,77,0.020183356818861613
2089,77,0.0195095711564351
2090,77,0.020227203061839012
2091,77,0.02040920407644218
2092,77,0.02005149784069502
2093,77,0.0201443955826895
2094,77,0.020267228172427355
2095,77,0.02013170130079866
2096,76,0.020243035913752264
2097,76,0.019619062048572035
2098,76,0.0194029256237072
2099,76,0.02046117785150474
2100,76,0.020334345059107275
2101,76,0.019562493137844597
2102,76,0.019866463432680684
2103,76,0.019990843583277153
2104,76,0.01950821034191448
2105,76,0.019482264418826507
2106,76,0.02047772746679843
2107,76,0.01957622356161166
2108,76,0.02071284691187776
2109,76,0.019778077557318557
2110,76,0.019349429036654604
2111,76,0.020086167632594836
2112,76,0.01996930563838279
2113,76,0.020691869826703613
2114,76,0.020414926261417166
2115,76,0.019869887788270146
2116,76,0.019880711615853593
2117,76,0.020282535785725656
2118,76,0.01983734251519886
2119,76,0.020311325590341732
2120,76,0.019967751622394617
2121,76,0.01956442638952267
2122,76,0.020038948090095685
2123,76,0.020082858059945603
2124,76,0.02001314649604316
2125,76,0.019484713765000786
2126,76,0.019610027840336396
2127,76,0.019559783274213288
2128,75,0.01995955866816639
2129,75,0.019969208294368813
2130,75,0.019490641470202345
2131,75,0.020201741407124846
2132,75,0.019768455220358368
2133,75,0.01983437831667107
2134,75,0.019029415968937084
2135,75,0.018934217658717254
2136,74,0.020686787916152225
2137,74,0.019822660073110367
2138,74,0.019744526465880378
2139,74,0.019166216439320836
2140,74,0.019224218647691384
2141,74,0.019779302344333977
2142,74,0.018913666843871635
2143,74,0.019380963444803834
2144,74,0.019547796142134415
2145,74,0.01979276864386037
2146,73,0.01936065562737474
2147,73,0.019170203739016525
2148,73,0.018770276200612425
2149,73,0.019799800102438363
2150,73,0.019059709927064464
2151,72,0.019667874825389182
2152,72,0.01918961927896535
2153,72,0.019531596629601515
2154,72,0.019430043160736606
2155,71,0.01847672217890558
2156,71,0.018964898867665805
2157,71,0.019334217343105857
2158,71,0.0190030447604632
2159,71,0.019010490331930308
2160,71,0.01893097507705322
2161,71,0.01917981359334303
2162,71,0.018567580222440122
2163,71,0.019270988977576224
2164,69,0.019080318231658684
2165,69,0.018051019789183644
2166,69,0.018128313584294214
2167,69,0.0184390823073557
2168,69,0.01827900311248938
2169,69,0.018594920584807943
2170,69,0.01871014760653759
2171,69,0.018288490858535324
2172,69,0.01853476276077662
2173,69,0.018979429072537246
2174,69,0.018696156470494486
2175,69,0.018214875729553374
2176,69,0.018270918403241704
2177,69,0.018151614430869815
2178,69,0.017793213876532828
2179,69,0.018252572010819063
2180,69,0.018293762464405214
2181,69,0.019026536514803183
2182,69,0.0184083605850325
2183,69,0.0184767401915515
2184,69,0.018395025204982023
2185,69,0.018249738450288912
2186,69,0.018675835358318543
2187,69,0.018451021003774867
2188,69,0.019050460010707298
2189,69,0.01884202881319473
2190,69,0.018648229855352853
2191,68,0.018832101680145107
2192,68,0.018068846286234733
2193,68,0.0176676606778607
2194,68,0.01821129215666666
2195,68,0.018370893185992793
2196,68,0.018178240375631576
2197,68,0.01886333788417791
2198,68,0.018810406770472105
2199,68,0.018355672278544417
2200,68,0.0175396687950719
2201,68,0.017948721650258303
2202,68,0.017775256405130946
2203,68,0.01784637190843084
2204,68,0.018133628286387777
2205,68,0.01817486387906925
2206,68,0.018075605561843244
2207,68,0.019125985737741377
2208,68,0.01758395895740162
2209,68,0.018450988703979418
2210,68,0.017362887190609855
2211,68,0.018040158373726113
2212,68,0.017659340157952567
2213,67,0.0181288173784407
2214,67,0.01827335333548265
2215,67,0.018257605169200306
2216,67,0.017350682739978484
2217,67,0.018086527871970366
2218,67,0.018074119002193665
2219,67,0.01799307752390856
2220,67,0.017708990507365994
2221,67,0.018004945879272725
2222,67,0.01761182183609192
2223,67,0.01740065433930643
2224,67,0.017994428084427708
2225,67,0.01767814213063694
2226,67,0.01833643364360456
2227,67,0.018102511509774995
2228,66,0.018018870832100662
2229,66,0.017982896509460868
2230,66,0.018019878088556932
2231,66,0.01795375865295095
2232,66,0.017808166683601388
2233,66,0.017650258495873348
2234,66,0.01803557096819328
2235,66,0.017528067683212217
2236,66,0.017559008689474947
2237,66,0.017878630401898635
2238,66,0.01722215066229
2239,66,0.01716111707225742
2240,66,0.017960310231010346
2241,66,0.018210456926008582
2242,66,0.01853802270232109
2243,66,0.017566914655759953
2244,66,0.018177715381655843
2245,66,0.01781906838501346
2246,66,0.01752152086911162
2247,66,0.01764727897522307
2248,66,0.01784038168749582
2249,66,0.017861911591265205
2250,65,0.018017249611757217
2251,65,0.018479594510417585
2252,65,0.01788689375953601
2253,65,0.01770483624561909
2254,65,0.017839766940255162
2255,65,0.017740214806939714
2256,65,0.017944924726791014
2257,65,0.017616776871602353
2258,65,0.017699616742447275
2259,65,0.017524244501379693
2260,65,0.01722598228291743
2261,65,0.017388939314080257
2262,65,0.016760118165239864
2263,65,0.01748989219852625
2264,65,0.017193229044998006
2265,65,0.018487525088824834
2266,65,0.017955718588762996
2267,65,0.017351470085468834
2268,65,0.016841934885602
2269,65,0.0182043636490959
2270,65,0.0181880823838061
2271,65,0.01705384621488902
2272,65,0.017721197951206472
2273,65,0.01842224290718573
2274,65,0.017805171555539755
2275,64,0.016758596841985253
2276,64,0.017711192236773057
2277,64,0.017492163038198887
2278,64,0.017471162582631913
2279,64,0.01751628711221561
2280,64,0.017168760769386743
2281,62,0.01781970316664197
2282,62,0.016812219663182384
2283,62,0.016811337579196766
2284,62,0.017280918821033556
2285,62,0.017306462576260926
2286,62,0.017360568782021062
2287,62,0.01768431489917287
2288,62,0.016827974552506852
2289,62,0.017009802511531957
2290,62,0.01738505291907618
2291,62,0.016781340556426008
2292,62,0.017070772561580915
2293,62,0.016649429006017128
2294,62,0.01612723385595315
2295,62,0.01730348401442826
2296,62,0.01725208393516438
2297,62,0.017083715170698306
2298,62,0.016519381932182726
2299,62,0.017053246624772603
2300,62,0.016897586407683254
2301,62,0.017519202917107273
2302,62,0.0171186103994406
2303,62,0.017454535839103842
2304,62,0.01713563934144373
2305,62,0.016780278051802298
2306,62,0.016818146573592607
2307,62,0.017102672629012678
2308,62,0.017031789416448097
2309,62,0.017874322580649506
2310,62,0.016371296948358573
2311,62,0.017635445085675744
2312,62,0.017282241194750234
2313,62,0.01654060636958409
2314,62,0.01778684693024078
2315,62,0.017651026512519062
2316,62,0.017624966138167397
2317,62,0.01763205223449744
2318,62,0.016940014283943317
2319,61,0.016829432853049855
2320,61,0.017001554942914124
2321,61,0.01566652393928347
2322,61,0.01734165296897078
2323,61,0.0174178398348013
2324,61,0.017209097131789388
2325,61,0.01613918009055784
2326,61,0.016799350179631797
1,100,0.024928497950656932
2,100,0.02511973899330165
3,100,0.024897947264317138
4,100,0.024937644396045684
5,100,0.025219829739530675
6,100,0.024781402580450633
7,100,0.025020210635605295
8,100,0.02519737275454048
9,100,0.025041352988556323
10,100,0.0247572326338487
11,100,0.02479664092663942
12,100,0.024708142808510178
13,100,0.025474342088591163
14,100,0.024802259027632827
15,100,0.025023250718534524
16,100,0.02477352063619817
17,100,0.024882534318839706
18,100,0.025430048416164412
19,100,0.025235248375263596
20,100,0.025126315020085357
21,100,0.02545606910998508
22,100,0.025089913079762747
23,100,0.02435705999351754
24,100,0.02531848521196731
25,100,0.02530597162462389
26,100,0.025575782872908008
27,100,0.02512989662895153
28,100,0.024680980408958005
29,100,0.025381599332487226
30,100,0.02480253939935704
31,100,0.02541179915021444
32,100,0.02545175531867433
33,100,0.025151047061670963
34,100,0.025122631950313324
35,100,0.024827521663458203
36,100,0.025051165140167413
37,100,0.02532511020161839
38,100,0.024892336952213448
39,100,0.02535347288130775
40,100,0.025153650868028822
41,100,0.025336567249451474
42,100,0.025287181500636018
43,100,0.02550031746969292
44,100,0.02490834977578367
45,100,0.025035716802170344
46,100,0.024809946345503528
47,100,0.025291027254498073
48,100,0.02486004476404142
49,100,0.02476240949210085
50,100,0.025400328835720118
51,100,0.025249079955949404
52,100,0.025402095331105226
53,100,0.025219499715005193
54,100,0.025289559418291738
55,100,0.024885609225983294
56,100,0.025272438210369237
57,100,0.02545781465227128
58,100,0.025255725663464557
59,100,0.02540299394904305
60,100,0.02489272077600817
61,100,0.024555105825032612
62,100,0.025410802485855224
63,100,0.025038328992999206
64,100,0.025390474700509636
65,100,0.025350241703536953
66,100,0.024788757070051678
67,100,0.02592055359039768
68,100,0.02556958518618081
69,100,0.025081500172863844
70,100,0.025271883354701524
71,100,0.024753112710468317
72,100,0.02501007997808819
73,100,0.025205419501139713
74,100,0.024527978366908502
75,100,0.02519985149520261
76,100,0.02519000512583687
77,100,0.02488501691939369
78,100,0.02504324103257872
79,100,0.02527362250837222
80,100,0.024968507761779134
81,100,0.02472526650660943
82,100,0.025771779010820346
83,100,0.02498000313368399
84,100,0.024888712418666713
85,100,0.025082086452988595
86,100,0.02553434660146992
87,100,0.02552351696341656
88,100,0.02512331130657101
89,100,0.025066622379692347
90,100,0.02524561690382473
91,100,0.025210677640853524
92,100,0.025464703743340898
93,100,0.02492966852923977
94,100,0.02509843646969717
95,100,0.02485412650507502
96,100,0.025112764866794274
97,100,0.024807949946469416
98,100,0.02552127948265167
99,100,0.02522754611080123
100,100,0.024976813924007267
101,100,0.025570453272323525
102,100,0.024805346817278154
103,100,0.024853472359683992
104,100,0.025237910229492493
105,100,0.024800209423243007
106,100,0.025468296922254084
107,100,0.025396723328416308
108,100,0.02512683612378887
109,100,0.025482840130321323
110,100,0.02475594038175541
111,100,0.02514636818148618
112,100,0.024985967794747817
113,100,0.025272114596457684
114,100,0.025394255531758645
115,100,0.025203723379452043
116,100,0.02477060515752651
117,100,0.025076991433597887
118,100,0.025275433284738788
119,100,0.025032512298679553
120,100,0.02544105245140221
121,100,0.02531639301431063
122,100,0.02490080790728926
123,100,0.025003619826427712
124,100,0.025232765787479825
125,100,0.024587069149749716
126,100,0.025324056976289436
127,100,0.024517444366523703
128,100,0.02524756405648944
129,100,0.02472063634366598
130,100,0.024777666180907536
131,100,0.0252344897027975
132,100,0.024699490130992867
133,100,0.02448507554632259
134,100,0.024887515707887404
135,100,0.024919702137238785
136,100,0.024576890971291575
137,100,0.024847440475748585
138,100,0.024648241128789623
139,100,0.024555324058243698
140,100,0.02504529395863932
141,100,0.025191613863982873
142,100,0.02507052774709056
143,100,0.025352205681863995
144,100,0.025353001964319492
145,100,0.024980236420426
146,100,0.025027898915298302
147,100,0.025323883006984727
148,100,0.025031600064176686
149,100,0.024699496673628456
150,100,0.025324838254916143
151,100,0.02498009444833156
152,100,0.024999636959105103
153,100,0.025598990098184032
154,100,0.02487699282185546
155,100,0.02509011924517522
156,100,0.025222952886315025
157,100,0.02487487685010471
158,100,0.025229300417712545
159,100,0.02485324193255334
160,100,0.024836764395918344
161,100,0.02510395393161547
162,100,0.02457739974373509
163,100,0.025251423710150732
164,100,0.025118981375081784
165,100,0.0246743699855387
166,100,0.025047525687565343
167,100,0.025384199159582593
168,100,0.02507627447675948
169,100,0.025006150401509223
170,100,0.025455242709733546
171,100,0.02510842333573562
172,100,0.02553387578828539
173,100,0.025070930470526043
174,100,0.025548367604640965
175,100,0.0244668672046132
176,100,0.02472126781620866
177,100,0.024833824906333662
178,100,0.02492255464333926
179,100,0.025681366326730348
180,100,0.025537824741639584
181,100,0.02529084810044271
182,100,0.02541827854071214
183,100,0.025122763011214858
184,100,0.025538009409271024
185,100,0.024981923226983564
186,100,0.02516280800727791
187,100,0.024892293105244528
188,100,0.02478821177585043
189,100,0.02515236301251636
190,100,0.02511462726573739
191,100,0.025256771790525302
192,100,0.025167961071648173
193,100,0.025872871426523468
194,100,0.02489387359172932
195,100,0.025194031255622872
196,100,0.025235909203789007
197,100,0.02565596105905862
198,100,0.025165320108204166
199,100,0.02513268113235214
200,100,0.02529299891463179
201,100,0.02501686828739052
202,100,0.025568834776722074
203,100,0.024858092112159464
204,100,0.025264825000616442
205,100,0.02572579768352627
206,100,0.024874086724050018
207,100,0.02506277368977648
208,100,0.024880421978000933
209,100,0.024641381924694065
210,100,0.025592880218057393
211,100,0.025105842187692448
212,100,0.024927913222345582
213,100,0.024858071249740713
214,100,0.024504007943818195
215,100,0.02535027945329234
216,100,0.024762338737131368
217,100,0.024590807326748156
218,100,0.025068891718995914
219,100,0.025140608220926793
220,100,0.025647880621793535
221,100,0.0247234063359178
222,100,0.025033665875622012
223,100,0.025170821980811355
224,100,0.024993893232606552
225,100,0.02499715756261244
226,100,0.025163090891966923
227,100,0.0254691945182146
228,100,0.02512657776214881
229,100,0.02541504958081459
230,100,0.025303436321429576
231,100,0.025189299949540177
232,100,0.025096851450762434
233,100,0.02471465392590424
234,100,0.02535152313520674
235,100,0.0252541233431168
236,100,0.024851425729262258
237,100,0.024791505647798806
238,100,0.024633797744730613
239,100,0.025262934098023833
240,100,0.025214821593206115
241,100,0.02450004840768239
242,100,0.024826817062228605
243,100,0.025357359952656717
244,100,0.024850146561963424
245,100,0.025172045224140883
246,100,0.02502286907129587
247,100,0.02512576880433923
248,100,0.02522029854968941
249,100,0.025144249767737478
250,100,0.025235136156190024
251,100,0.025356817965435024
252,100,0.024962739562923747
253,100,0.0251133293057489
254,100,0.02513563159555885
255,100,0.025300398333883797
256,100,0.025206613700530588
257,100,0.025186015701750247
258,100,0.02541064422557462
259,100,0.02516708704274171
260,100,0.025053280543862834
261,100,0.02513933146129186
262,100,0.02502035652717133
263,100,0.025360038532390144
264,100,0.02526831193768224
265,100,0.024834487568192874
266,100,0.02492640904336373
267,100,0.0252242358135047
268,100,0.02489806147745045
269,100,0.02526190717107428
270,100,0.025047559551859822
271,100,0.02457431719804307
272,100,0.025055033862978773
273,100,0.02484347640263603
274,100,0.025206613594037794
275,100,0.025353432663838375
276,100,0.02543638043711923
277,100,0.025308094805166558
278,100,0.025013991919367755
279,100,0.024868808646408638
280,100,0.025056225473679625
281,100,0.024886525855872553
282,100,0.025477937837493407
283,100,0.024753556286646494
284,100,0.025303156542680085
285,100,0.025009013993201896
286,100,0.024905591858447606
287,100,0.024916277673365468
288,100,0.02504430219452921
289,100,0.024928264236611177
290,100,0.0249091020559716
291,100,0.025014667365166183
292,100,0.02482212576694739
293,100,0.024506909818131906
294,100,0.025521038276092933
295,100,0.025276446043052896
296,100,0.02472889032117438
297,100,0.025228187016105047
298,100,0.02509538835233657
299,100,0.025288342478649938
300,100,0.025401302663669915
301,100,0.024882800224987154
302,100,0.025455142872546625
303,100,0.02520337033218576
304,100,0.024998864625649965
305,100,0.02475432238083928
306,100,0.024852083911374688
307,100,0.024538341470361037
308,100,0.025683989671005943
309,100,0.025172600651556718
310,100,0.024744425116524884
311,100,0.025077224699672235
312,100,0.02526916652571791
313,100,0.025506498428272833
314,100,0.02497319578787536
315,100,0.02475815910074623
316,100,0.025499047148774358
317,100,0.02511413284117746
318,100,0.025649619832633336
319,100,0.02510695644839688
320,100,0.02557825412413523
321,100,0.025318748392074115
322,100,0.02471477475694321
323,100,0.02464506388842167
324,100,0.025447991717361635
325,100,0.024350807720426176
326,100,0.025351401364450677
327,100,0.024492168558135838
328,100,0.02447238627372203
329,100,0.024996658880190033
330,100,0.024889589649641584
331,100,0.024632704847654695
332,100,0.025144652596235707
333,100,0.025236554123156868
334,100,0.02505889312370118
335,100,0.024806333186325816
336,100,0.025125320069657776
337,100,0.025410768601173517
338,100,0.024713089254008093
339,100,0.02467738021078619
340,100,0.024885347282307894
341,100,0.025263907506874905
342,100,0.025402868660189436
343,100,0.025112940549343977
344,100,0.02530961133334366
345,100,0.024913009806927917
346,100,0.02520255453906466
347,100,0.025225983221934672
348,100,0.02546716252510764
349,100,0.025345153805645983
350,100,0.02489802510815539
351,100,0.024973847436858026
352,100,0.02508264089048298
353,100,0.025239079729479835
354,100,0.024611261225936022
355,100,0.025195761665833684
356,100,0.02499725706712384
357,100,0.024598601356786143
358,100,0.0251020554565063
359,100,0.024817814391510346
360,100,0.025459369823421056
361,100,0.025227482429437342
362,100,0.024774719195693837
363,100,0.025249152705280876
364,100,0.025539786490423152
365,100,0.02509787347493977
366,100,0.025001385889855753
367,100,0.025021176167537237
368,100,0.02539348588478671
369,100,0.02535108825644311
370,100,0.024898917965909612
371,100,0.02512886593704216
372,100,0.024826088655868415
373,100,0.0251330654416828
374,100,0.025181087041329746
375,100,0.024772012089561684
376,100,0.02475676107787168
377,100,0.02512282560002092
378,100,0.025326025691619673
379,100,0.02530102129403116
380,100,0.025471025712446152
381,100,0.02507529433270283
382,100,0.02510564376491189
383,100,0.025083420939930857
384,100,0.025053304684830874
385,100,0.025264311536224385
386,100,0.02522829172137516
387,100,0.025073523256001012
388,100,0.024889672100497178
389,100,0.02535944002173851
390,100,0.024894309865671815
391,100,0.02478614027296132
392,100,0.025115789420434995
393,100,0.025571709377333565
394,100,0.025083108536286813
395,100,0.02504744604139081
396,100,0.025588850958684396
397,100,0.025278987048666594
398,100,0.02491894145776983
399,100,0.024885095405388826
400,100,0.02523343089470019
401,100,0.025175156414382872
402,100,0.024697192864549255
403,100,0.025134623469476498
404,100,0.025055687904562016
405,100,0.024764047514167945
406,100,0.025059103269096515
407,100,0.025075112230436628
408,100,0.024955811673634296
409,100,0.025334327841222293
410,100,0.02526849948248422
411,100,0.025107569458142666
412,100,0.025229521452343674
413,100,0.025074086137284745
414,100,0.02527455730411691
415,100,0.02487500117841422
416,100,0.024743100144227266
417,100,0.025318298374634805
418,100,0.025361117215992064
419,100,0.02532239529841544
420,100,0.024721610258440174
421,100,0.025063620458017844
422,100,0.024476239622907854
423,100,0.02468549181059219
424,100,0.025156326593077958
425,100,0.024978856174622505
426,100,0.02519068395985169
427,100,0.025033342199835818
428,100,0.02499740313992323
429,100,0.02509700680299989
430,100,0.025265681805916262
431,100,0.024715927995045475
432,100,0.025354014741557317
433,100,0.025559104103563362
434,100,0.024874836747181505
435,100,0.024834109114019506
436,100,0.024532291042893006
437,100,0.025196340638762037
438,100,0.025172691720804215
439,100,0.024822263088318555
440,100,0.02482999832598011
441,100,0.024800899465215076
442,100,0.024836083515118176
443,100,0.024875603525441974
444,100,0.02516723062419224
445,100,0.02484650666612307
446,100,0.02517361597541796
447,100,0.02485434459657648
448,100,0.02487303437004969
449,100,0.025017534677969005
450,100,0.025284528579831787
451,100,0.025121622695772863
452,100,0.02510805251681283
453,100,0.025076855875248247
454,100,0.02491357007743004
455,100,0.02482486734511482
456,100,0.02461432666561171
457,100,0.02528988733259661
458,100,0.024676361451655054
459,100,0.024934321496146862
460,100,0.024618463923292533
461,100,0.025204910943789172
462,100,0.024675964456894038
463,100,0.025634132608965063
464,100,0.024927315102634066
465,100,0.024739099167778045
466,100,0.025245268160678867
467,100,0.025252420943017457
468,100,0.0249965135158025
469,100,0.024844680439539184
470,100,0.025082904433679127
471,100,0.02490304823048927
472,100,0.02508939792490783
473,100,0.025646797602707348
474,100,0.024994129554903766
475,100,0.0250659454455838
476,100,0.0245331929208668
477,100,0.0252239562418868
478,100,0.02506297838431379
479,100,0.024794537677550178
480,100,0.025247673149333395
481,100,0.02466476849938783
482,100,0.024747483582222556
483,100,0.025220198297161878
484,100,0.024986645419713748
485,100,0.025282958841726023
486,100,0.024837487643018276
487,100,0.02508288486911377
488,100,0.02479753875486098
489,100,0.025405819240024108
490,100,0.024926154340324604
491,100,0.025822328039649976
492,100,0.025481011730680066
493,100,0.02487562504620486
494,100,0.025225531053644706
495,100,0.025201385960266737
496,100,0.025252637724958445
497,100,0.025284057172139825
498,100,0.025415090982970748
499,100,0.025160983399333713
500,100,0.024742918572607
501,100,0.02475164228442089
502,100,0.02508959573617845
503,100,0.025119382470939023
504,100,0.02545284197274765
505,100,0.025195242851159393
506,100,0.024896612554189873
507,100,0.025458027050787375
508,100,0.025081051789449135
509,100,0.02499139995579648
510,100,0.02522227104112224
511,100,0.025113702528045265
512,100,0.02552354774371819
513,100,0.02479686227097083
514,100,0.02554210711822951
515,100,0.02472655205575049
516,100,0.025325723605692903
517,100,0.025157925305020607
518,100,0.0249046837833821
519,100,0.025277179832082153
520,100,0.025005610271897034
521,100,0.025165913647555854
522,100,0.02468562916676092
523,100,0.02461516957090366
524,100,0.024924863360606953
525,100,0.024963499286186085
526,100,0.025399928378883798
527,100,0.025365283558133094
528,100,0.02492157015960579
529,100,0.02549292409464919
530,100,0.02536235762774127
531,100,0.024705963676797546
532,100,0.025084118647750387
533,100,0.02486124803094575
534,100,0.0255718746497598
535,100,0.025380453407592884
536,100,0.025492652425241052
537,100,0.024941709658454415
538,100,0.024792567634766734
539,100,0.024675325951704546
540,100,0.025104201094693385
541,100,0.0253429886311385
542,100,0.02491295058533413
543,100,0.02539899102375438
544,100,0.024463223926901565
545,100,0.025308786259690623
546,100,0.025369651962856767
547,100,0.025272860594133695
548,100,0.024986632496708166
549,100,0.025299797362289655
550,100,0.02545177620688882
551,100,0.025163986694366414
552,100,0.025327771165294315
553,100,0.02501636369996976
554,100,0.025119922891678154
555,100,0.02496853579575665
556,100,0.025120125316487652
557,100,0.024964052656514437
558,100,0.02555656677361749
559,100,0.02505098055920563
560,100,0.024696954281696215
561,100,0.02552254167177488
562,100,0.02544168330392677
563,100,0.025690663248196494
564,100,0.025505240863200915
565,100,0.02494649381001972
566,100,0.025696409294422212
567,100,0.02496104099103209
568,100,0.025044109355936758
569,100,0.02483599499267643
570,100,0.02513432825984736
571,100,0.02508833043742397
572,100,0.02524766923493977
573,100,0.025369035992868022
574,100,0.025099681478009638
575,100,0.025572179229736293
576,100,0.025510401788794056
577,100,0.025920524735940288
578,100,0.02524709141161053
579,100,0.02525300563869897
580,100,0.02540203944138006
581,100,0.02549240887431912
582,100,0.02521954157821307
583,100,0.02504966989331133
584,100,0.025441835419753363
585,100,0.024751669843192277
586,100,0.025116647868260112
587,100,0.024792328435044787
588,100,0.025382025108889882
589,100,0.024911530097459382
590,100,0.02497442789584793
591,100,0.025210187078267818
592,100,0.025432833087013697
593,100,0.0251383906148587
594,100,0.024556107450296797
595,100,0.02539802536293569
596,100,0.025093444035416572
597,100,0.02550819116941726
598,100,0.02501243856758623
599,100,0.02497839385702904
600,100,0.025068717112697397
601,100,0.02472000020494393
602,100,0.02463595273792328
603,100,0.025167964393461875
604,100,0.02572454810880078
605,100,0.025180709932045627
606,100,0.02502854250291015
607,100,0.02501400920902021
608,100,0.025451003317651003
609,100,0.025314706073064148
610,100,0.024856201979497332
611,100,0.024964153334888495
612,100,0.025329108579782388
613,100,0.024981740916125005
614,100,0.025178369659876316
615,100,0.025260077775883415
616,100,0.024475264528131944
617,100,0.02584686294301881
618,100,0.02492770303239816
619,100,0.02535410906749191
620,100,0.025113020385713544
621,100,0.025015050871658187
622,100,0.02495817824133989
623,100,0.024826096740069258
624,100,0.02525730614441931
625,100,0.02537965854788942
626,100,0.025224594778694695
627,100,0.024928672903402584
628,100,0.025434993366298522
629,100,0.02498351730070187
630,100,0.025090916876771046
631,100,0.025485323106522146
632,100,0.0250863207470787
633,100,0.02463840823888759
634,100,0.024726246081947487
635,100,0.025137550512140002
636,100,0.025408451677458366
637,100,0.02487232607384199
638,100,0.02483026535703174
639,100,0.024687019170825386
640,100,0.025262656637185375
641,100,0.025596585679669655
642,100,0.025302723670545032
643,100,0.02481123736619868
644,100,0.024786562850247985
645,100,0.02524886058068149
646,100,0.02505500042460876
647,100,0.024980843756756257
648,100,0.025211109428952036
649,100,0.024907045209143802
650,100,0.02553467661847242
651,100,0.024914014980092533
652,100,0.025413686184895253
653,100,0.0248804339009581
654,100,0.02512872649497803
655,100,0.025420203277274782
656,100,0.025391215440042435
657,100,0.025258271973691942
658,100,0.02492164558112111
659,100,0.024681730432954203
660,100,0.025035715661129575
661,100,0.025068706111803896
662,100,0.025499454385187446
663,100,0.025125150848911773
664,100,0.024894198981403014
665,100,0.02458568316233157
666,100,0.025169038817455053
667,100,0.025088326711837177
668,100,0.02444026198011115
669,100,0.024995968604060816
670,100,0.025335535102094405
671,100,0.0253574648954367
672,100,0.025368438019074596
673,100,0.025098845621319338
674,100,0.02467501537647099
675,100,0.02476465122956427
676,100,0.02447548961089586
677,100,0.025659295058523445
678,100,0.025614465865489926
679,100,0.02523626928780598
680,100,0.0246696356123848
681,100,0.025278123417370547
682,100,0.02517115256621824
683,100,0.024819305645529335
684,100,0.024769701492629293
685,100,0.02498043277846189
686,100,0.024802585319639785
687,100,0.02450676303057293
688,100,0.0249839351757971
689,100,0.02487737112484632
690,100,0.025497865588302998
691,100,0.025125101205450258
692,100,0.02523299528122112
693,100,0.02520300877486253
694,100,0.025110851248294593
695,100,0.025165741312279933
696,100,0.025474962430330907
697,100,0.025584653632270013
698,100,0.02521685871394976
699,100,0.025301406250397635
700,100,0.02542245375416201
701,100,0.02490619237140903
702,100,0.02467534219421744
703,100,0.024419397503617466
704,100,0.02534194150460571
705,100,0.025084776272057394
706,100,0.02525733463295549
707,100,0.025382415462018967
708,100,0.025523713676594364
709,100,0.025466477344850066
710,100,0.024777302763096018
711,100,0.024716185027276308
712,100,0.025443008419292798
713,100,0.024902795808399797
714,100,0.025056416079725283
715,100,0.025144847572777008
716,100,0.024993417247799903
717,100,0.025622979164918083
718,100,0.025786944015642715
719,100,0.024966035945577204
720,100,0.024888116690448776
721,100,0.02496033193654325
722,100,0.025277426781753595
723,100,0.024838522896996635
724,100,0.02463345233692041
725,100,0.025264144617971537
726,100,0.024881974802389885
727,100,0.02511203332221955
728,100,0.025657510585964237
729,100,0.02499421434393513
730,100,0.025413427765182264
731,100,0.02522710890406552
732,100,0.025162863539758256
733,100,0.02522905975202172
734,100,0.02523193010094024
735,100,0.025417743691624185
736,100,0.025231675821482034
737,100,0.025167095029901377
738,100,0.024772831386835073
739,100,0.02523562592149571
740,100,0.025053367038647124
741,100,0.02493305880174525
742,100,0.0254649084029655
743,100,0.025193072599391818
744,100,0.025291920530274695
745,100,0.02518130001632487
746,100,0.024847193935233262
747,100,0.02556859584668831
748,100,0.024739098097869658
749,100,0.0252649198112953
750,100,0.02509814855416948
751,100,0.02546791003408353
752,100,0.024913633091550286
753,100,0.024889058746891277
754,100,0.024820345852887636
755,100,0.025043991640542166
756,100,0.025267562206376295
757,100,0.025282386099199593
758,100,0.024835837014549413
759,100,0.024718998431107732
760,100,0.02508900893649017
761,100,0.024907555023915718
762,100,0.024953922514206816
763,100,0.025339444715158855
764,100,0.024743431390127947
765,100,0.025226985959105896
766,100,0.024905839426143713
767,100,0.025223436715674785
768,100,0.024755598965150515
769,100,0.02533536388325376
770,100,0.025098992001303912
771,100,0.024893301596394142
772,100,0.025472194974171664
773,100,0.02554523505966994
774,100,0.024801544435108847
775,100,0.025360457610299574
776,100,0.02524976599136916
777,100,0.025457131194361993
778,100,0.024900461924246782
779,100,0.025071508776157554
780,100,0.025402920411552166
781,100,0.025192430391631635
782,100,0.02476857239589518
783,100,0.02516026164680186
784,100,0.02510994034001603
785,100,0.025132508229963622
786,100,0.025096335093292853
787,100,0.024596385107599195
788,100,0.02506334651192672
789,100,0.024550546859276354
790,100,0.024501245321745538
791,100,0.025568470048027002
792,100,0.02511313337218175
793,100,0.025320103917450053
794,100,0.02519986572328081
795,100,0.02553282128354447
796,100,0.02574218696730137
797,100,0.024332171289791486
798,100,0.024993484836277315
799,100,0.025158256266833684
800,100,0.02541123274404472
801,100,0.024882291547434925
802,100,0.02462925040060826
803,100,0.02516860478929375
804,100,0.025415015492083727
805,100,0.025331923932751667
806,100,0.02471633430321745
807,100,0.025572444947006393
808,100,0.025294372545150903
809,100,0.02474253095932568
810,100,0.025143725051546557
811,100,0.024667546935217843
812,100,0.02524575051080205
813,100,0.024844830460469144
814,100,0.02480929607944473
815,100,0.024978177192716614
816,100,0.02532134509888203
817,100,0.02575566213555246
818,100,0.02507391473969413
819,100,0.025611194516638493
820,100,0.025249316582091855
821,100,0.024942339208384685
822,100,0.025043009758888415
823,100,0.025371786983935097
824,100,0.025736912300328384
825,100,0.025185589991523333
826,100,0.025389493057492735
827,100,0.024939034305444828
828,100,0.02562896223587506
829,100,0.024792767471511698
830,100,0.02449034223588903
831,100,0.024806514478102035
832,100,0.02555289582756587
833,100,0.024987982140731824
834,100,0.024654636056276144
835,100,0.024930217628435114
836,100,0.025088557782015037
837,100,0.025119637867974907
838,100,0.0249580221014103
839,100,0.02442985266704131
840,100,0.025372824930695193
841,100,0.024920242597059827
842,100,0.02520069158720814
843,100,0.025214164246964214
844,100,0.025193420073762785
845,100,0.024612975841521355
846,100,0.02484131845786134
847,100,0.025230720277162246
848,100,0.02546134340099451
849,100,0.024581285410639385
850,100,0.025304624214148447
851,100,0.025162743199033586
852,100,0.025546820402736287
853,100,0.025146436391030383
854,100,0.025201967043881283
855,100,0.02470373325076008
856,100,0.024818066162804124
857,100,0.025043648924821863
858,100,0.02462447647184802
859,100,0.025322960835338505
860,100,0.02558147972694034
861,100,0.024966815407221774
862,100,0.02526390550985508
863,100,0.024825060528603327
864,100,0.02494306403431035
865,100,0.024866180060236005
866,100,0.025179043053956594
867,100,0.025151914522904748
868,100,0.025259192866633345
869,100,0.02480219621382083
870,100,0.025610395608196116
871,100,0.024581032638600973
872,100,0.024933090046933535
873,100,0.024770549546932176
874,100,0.024955793978116522
875,100,0.025664522917371396
876,100,0.026011605964884457
877,100,0.02466788155961071
878,100,0.02514654900791567
879,100,0.025370300391778417
880,100,0.024918389944848296
881,100,0.024814550541773207
882,100,0.025360027017157536
883,100,0.024489883021384006
884,100,0.025086728173978175
885,100,0.024971518801832814
886,100,0.025365897116779106
887,100,0.025045882849909454
888,100,0.025524851928015072
889,100,0.025338142063176874
890,100,0.025239638079493025
891,100,0.02534946396696845
892,100,0.02550482456332844
893,100,0.024655815108593236
894,100,0.024855996124427113
895,100,0.024605428759355164
896,100,0.02538639155825011
897,100,0.0253587833787572
898,100,0.025013345406422954
899,100,0.024942787995120824
900,100,0.02489310653037917
901,100,0.0249694140386875
902,100,0.024831936828001017
903,100,0.025247704696395146
904,100,0.02543223741021684
905,100,0.025715804475189896
906,100,0.02501511354207677
907,100,0.025460291877598847
908,100,0.024758754147798163
909,100,0.025267429108670067
910,100,0.025087279009010015
911,100,0.025345010158951405
912,100,0.025301520306164203
913,100,0.024860586983249215
914,100,0.02515338424425178
915,100,0.025153461550203714
916,100,0.024840732599318637
917,100,0.025323956437384547
918,100,0.025214464720571927
919,100,0.024900345967624346
920,100,0.025235433442797
921,100,0.025338543816071406
922,100,0.02510699200704506
923,100,0.025368491203921498
924,100,0.025432888879212412
925,100,0.02490100039732655
926,100,0.02518337253435878
927,100,0.025103239356577576
928,100,0.024965139915872847
929,100,0.02520860229731714
930,100,0.02501428431932495
931,100,0.024930452312425237
932,100,0.02547481330061678
933,100,0.024830707538485562
934,100,0.025219323046124044
935,100,0.02551961027172294
936,100,0.025612983256954117
937,100,0.024699774215619075
938,100,0.025210794653688556
939,100,0.0251881047390929
940,100,0.025843046595694332
941,100,0.024989255535280284
942,100,0.024820323905839336
943,100,0.025215191324417015
944,100,0.025234330529575605
945,100,0.025133363336968265
946,100,0.02539641214406727
947,100,0.024798188214325324
948,100,0.024749452768999057
949,100,0.02508218110895874
950,100,0.024940133474442603
951,100,0.025593484575295186
952,100,0.02488914966250848
953,100,0.025025578652814393
954,100,0.024820519224465896
955,100,0.02512946567264557
956,100,0.025693447808847653
957,100,0.02521326763250378
958,100,0.024532017492009343
959,100,0.02502561193536623
960,100,0.025543541431878185
961,100,0.02474195967635722
962,100,0.024991705943111685
963,100,0.02482906009236081
964,100,0.025608961480507963
965,100,0.025487807181601967
966,100,0.02471144790135354
967,100,0.02540815211205935
968,100,0.02498264311773056
969,100,0.025518587383804546
970,100,0.02513550489873987
971,100,0.02539599812780648
972,100,0.02542039196536339
973,100,0.025103621747092828
974,100,0.02558295310318623
975,100,0.025664837778951177
976,100,0.025040869686128873
977,100,0.0251998753636084
978,100,0.024918516810583033
979,100,0.024859723348731197
980,100,0.0253425809010585
981,100,0.0246930760102118
982,100,0.02506112303923043
983,100,0.02509088547589519
984,100,0.025202162746182477
985,100,0.024399585282559463
986,100,0.0247048258563035
987,100,0.025226872541266838
988,100,0.024903012224791885
989,100,0.025306147216177025
990,100,0.024810424600905386
991,100,0.02556121958737655
992,100,0.024998087641256852
993,100,0.025170765678721112
994,100,0.025220477386865874
995,100,0.024670894499871084
996,100,0.025288000066212554
997,100,0.025025822484326693
998,100,0.02504213185020695
999,100,0.024655482978640127
1000,100,0.0247500384162113
1001,100,0.025177035769120098
1002,100,0.02479109478205137
1003,100,0.02522171562863934
1004,100,0.024660780311174826
1005,100,0.02521258304494342
1006,100,0.025216428438853584
1007,100,0.02510795500883961
1008,100,0.02515702225134311
1009,100,0.024901438871237552
1010,100,0.02484199761035055
1011,100,0.02486232937233836
1012,100,0.024738495044145214
1013,100,0.02507290642299026
1014,100,0.02470086075413961
1015,100,0.025441605671721275
1016,100,0.025039305330560143
1017,100,0.024896341329678308
1018,100,0.02450457609164147
1019,100,0.02526052537611284
1020,100,0.024977984020969398
1021,100,0.025153363713255144
1022,100,0.02472514856538532
1023,100,0.02520565781923855
1024,100,0.025304827369321985
1025,100,0.02520510826803225
1026,100,0.025129097786485373
1027,100,0.025263573086101627
1028,100,0.02492366486342323
1029,100,0.025102638699375197
1030,100,0.025256437151383822
1031,100,0.025411680605794403
1032,100,0.024794714543067888
1033,100,0.025350592575821354
1034,100,0.025395499862823787
1035,100,0.025155880232455755
1036,100,0.02469032779033615
1037,100,0.02491112063002192
1038,100,0.025103220150563845
1039,100,0.025042560944573106
1040,100,0.024670985899538544
1041,100,0.02532410802432678
1042,100,0.025728322257817567
1043,100,0.02516684349381706
1044,100,0.02531353435757437
1045,100,0.02516453557762625
1046,100,0.024437060982749594
1047,100,0.02495100872123162
1048,100,0.024991531638759213
1049,100,0.02469456224873056
1050,100,0.02527385632343574
1051,100,0.025084499931034128
1052,100,0.025017136183404814
1053,100,0.025377690738657258
1054,100,0.02542952620085809
1055,100,0.024893681457695566
1056,100,0.02493276943043453
1057,100,0.025264533077983903
1058,100,0.025141934509665124
1059,100,0.02467112881743862
1060,100,0.024539088093299202
1061,100,0.025280632499305736
1062,100,0.024912106003575837
1063,100,0.02552947390832881
1064,100,0.0257170513241961
1065,100,0.0249411672266684
1066,100,0.024904096820717172
1067,100,0.0245085159238943
1068,100,0.02532233759041845
1069,100,0.02536890186607245
1070,100,0.02464144106268528
1071,100,0.02500178623764836
1072,100,0.024659687422046755
1073,100,0.024995543629367643
1074,100,0.025213699758999994
1075,100,0.024957273757927723
1076,100,0.025370528856099434
1077,100,0.025227622672858566
1078,100,0.025452144904211133
1079,100,0.025409283919319927
1080,100,0.02519136073872621
1081,100,0.02525996296708333
1082,100,0.025146309386163298
1083,100,0.025217601684866007
1084,100,0.024945854627740363
1085,100,0.02514489529226275
1086,100,0.024512953928890076
1087,100,0.024814253488510116
1088,100,0.025012129302779015
1089,100,0.024639517320556876
1090,100,0.024996248079291683
1091,100,0.02501299765527379
1092,100,0.02476622467692159
1093,100,0.024773930730643993
1094,100,0.025469449034585888
1095,100,0.024945808621863463
1096,100,0.025047268207409146
1097,100,0.025237811954073083
1098,100,0.02466767310065064
1099,100,0.02539857559855875
1100,100,0.024778367242078006
1101,100,0.02496957445368413
1102,100,0.025289418218010097
1103,100,0.025409986632436512
1104,100,0.02539459069814489
1105,100,0.02514289045430295
1106,100,0.0248960802809568
1107,100,0.024973270385562844
1108,100,0.024687397711772807
1109,100,0.02552017405449701
1110,100,0.02454782148307547
1111,100,0.02474369356385624
1112,100,0.025318333715197372
1113,100,0.025012896818113414
1114,100,0.026143456228807763
1115,100,0.024556468864953516
1116,100,0.025125476912154516
1117,100,0.025019206882983362
1118,100,0.025314546799117873
1119,100,0.02489091371810144
1120,100,0.025069568507626636
1121,100,0.025111628797645478
1122,100,0.0248925806789877
1123,100,0.025265415897475267
1124,100,0.025076281927078222
1125,100,0.025186797070635057
1126,100,0.025131566428284156
1127,100,0.025492295141462847
1128,100,0.025231071216386725
1129,100,0.025204132363030658
1130,100,0.02479907159990241
1131,100,0.024909354380087446
1132,100,0.025144820311157383
1133,100,0.025900615625926063
1134,100,0.024705238254044526
1135,100,0.025241052902712915
1136,100,0.02442035742502767
1137,100,0.02526227340726719
1138,100,0.024939627246909245
1139,100,0.025068505003783628
1140,100,0.025163526563308655
1141,100,0.025329838081557754
1142,100,0.02516414518953642
1143,100,0.024732434675487653
1144,100,0.025819844881023034
1145,100,0.025540649723391352
1146,100,0.02526923385925317
1147,100,0.02520732140583513
1148,100,0.025620608435232006
1149,100,0.02556948799421924
1150,100,0.024629940717302505
1151,100,0.025896191137167294
1152,100,0.025433137994878723
1153,100,0.025030763003845345
1154,100,0.024592277168348723
1155,100,0.024874921120303945
1156,100,0.024857222284250517
1157,100,0.02530306204272929
1158,100,0.02505678881482086
1159,100,0.025122747599792637
1160,100,0.024628264565159274
1161,100,0.02491349525072746
1162,100,0.025370319871629538
1163,100,0.025348968592175915
1164,100,0.0252784792209068
1165,100,0.025338861298642306
1166,100,0.02486375603888116
1167,100,0.02522269101492373
1168,100,0.024839249487322298
1169,100,0.024549262841480894
1170,100,0.024871745745330368
1171,100,0.02526913262356962
1172,100,0.025317850786416053
1173,100,0.025406963735802608
1174,100,0.025026153946085424
1175,100,0.024921385444763848
1176,100,0.024550817977562037
1177,100,0.025131478171645558
1178,100,0.025808087866385696
1179,100,0.025045107589504633
1180,100,0.02464566208009907
1181,100,0.0251843884810755
1182,100,0.02552346962898086
1183,100,0.024561049372071538
1184,100,0.024998113337191645
1185,100,0.02499479945537173
1186,100,0.02511155325497263
1187,100,0.024825969929648188
1188,100,0.02560997228192037
1189,100,0.025170601793474634
1190,100,0.02482640154844148
1191,100,0.025056383670291366
1192,100,0.025201920974631874
1193,100,0.02495291644388212
1194,100,0.025206005359514193
1195,100,0.024869260287463026
1196,100,0.02517713685563218
1197,100,0.02533258295456693
1198,100,0.025166404906025782
1199,100,0.02467550052865259
1200,100,0.02521692895908927
1201,100,0.025230529680477135
1202,100,0.025188505530669206
1203,100,0.025324384977501047
1204,100,0.025081280951028642
1205,100,0.025263910446873573
1206,100,0.025284311743007992
1207,100,0.025343025060991817
1208,100,0.0247836140738907
1209,100,0.02481665664314367
1210,100,0.024667849481910427
1211,100,0.025409511736605023
1212,100,0.025224526374519104
1213,100,0.02485349199797002
1214,100,0.024658485059411976
1215,100,0.025365521589842236
1216,100,0.024880090638317226
1217,100,0.02503336200242445
1218,100,0.02562717623577787
1219,100,0.02515291492962006
1220,100,0.025541187710557953
1221,100,0.025212244570455244
1222,100,0.025296791672886277
1223,100,0.024944049371482653
1224,100,0.024830819993793555
1225,100,0.024982412944472485
1226,100,0.02478986052299886
1227,100,0.02492453208981966
1228,100,0.024929633672207407
1229,100,0.02532064909746758
1230,100,0.025178357915076638
1231,100,0.02496965690669095
1232,100,0.025208962903465068
1233,100,0.024582318405041464
1234,100,0.02578614410120952
1235,100,0.025097774361947933
1236,100,0.025191809744854854
1237,100,0.025242800746979845
1238,100,0.025013248518289212
1239,100,0.024734437803980006
1240,100,0.02504473436676796
1241,100,0.0254602747376131
1242,100,0.025489130856211798
1243,100,0.02500061358114583
1244,100,0.024450492650951134
1245,100,0.025177133145509418
1246,100,0.025086278192729194
1247,100,0.025237624674222844
1248,100,0.02531687344370781
1249,100,0.025145642838543605
1250,100,0.02516354926568517
1251,100,0.02518911468190529
1252,100,0.02540224288717186
1253,100,0.025030530034315778
1254,100,0.024918952609258454
1255,100,0.02501907275305988
1256,100,0.02519827446310043
1257,100,0.024402137484841303
1258,100,0.025300810794683326
1259,100,0.025039148862021427
1260,100,0.024943017610356322
1261,100,0.025223981301989794
1262,100,0.025599010909730203
1263,100,0.0250775146989094
1264,100,0.02531707839876439
1265,100,0.02478399294964581
1266,100,0.02482148340240538
1267,100,0.02537064931162124
1268,100,0.025439660791849446
1269,100,0.024868178641396732
1270,100,0.02479162733753539
1271,100,0.025312925388186084
1272,100,0.02486361737804572
1273,100,0.025544289459438322
1274,100,0.025134900845823774
1275,100,0.02491661623586915
1276,100,0.025393886562177934
1277,100,0.024778560581627977
1278,100,0.024753358317796122
1279,100,0.025171824539402338
1280,100,0.025087019148454345
1281,100,0.025396007708842518
1282,100,0.025404170683067634
1283,100,0.024607734609276583
1284,100,0.02562155965453818
1285,100,0.024576613376310077
1286,100,0.025388037234406954
1287,100,0.02472409093087202
1288,100,0.02543985976590924
1289,100,0.024881623388354625
1290,100,0.025233487249213035
1291,100,0.02449793158975359
1292,100,0.025237251904548497
1293,100,0.02499071414544689
1294,100,0.025174625085824534
1295,100,0.024915819612414507
1296,100,0.025432632997483873
1297,100,0.025336255394924345
1298,100,0.025511660660865004
1299,100,0.025152180335637
1300,100,0.025079180543783185
1301,100,0.024648057394181237
1302,100,0.024951016048236522
1303,100,0.025536236266950927
1304,100,0.025293425053806426
1305,100,0.025158960095607096
1306,100,0.025075336819666467
1307,100,0.02497582528871274
1308,100,0.024863629128826163
1309,100,0.025095695437213544
1310,100,0.024334425647554257
1311,100,0.024891594712149714
1312,100,0.025688806127164225
1313,100,0.02467298015707454
1314,100,0.02548803533599427
1315,100,0.02531315564109244
1316,100,0.02484268302800028
1317,100,0.02518841996255545
1318,100,0.02594259155589858
1319,100,0.0243404905569532
1320,100,0.024985894398179775
1321,100,0.02522089872671355
1322,100,0.025197668797159886
1323,100,0.02548455933814239
1324,100,0.02508796306871483
1325,100,0.02501339500905046
1326,100,0.024987080348956785
1327,100,0.025076535059793514
1328,100,0.02500625701077488
1329,100,0.02523022623278334
1330,100,0.025155430215333993
1331,100,0.025674025736300413
1332,100,0.025912002170488738
1333,100,0.024854782978481153
1334,100,0.02517052387837694
1335,100,0.024551304247978183
1336,100,0.02521835366426775
1337,100,0.02521564186732004
1338,100,0.025281476741155356
1339,100,0.025294331182024052
1340,100,0.025380782180372315
1341,100,0.024838489371994954
1342,100,0.025700284207480627
1343,100,0.0251440270837469
1344,100,0.024998996192892323
1345,100,0.02515754695016786
1346,100,0.025073893928030864
1347,100,0.024750597215027554
1348,100,0.025151299502591363
1349,100,0.02521028409359484
1350,100,0.025041407169226936
1351,100,0.025353224831037944
1352,100,0.025085922594516932
1353,100,0.024799612295874386
1354,100,0.024869757329520337
1355,100,0.0252128397789605
1356,100,0.025022982058780938
1357,100,0.024500896995033265
1358,100,0.02524348568479852
1359,100,0.024730496502969355
1360,100,0.024968993624931844
1361,100,0.025473471364979922
1362,100,0.02473366557147648
1363,100,0.02449674710927217
1364,100,0.02489554630802041
1365,100,0.02590114606787721
1366,100,0.025166911942654545
1367,100,0.025147067317765923
1368,100,0.025090505863080353
1369,100,0.025148186838483192
1370,100,0.025416479907343255
1371,100,0.025198144755203024
1372,100,0.02482561141232837
1373,100,0.02460916977390906
1374,100,0.025501381799185856
1375,100,0.0246630360941259
1376,100,0.02535084334168559
1377,100,0.0249511187996541
1378,100,0.02552079871214017
1379,100,0.025227073415663735
1380,100,0.025326806270122154
1381,100,0.025202824872985596
1382,100,0.02493958191295194
1383,100,0.02458483351361311
1384,100,0.025322874405329248
1385,100,0.02479671600124542
1386,100,0.024915585005020932
1387,100,0.024713159373549218
1388,100,0.025344285826342957
1389,100,0.02530192299648872
1390,100,0.025414296662553584
1391,100,0.024525440681292095
1392,100,0.025287063737691587
1393,100,0.025182825700279236
1394,100,0.024830634605848743
1395,100,0.02452053232643031
1396,100,0.025560927330419647
1397,100,0.025284283192244864
1398,100,0.024681705320910893
1399,100,0.02579523908539634
1400,100,0.025500684395890396
1401,100,0.025379199953990562
1402,100,0.0248554507025699
1403,100,0.025023750275848314
1404,100,0.025108888274905625
1405,100,0.025342096644714988
1406,100,0.024909007298781326
1407,100,0.024969895045749133
1408,100,0.025360364723905276
1409,100,0.025069867736424268
1410,100,0.025225952648490518
1411,100,0.025234305308586266
1412,100,0.025778295694433684
1413,100,0.02514783582713722
1414,100,0.02571441730628579
1415,100,0.02543406778314207
1416,100,0.024994253210964372
1417,100,0.02473710251180696
1418,100,0.024930599956860918
1419,100,0.02507696425990738
1420,100,0.025125773872666943
1421,100,0.025310419848946178
1422,100,0.024886169193554446
1423,100,0.025710672753297928
1424,100,0.025489562673512354
1425,100,0.02520793279076696
1426,100,0.025206976468025628
1427,100,0.025016042366219102
1428,100,0.025212612726854124
1429,100,0.025397653091625276
1430,100,0.024976149752523248
1431,100,0.025095697801914136
1432,100,0.025413690356735255
1433,100,0.025145466289876902
1434,100,0.025127948297427986
1435,100,0.024467694147269146
1436,100,0.025072895986509698
1437,100,0.025464069363603306
1438,100,0.024674381360789945
1439,100,0.024849407071384902
1440,100,0.025063303773612607
1441,100,0.02523202476289309
1442,100,0.025011878352340908
1443,100,0.02497664497390352
1444,100,0.02531526470992604
1445,100,0.02484693901335973
1446,100,0.025071270620681797
1447,100,0.02509229549820473
1448,100,0.025928576806635857
1449,100,0.024695747828603523
1450,100,0.025366978409025895
1451,100,0.024940802139366117
1452,100,0.02523650712407425
1453,100,0.025161043755945176
1454,100,0.025247668238803922
1455,100,0.025595187433835823
1456,100,0.02452564513227567
1457,100,0.024841390205077137
1458,100,0.024458953470129163
1459,100,0.024480788204910706
1460,100,0.02527563063148138
1461,100,0.025447533981677435
1462,100,0.025185674772458706
1463,100,0.024946754315949993
1464,100,0.024797421554372368
1465,100,0.025075235653290978
1466,100,0.025199155668973405
1467,100,0.025281757832486314
1468,100,0.024979580468633984
1469,100,0.025444090132101575
1470,100,0.02522553881449585
1471,100,0.02478124366404998
1472,100,0.02526995170605401
1473,100,0.025181733527253898
1474,100,0.025357516097875305
1475,100,0.02466648826804801
1476,100,0.025287541826973695
1477,100,0.025429428002882004
1478,100,0.02492333788217083
1479,100,0.02513012310098996
1480,100,0.02511654598405835
1481,100,0.02525436689011359
1482,100,0.025448423497170945
1483,99,0.02504764905724654
1484,99,0.02486647810822026
1485,99,0.024979530019839824
1486,99,0.025111991885131964
1487,99,0.025054990562352834
1488,99,0.025375028113678873
1489,99,0.024617500154088427
1490,99,0.025235353342614574
1491,99,0.02501353493661474
1492,99,0.024969568566390474
1493,99,0.02424083398661045
1494,99,0.02452005359899843
1495,99,0.025075756925202915
1496,98,0.024978847417717012
1497,98,0.024436649722272896
1498,98,0.02473814236081813
1499,98,0.024821997209459563
1500,98,0.02491715486741829
1501,98,0.0249528865278451
1502,98,0.02455675979185102
1503,98,0.025045642921889263
1504,98,0.02465446548784664
1505,98,0.02470561149022156
1506,98,0.02427990078382499
1507,98,0.02453063033175228
1508,98,0.02452483147058965
1509,98,0.024715610251293936
1510,98,0.02452852603192605
1511,98,0.024242885575655546
1512,98,0.024877555974822697
1513,98,0.02508255678125697
1514,98,0.024458752378552894
1515,98,0.024970181445172372
1516,98,0.02481775159771452
1517,98,0.024527410560679818
1518,98,0.024811011232659073
1519,97,0.024691626036517214
1520,97,0.024851480993830385
1521,97,0.02472273396252594
1522,97,0.024465224476515435
1523,97,0.024338000113393602
1524,97,0.02438675708466342
1525,97,0.024281193340230475
1526,97,0.024490514256069854
1527,97,0.0240049109904767
1528,97,0.024617258829601876
1529,97,0.024613182273005362
1530,97,0.02481664357911834
1531,97,0.02523220978211036
1532,97,0.024554346979441696
1533,97,0.02433974396706173
1534,97,0.02450290308489624
1535,97,0.02404205959311297
1536,97,0.025008277202066533
1537,97,0.024836896782586514
1538,97,0.024369762189448085
1539,97,0.02441988726865968
1540,97,0.024530063007987907
1541,97,0.024653597572755998
1542,97,0.024811299095739744
1543,97,0.02415630542445544
1544,97,0.023744166849273895
1545,97,0.024426127573749398
1546,97,0.02399415952392725
1547,97,0.024348613334244193
1548,97,0.02482209892383673
1549,97,0.02483489250339986
1550,97,0.0242442312538372
1551,97,0.025011791446618668
1552,97,0.024536636298954532
1553,97,0.024366706761404976
1554,97,0.023936891397529608
1555,97,0.02419412032903409
1556,97,0.024152767888837547
1557,97,0.024713169907650698
1558,97,0.02468575011503651
1559,97,0.024334775872343384
1560,97,0.024350763866755123
1561,97,0.024904634034927264
1562,97,0.024845395148971806
1563,97,0.02465595585669803
1564,97,0.02400487851974247
1565,97,0.02356994578504367
1566,97,0.024441784383439136
1567,97,0.024072836429483026
1568,97,0.023989799139811543
1569,97,0.024661055697371922
1570,97,0.02463672372314761
1571,97,0.02464470645136069
1572,97,0.02470648925742155
1573,97,0.024989886431669727
1574,97,0.02482044536778269
1575,97,0.02427647161720535
1576,97,0.024801613631644688
1577,97,0.024647845904435493
1578,97,0.024175445038582495
1579,97,0.025088682041525437
1580,97,0.02452646720028557
1581,97,0.025137187375828512
1582,97,0.02439307759119217
1583,97,0.024635566820688876
1584,97,0.024592305269947705
1585,97,0.024909639065759902
1586,97,0.024921090424382758
1587,97,0.02465302511356859
1588,97,0.024328059741389657
1589,97,0.02489207618719552
1590,97,0.024155444951299062
1591,97,0.024601457025565356
1592,97,0.024028068963714674
1593,97,0.024606023113292422
1594,97,0.024325265454735824
1595,97,0.024102526510006307
1596,97,0.02414392822703893
1597,97,0.024636286041839726
1598,97,0.024717296969589846
1599,97,0.024501680326726612
1600,97,0.02474458215901745
1601,97,0.024683312360039265
1602,97,0.025160241575726522
1603,97,0.024454255446101802
1604,97,0.024719011825702273
1605,97,0.024484402881858245
1606,97,0.024529526547485064
1607,97,0.024049277606186026
1608,97,0.024233270513051103
1609,96,0.024620069365101496
1610,96,0.025017618459053013
1611,96,0.024339135903607156
1612,96,0.024177057564953586
1613,96,0.02447936026569317
1614,96,0.024443056608586897
1615,96,0.024147475285952836
1616,96,0.02446371063356741
1617,96,0.024259122654366975
1618,96,0.023794693119859836
1619,96,0.024498860203398358
1620,96,0.02465086933832606
1621,96,0.02462416781639887
1622,96,0.023885814980756342
1623,96,0.024721705495488168
1624,96,0.024071138012537983
1625,96,0.02435310446789205
1626,96,0.02415617262704519
1627,96,0.024845355711313712
1628,95,0.024741038578519253
1629,95,0.023784170643345506
1630,95,0.02432644448973847
1631,94,0.023824786416613227
1632,94,0.023742583884468954
1633,94,0.02401807056746085
1634,94,0.023560903481408376
1635,94,0.023928765962710524
1636,94,0.023392823857103128
1637,94,0.023515023849079525
1638,94,0.024281088631147273
1639,94,0.02360318029294151
1640,94,0.023735446675371856
1641,94,0.02356144221866079
1642,94,0.02385168765278685
1643,94,0.0247204884261978
1644,94,0.023315662039049792
1645,94,0.023832320338456385
1646,94,0.02359239993518139
1647,94,0.02394981126302796
1648,94,0.02411595271102872
1649,94,0.023977080258410038
1650,94,0.023593270348810792
1651,94,0.024391551865153432
1652,94,0.024246859675992525
1653,94,0.023801895366463485
1654,94,0.023871915345248795
1655,94,0.02379584330313177
1656,94,0.02373929508702799
1657,94,0.024124516331975657
1658,94,0.024015241820346134
1659,94,0.02431952004409411
1660,94,0.023858363165277376
1661,93,0.02417823622835117
1662,93,0.023496214361516117
1663,93,0.0237243657305515
1664,93,0.02348141864823762
1665,93,0.02390305703906322
1666,93,0.02406384827527141
1667,93,0.02388704416765222
1668,93,0.023098813214680606
1669,93,0.024106658837384574
1670,93,0.02349301846549336
1671,93,0.02344828311099929
1672,93,0.023896378600562363
1673,93,0.02390774359857427
1674,93,0.023706427288732363
1675,93,0.02349953239848631
1676,93,0.023832112405193583
1677,93,0.02347290574613742
1678,93,0.023610931161771744
1679,93,0.02371534482564981
1680,93,0.023303295779806905
1681,93,0.023541667503402565
1682,93,0.02300262176806658
1683,93,0.02346650265947099
1684,93,0.023923920131255324
1685,93,0.02387618334995211
1686,93,0.02406969325571278
1687,93,0.02329636849196747
1688,93,0.02346396894101904
1689,93,0.023345785475158604
1690,93,0.023915591987032577
1691,93,0.02348750954213652
1692,93,0.02337481047590894
1693,93,0.023737841068960215
1694,93,0.02340900874314685
1695,93,0.0237181217961463
1696,93,0.02380570189551024
1697,93,0.02381518543047879
1698,93,0.02332234105001576
1699,93,0.023636743154728423
1700,93,0.02306010503775801
1701,93,0.024138248296737212
1702,93,0.02373386041327467
1703,93,0.023292551261795205
1704,93,0.024160359929436104
1705,93,0.0234736911950415
1706,93,0.023676659997593042
1707,93,0.023460107425862922
1708,93,0.023469629849175652
1709,93,0.02407409951532234
1710,93,0.023251600623500093
1711,93,0.024076090880096088
1712,93,0.023673038240501678
1713,93,0.023795138387956095
1714,92,0.023625724855704387
1715,92,0.023825190541711724
1716,92,0.02393277967228886
1717,92,0.023729109766090304
1718,92,0.023817099438702506
1719,92,0.02322858595976072
1720,92,0.023636681638753012
1721,92,0.022971872197087927
1722,92,0.023007473321797606
1723,92,0.02362253545184776
1724,92,0.023006473359560804
1725,92,0.023640877352330936
1726,92,0.0235657383962274
1727,92,0.023315317085221245
1728,92,0.023131838943412822
1729,92,0.0235774203246258
1730,92,0.023484096224017537
1731,90,0.02341252793992412
1732,90,0.02283368307189736
1733,89,0.022481841038891733
1734,89,0.0230448358826389
1735,89,0.022718541812450362
1736,89,0.022773197474248736
1737,89,0.02295271709562447
1738,89,0.022765499987263915
1739,89,0.023084264131157974
1740,89,0.022500005105171212
1741,89,0.023314174551392536
1742,89,0.023302472297456935
1743,89,0.023172833485209474
1744,89,0.022775120116661895
1745,89,0.022868994460431398
1746,89,0.022130375588886884
1747,89,0.0229707903512857
1748,89,0.02340087449434642
1749,89,0.023597487134778865
1750,89,0.02307866405715509
1751,89,0.022308756885054435
1752,89,0.022461208738234213
1753,89,0.02340787801066634
1754,89,0.022738170355236065
1755,89,0.02328511337408205
1756,89,0.02269931342124507
1757,89,0.02269625898414313
1758,89,0.022263236165974046
1759,89,0.02292683119909883
1760,89,0.02336676632202804
1761,89,0.023315613601522234
1762,89,0.023365901452697797
1763,89,0.022273588660472826
1764,89,0.023194485296297293
1765,89,0.022934643941337242
1766,89,0.022255549431163122
1767,89,0.023121780111366293
1768,89,0.023081700613795702
1769,89,0.022983203355681513
1770,89,0.02257221149326217
1771,89,0.02288224360416663
1772,89,0.022861783215181047
1773,89,0.023554350310354816
1774,89,0.022933774961013217
1775,89,0.023299312146910504
1776,89,0.022690013569566403
1777,89,0.02325400249200268
1778,89,0.022477123279962218
1779,89,0.022943418996300792
1780,89,0.02312773105480689
1781,89,0.023141397948855134
1782,89,0.022583740881768094
1783,89,0.022684731073253306
1784,89,0.022894744651628884
1785,89,0.02283124597701334
1786,89,0.0227832627654495
1787,89,0.022192742187359345
1788,89,0.02294671400277377
1789,89,0.02336489556738618
1790,89,0.022618234755113795
1791,89,0.02264138875489329
1792,89,0.022469171131728995
1793,89,0.022778032858474493
1794,89,0.022457792053239077
1795,89,0.022720228268160073
1796,89,0.022882535601923982
1797,89,0.022738037225870894
1798,89,0.02246480569303434
1799,89,0.022760437079374224
1800,89,0.022516723115957257
1801,89,0.023089625153559397
1802,89,0.02321947459117315
1803,88,0.02288041710029386
1804,88,0.022145292217003995
1805,88,0.02183192086355073
1806,88,0.02238720161859295
1807,88,0.022892734300528232
1808,88,0.02303595820934112
1809,88,0.02234913132656475
1810,88,0.022317499956310435
1811,88,0.02257038169153635
1812,88,0.022743723227987435
1813,88,0.022587213013700945
1814,88,0.02249107209110729
1815,88,0.02246518372338676
1816,88,0.022847118957928805
1817,88,0.02318828455279729
1818,88,0.02283052759327069
1819,88,0.022495438436295263
1820,88,0.022822098922633875
1821,88,0.0227670039248028
1822,88,0.022523646258622125
1823,88,0.022430793127043287
1824,88,0.02225990855962318
1825,88,0.022055374550249276
1826,88,0.023178070657948403
1827,88,0.022993553224186815
1828,88,0.022888469425920186
1829,87,0.02239916885830151
1830,87,0.02265155512173992
1831,87,0.02202360649690022
1832,87,0.022220620983858404
1833,87,0.022288192904651387
1834,87,0.022573928281286678
1835,87,0.021953538432566054
1836,87,0.02245022663658483
1837,87,0.022470678200976854
1838,87,0.022656670260372887
1839,87,0.022354915003967434
1840,87,0.022966585029154295
1841,87,0.022714159478451443
1842,87,0.022218712770543998
1843,87,0.022323451585939673
1844,87,0.02258280198224491
1845,87,0.022484430268417704
1846,87,0.022486126355866474
1847,87,0.022429828815220376
1848,86,0.02268621122167911
1849,86,0.022709260509842972
1850,86,0.021571585091917814
1851,86,0.02274941283075207
1852,86,0.02262581026974343
1853,86,0.022096066395911558
1854,86,0.02211459400440572
1855,86,0.022106956998055656
1856,86,0.02195396043138828
1857,86,0.02216624012041042
1858,86,0.02212125481816106
1859,86,0.02224234679609451
1860,86,0.022533767731894163
1861,86,0.02217780077168372
1862,86,0.021718584131484735
1863,86,0.02235347045467226
1864,86,0.022364344663864957
1865,86,0.02234927304993481
1866,86,0.021843107370623664
1867,86,0.022346467689228516
1868,86,0.021975534055750874
1869,86,0.02290133015980905
1870,86,0.021496740334476294
1871,86,0.022594559630279842
1872,86,0.021632123365761764
1873,86,0.02206431700770633
1874,86,0.022750704801426012
1875,86,0.022053610707730164
1876,86,0.02194083078940425
1877,86,0.022312666458764983
1878,86,0.02262877256557337
1879,86,0.022607396205261206
1880,86,0.02197459348116757
1881,86,0.021839937114655563
1882,86,0.022532625619241662
1883,86,0.02192951823315071
1884,86,0.021903972821194637
1885,86,0.02249519589854504
1886,86,0.02224782200009445
1887,86,0.02259457029270373
1888,86,0.0221820758939976
1889,86,0.022424633757762828
1890,86,0.02215101890475637
1891,86,0.02211910395593816
1892,86,0.02155504738129492
1893,86,0.021762096451619285
1894,86,0.022538503709554788
1895,86,0.022299256831141773
1896,86,0.02185411733595015
1897,86,0.02205922826319656
1898,86,0.022016166051522762
1899,86,0.02283492578980628
1900,86,0.022027515685158844
1901,86,0.021802454095181993
1902,86,0.02197684191772957
1903,86,0.02192661563663954
1904,86,0.022174333554638992
1905,86,0.021691065990236152
1906,86,0.022007519754740364
1907,86,0.022157720601993933
1908,86,0.02202379035561416
1909,86,0.022244357288592476
1910,86,0.022070092180392964
1911,86,0.02154123771131626
1912,86,0.022588743780522315
1913,86,0.022182965865673
1914,86,0.022295237906836206
1915,86,0.022157934630042047
1916,86,0.022304533034814382
1917,86,0.02221227905598359
1918,86,0.021809205184560327
1919,86,0.021667247621353594
1920,86,0.022502979015111328
1921,86,0.022086265064074368
1922,86,0.021778183681090073
1923,86,0.0223108512793697
1924,86,0.022177307603586587
1925,86,0.022282815857856228
1926,86,0.022297974881653825
1927,86,0.022192481749166205
1928,86,0.02233061896263184
1929,86,0.022307254926555314
1930,86,0.022468462962148675
1931,85,0.022410268537006114
1932,85,0.02201374984867787
1933,85,0.021900709010703692
1934,85,0.022099933511490144
1935,85,0.021936061866599663
1936,84,0.021655374097497987
1937,84,0.02198124827788817
1938,84,0.02183832606715272
1939,84,0.02176846977328372
1940,84,0.021524994376213625
1941,84,0.021622951370706082
1942,84,0.021375678214700013
1943,84,0.021566586403764607
1944,84,0.022178612611938788
1945,84,0.021844138192466212
1946,84,0.022001824908531562
1947,84,0.022329570286028597
1948,84,0.021505982868369265
1949,84,0.021754562761983332
1950,84,0.0216748046817825
1951,84,0.02186018467971304
1952,84,0.021601653894354932
1953,84,0.022120062108842715
1954,84,0.022187179039605702
1955,84,0.02077708529154245
1956,84,0.021121301327134696
1957,84,0.02201385395016802
1958,83,0.021670371785907402
1959,83,0.021223914472458066
1960,83,0.02186609371729958
1961,83,0.021702577209414164
1962,83,0.021101104045618976
1963,82,0.020844868790762628
1964,82,0.021177922126687093
1965,82,0.020560021989199637
1966,82,0.021653967088475196
1967,82,0.02140743736500169
1968,82,0.021191115722933463
1969,82,0.021689999381480023
1970,82,0.02144469527320828
1971,82,0.022109189931273247
1972,82,0.021264052752215757
1973,82,0.021297188286699527
1974,82,0.021346656579794603
1975,82,0.021471618304075697
1976,82,0.022057585354933733
1977,82,0.02139840924136417
1978,82,0.021600023921413084
1979,82,0.02131250183116281
1980,82,0.021886607330660467
1981,82,0.021092340139402234
1982,82,0.020746551822840797
1983,82,0.02184777370877203
1984,82,0.021620600637880377
1985,82,0.021386523819014944
1986,82,0.02088527036330323
1987,82,0.021405731749674296
1988,82,0.020843093937653254
1989,82,0.021179780407478435
1990,81,0.021037192481575605
1991,81,0.021173261993508934
1992,81,0.020739842499045393
1993,81,0.021194127345347945
1994,81,0.021014341033772824
1995,81,0.020663371203616533
1996,81,0.021115668870595277
1997,81,0.02085256738560939
1998,81,0.02097938768265786
1999,81,0.02129980145339971
2000,81,0.021077371909847018
2001,81,0.021409775918463107
2002,81,0.0214698069351528
2003,81,0.021029391724109208
2004,80,0.021190379405501076
2005,80,0.020866748807102292
2006,80,0.02132541801408325
2007,80,0.020894885903664003
2008,80,0.021372624065622018
2009,80,0.020985405264065834
2010,80,0.020804721692915404
2011,80,0.020988425457853375
2012,80,0.020217224426630667
2013,80,0.02108163758284613
2014,80,0.021090315175169575
2015,80,0.021493308816306955
2016,80,0.020751337891600247
2017,80,0.0206325372721519
2018,80,0.02096677386812716
2019,80,0.02099403048933727
2020,80,0.020967094424714026
2021,80,0.021162018639212257
2022,80,0.02023531917848165
2023,79,0.02053225059220101
2024,79,0.02057983875846561
2025,79,0.02061400194676918
2026,79,0.021105456378572984
2027,79,0.0208717119642092
2028,78,0.020569907436308137
2029,78,0.02033986217873908
2030,78,0.020771083408011665
2031,78,0.02039154853281073
2032,78,0.019983022790755357
2033,78,0.020285936882279164
2034,78,0.020496586371643703
2035,78,0.020305264036585884
2036,78,0.02118713401471829
2037,78,0.020896497093932247
2038,78,0.02081013474881002
2039,78,0.019824634029138578
2040,78,0.020454096827172523
2041,78,0.020064641933699837
2042,78,0.020145037146927818
2043,78,0.02025754649583225
2044,78,0.01950036539669414
2045,78,0.020143329138959123
2046,78,0.020330856985614744
2047,78,0.019917175574827115
2048,78,0.020885118050931604
2049,78,0.02041039656437226
2050,78,0.020821934917816275
2051,78,0.02032543113181588
2052,78,0.020541133446778385
2053,78,0.020410886474267902
2054,78,0.020590799729898565
2055,78,0.020751607049812274
2056,78,0.02032219466507013
2057,78,0.02062246099329788
2058,78,0.020627638641293005
2059,78,0.02047748382283231
2060,78,0.020313488906529946
2061,78,0.020111568827540983
2062,78,0.020683393696381964
2063,78,0.020196433746762887
2064,78,0.02037348428248684
2065,78,0.01977461896882612
2066,78,0.020619392854132022
2067,78,0.020493916931813412
2068,78,0.02044471185907151
2069,78,0.020445150036333827
2070,78,0.02044340891351385
2071,78,0.02068282595857353
2072,78,0.020507798493003812
2073,78,0.02080375500894946
2074,78,0.020709607880621688
2075,78,0.02006575285905338
2076,78,0.020267502283784856
2077,78,0.020247824824473497
2078,78,0.02065807061470818
2079,78,0.020719154006671944
2080,78,0.02057711114783977
2081,77,0.01994377845356505
2082,77,0.01936269571535646
2083,77,0.020406851924904615
2084,77,0.02015751773153203
2085,77,0.019416870321089914
2086,77,0.020321443001835932
2087,77,0.019848684329455885
2088,77,0.019790966629616786
2089,77,0.02064442148189193
2090,77,0.020819413945888574
2091,77,0.0204087601721591
2092,77,0.02005018916586555
2093,77,0.020330500027629674
2094,77,0.020807340464831472
2095,77,0.02042486273633846
2096,77,0.019681492698947905
2097,77,0.019663324797266343
2098,77,0.019952624430426506
2099,77,0.019634893463777323
2100,77,0.02010959063088193
2101,77,0.020641699380289986
2102,77,0.02026057628340644
2103,77,0.019897113783548942
2104,77,0.02056996854658123
2105,77,0.020158875388107348
2106,77,0.019820891386519816
2107,77,0.01959837250786659
2108,77,0.02040918950884196
2109,77,0.020409141376240916
2110,77,0.020293506473818442
2111,77,0.02085231009888118
2112,76,0.020245453962044902
2113,76,0.02017376334433458
2114,76,0.0195580460892298
2115,76,0.020121676192012664
2116,76,0.020356906535881764
2117,76,0.020052708570548864
2118,76,0.020004234049893006
2119,76,0.020069709751549134
2120,76,0.01889694303373599
2121,76,0.019949759334685093
2122,74,0.02003904412304675
2123,74,0.01981121619747528
2124,74,0.01922523898887909
2125,74,0.01943869858407466
2126,74,0.019551916302890916
2127,74,0.019580540351775946
2128,74,0.019588346790714133
2129,74,0.01929685762492833
2130,74,0.01938933016849627
2131,74,0.019010255982605386
2132,74,0.019384674349161673
2133,74,0.019686825953460357
2134,74,0.01941087163493552
2135,74,0.020011716778650965
2136,74,0.01974103690461499
2137,74,0.019807988966396885
2138,73,0.01927179021786801
2139,73,0.019607666162429524
2140,73,0.018977477487637326
2141,73,0.019574001816598137
2142,73,0.019692344533918923
2143,73,0.019398310348606024
2144,73,0.01953689034172213
2145,73,0.01907301340616204
2146,73,0.019965814225158366
2147,73,0.01872592201441967
2148,73,0.01903301399589184
2149,73,0.018990824223897435
2150,73,0.01915216760015328
2151,73,0.01932462914410096
2152,72,0.019120242294084183
2153,72,0.019085273540473936
2154,72,0.019128969256278612
2155,72,0.018976526636099972
2156,72,0.01974503820973403
2157,71,0.018659512130187683
2158,71,0.018298015344898538
2159,71,0.018326824330080815
2160,71,0.01869298166461367
2161,70,0.018473748109023275
2162,70,0.018733969752000364
2163,70,0.01897709574868963
2164,70,0.019152278748770013
2165,70,0.01810699636435677
2166,70,0.019007151397741767
2167,70,0.019069814044614927
2168,70,0.018800206278619076
2169,70,0.01856203005227768
2170,70,0.018341125444128165
2171,69,0.01837190013064993
2172,69,0.01790840498325219
2173,69,0.017966518460655195
2174,69,0.01872601774430377
2175,69,0.018310303954100427
2176,69,0.01788970379597562
2177,69,0.01878986200675894
2178,69,0.018095871025600813
2179,68,0.01855290412947669
2180,68,0.01834155821021096
2181,68,0.018268905547559982
2182,68,0.018576571060508678
2183,68,0.02070701927070402
2184,68,0.018248762095359212
2185,68,0.017698438082880196
2186,68,0.01878726989100491
2187,68,0.01754825468543606
2188,68,0.018177363488246487
2189,68,0.018047172630723796
2190,68,0.018471513261011964
2191,68,0.017751127438720586
2192,68,0.017991654285631216
2193,68,0.017917289848859447
2194,68,0.018089857159955855
2195,68,0.01767165092430543
2196,68,0.01842266375186695
2197,68,0.017943320901089917
2198,68,0.017879817331447608
2199,68,0.017748844361526368
2200,68,0.018420920438350582
2201,68,0.018500154051463148
2202,68,0.018600408665733245
2203,68,0.018667438467582363
2204,68,0.018380256680288913
2205,68,0.017665102693212222
2206,68,0.017555744380867083
2207,68,0.018732048333223443
2208,68,0.01876359914224341
2209,68,0.018723598831672947
2210,68,0.018513147066877355
2211,68,0.01797885043198573
2212,68,0.01799231429901859
2213,68,0.01820832617309099
2214,68,0.018633691105153255
2215,68,0.01755718559887229
2216,68,0.018348496882306234
2217,68,0.01804277612812445
2218,68,0.018454279183585626
2219,68,0.018035728496158095
2220,68,0.018103323603572478
2221,68,0.018229846207210475
2222,68,0.018446121907267247
2223,68,0.018542605943300657
2224,68,0.017995085823966656
2225,68,0.01839064628828533
2226,68,0.018413932065051465
2227,68,0.018342996230721106
2228,68,0.017806744368706096
2229,67,0.018087834046276986
2230,67,0.017984749467029038
2231,67,0.017699722850476333
2232,67,0.017793902454850095
2233,67,0.017863409352406486
2234,67,0.018761950053005478
2235,67,0.018437765794244755
2236,67,0.01799914913884319
2237,67,0.017999673359559154
2238,67,0.01772792538187893
2239,67,0.018361224512486587
2240,67,0.01807880313582324
2241,67,0.017732039743091746
2242,67,0.01750731880302796
2243,67,0.018143791478358613
2244,67,0.0179054093953357
2245,67,0.018202355851323765
2246,67,0.018402949743525993
2247,67,0.017606849092750045
2248,67,0.018967042205031752
2249,67,0.017852965927364583
2250,67,0.017883613266143204
2251,67,0.01859135526595586
2252,67,0.017750479402612658
2253,67,0.018203608824332005
2254,67,0.018154670650806233
2255,67,0.01764729151915233
2256,67,0.018306010665006853
2257,67,0.017932325125937152
2258,67,0.018404053281414243
2259,66,0.01819142406262711
2260,65,0.017274914313546025
2261,65,0.01820431581245009
2262,65,0.01834604038643629
2263,65,0.017370964212841903
2264,64,0.01699258956212587
2265,64,0.01756341789284834
2266,64,0.016816086653098278
2267,64,0.017347009501911866
2268,64,0.0174276399973905
2269,64,0.01647776871772985
2270,64,0.01811661173547573
2271,64,0.017322781846077804
2272,63,0.017578648616498722
2273,63,0.01684707468313648
2274,63,0.017250514902082955
2275,63,0.0193291113616096
2276,63,0.017974545171785622
2277,63,0.01859083993453569
2278,63,0.017830126041220716
2279,63,0.016841032767205374
2280,62,0.01770780103053966
2281,62,0.017634629211209486
2282,62,0.016916705635803175
2283,62,0.016514862716975363
2284,62,0.017505349224664537
2285,62,0.01719598934605196
2286,62,0.017254503436408525
2287,62,0.016187446392540307
2288,62,0.016755594434220998
2289,62,0.01826095915666821
2290,62,0.017003158058336017
2291,62,0.018534069170190827
2292,62,0.017314963436030013
2293,62,0.016623685182953325
2294,61,0.017053357698858223
2295,61,0.016992477367391564
2296,61,0.01616547653430066
2297,61,0.01669048336132153
2298,60,0.017574357234570185
2299,60,0.017134156760639493
2300,60,0.016763163200555556
2301,59,0.016296996894465697
2302,59,0.016975727424565067
2303,59,0.015863943246523755
2304,59,0.01619727201514793
2305,59,0.016499707272255994
2306,58,0.016647087753456358
2307,58,0.016341868204689934
2308,58,0.016585621396780832
2309,58,0.016433060557018566
2310,58,0.01614934877951106
2311,58,0.016366125794607927
2312,58,0.016699517381956488
2313,58,0.01599576496062373
2314,58,0.017049764927382347
2315,58,0.0155825729342318
2316,58,0.0156604278742912
2317,58,0.016628566033286198
2318,58,0.016236285707795745
2319,58,0.01599623385523765
2320,58,0.016445529151525855
2321,58,0.016816547333261333
2322,58,0.015964676495908603
2323,58,0.016874219166379725
2324,58,0.016507970924705212
2325,58,0.016972099698156527
2326,58,0.01702154626667015
2327,58,0.016503799189153776
2328,58,0.016589425401654496
2329,58,0.016331149013210127
2330,58,0.015063380355809954
2331,58,0.01711187522019276
2332,58,0.015825361947771937
2333,58,0.01617606956296392
2334,58,0.015560309215795515
2335,58,0.015999600586479857
2336,58,0.01684715065873988
2337,58,0.0158663345786924
2338,58,0.01599752875686334
2339,58,0.015743578409502978
2340,58,0.015857877676150732
2341,58,0.016197151484943828
2342,58,0.015753848815091617
2343,58,0.017165444725717575
2344,58,0.016293868333887053
2345,58,0.015217705271730431
2346,58,0.016527388167552
2347,58,0.01535572437465972
2348,58,0.01679255883306452
2349,58,0.016316521420207262
2350,58,0.017105309383996008
2351,58,0.01691288405100986
2352,58,0.016133798572078854
2353,58,0.016294010039480764
2354,58,0.017323077479991962
2355,58,0.016406197129715715
2356,58,0.015963675671330994
1,100,0.025275863811194406
2,100,0.025210680703974312
3,100,0.025329539004036138
4,100,0.025446897670089806
5,100,0.025507581042784073
6,100,0.025475031065000767
7,100,0.025005639194407885
8,100,0.02505820336619815
9,100,0.024706335733073938
10,100,0.025464617145166762
11,100,0.025220872982471707
12,100,0.02542805788801675
13,100,0.025392448481873196
14,100,0.024936617282010468
15,100,0.02503811625637754
16,100,0.024861530957905664
17,100,0.025215390900991452
18,100,0.024984624753455358
19,100,0.024741584796507433
20,100,0.025275078188450727
21,100,0.025266990729691578
22,100,0.025433680949078292
23,100,0.025333019327047172
24,100,0.02533504908133059
25,100,0.02520636443184646
26,100,0.025117835039056593
27,100,0.025171955122903236
28,100,0.024704149669040953
29,100,0.025376091547210544
30,100,0.02557732996130062
31,100,0.025198848837962307
32,100,0.025196154492993207
33,100,0.025793295241905934
34,100,0.02521210967593906
35,100,0.02553067815525563
36,100,0.025528928864773384
37,100,0.025789896362743113
38,100,0.02498411459648743
39,100,0.025262811183594018
40,100,0.025437230237904885
41,100,0.02581812607666597
42,100,0.025655276831538683
43,100,0.02518972779685937
44,100,0.025291795304104935
45,100,0.025166967687590743
46,100,0.025519173634039546
47,100,0.025413577022778806
48,100,0.025064683553516945
49,100,0.025243741566543968
50,100,0.025097242877065735
51,100,0.024922228302783744
52,100,0.02547405486112357
53,100,0.025371493889394938
54,100,0.025544697891452816
55,100,0.025516287159735505
56,100,0.02496289942483243
57,100,0.024973800375578222
58,100,0.02562357477958792
59,100,0.025377510937038602
60,100,0.02540579524603523
61,100,0.025427867495049945
62,100,0.025199724961010053
63,100,0.025495207094150523
64,100,0.0253053420495739
65,100,0.02500366038273074
66,100,0.025215627776291962
67,100,0.025382988672474238
68,100,0.025461201116206506
69,100,0.02530647835562511
70,100,0.02589140955475401
71,100,0.025609334236685703
72,100,0.025012505747920688
73,100,0.0254576002778352
74,100,0.025117807638852404
75,100,0.02504869984844552
76,100,0.02524818480004373
77,100,0.02536768416655088
78,100,0.02492960336839568
79,100,0.024997096153056734
80,100,0.025217966554970574
81,100,0.025192989238199154
82,100,0.025745955020588015
83,100,0.025037996132042543
84,100,0.025334395306414348
85,100,0.025586467835712553
86,100,0.02555783021195318
87,100,0.025140089016580332
88,100,0.02509253889351038
89,100,0.02552025060958353
90,100,0.0254616472708393
91,100,0.025314172115243463
92,100,0.02550412837815261
93,100,0.02554192573725163
94,100,0.025138923448119268
95,100,0.025826458762418937
96,100,0.025379098849348834
97,100,0.025625833789234775
98,100,0.025047504830845283
99,100,0.02525839373322182
100,100,0.024600671399479787
101,100,0.025479634969422144
102,100,0.025584513995370966
103,100,0.024782121850970035
104,100,0.025135876231647734
105,100,0.025490080736839
106,100,0.02551700016586162
107,100,0.02528491853652961
108,100,0.025243319604116497
109,100,0.025360798339732198
110,100,0.025320391936719283
111,100,0.025291371937642138
112,100,0.025532584179033164
113,100,0.02576936798829699
114,100,0.024858670738021168
115,100,0.025534880843585007
116,100,0.024779138385831317
117,100,0.02561979907159601
118,100,0.0256161679471246
119,100,0.02519547039623464
120,100,0.025540799481076952
121,100,0.02551278145261615
122,100,0.025341298545465067
123,100,0.025088107711061177
124,100,0.024747086858187446
125,100,0.02532074078456425
126,100,0.025210566124645683
127,100,0.025190830663126402
128,100,0.02534475450387313
129,100,0.0251248546015864
130,100,0.025496720377681602
131,100,0.02529328817967522
132,100,0.02534130489844598
133,100,0.025422430475157128
134,100,0.024875739331195232
135,100,0.024840095199297845
136,100,0.02527353490220535
137,100,0.025257975484574344
138,100,0.02504807186506867
139,100,0.02533656088845558
140,100,0.02535842980438163
141,100,0.0252092491467851
142,100,0.025183335340096678
143,100,0.025384020540227332
144,100,0.025584350012860513
145,100,0.02514416869187751
146,100,0.0250061175813823
147,100,0.025816012265512268
148,100,0.02519718896427942
149,100,0.02489858581037177
150,100,0.025418310949167633
151,100,0.025422874459670727
152,100,0.025118224108406067
153,100,0.02576040497393566
154,100,0.025342260624414574
155,100,0.025568623770175204
156,100,0.025242312887458707
157,100,0.025355664921452196
158,100,0.025585846662756158
159,100,0.024967450786879904
160,100,0.025585949937240157
161,100,0.025485363061023284
162,100,0.02566753164124811
163,100,0.025602631710517985
164,100,0.02467841835555609
165,100,0.02500038235333631
166,100,0.025066348942577508
167,100,0.02591053841873353
168,100,0.02524616788562533
169,100,0.0253487408228368
170,100,0.025606606145027237
171,100,0.025800662277543795
172,100,0.024930384349091075
173,100,0.02513975916581878
174,100,0.02587446796524035
175,100,0.025351427712757096
176,100,0.025546328675543527
177,100,0.02541689578390187
178,100,0.02461443045877164
179,100,0.025011215157312024
180,100,0.02499986047798911
181,100,0.02526498038423385
182,100,0.02538660811013302
183,100,0.025800104617024117
184,100,0.025294893526679383
185,100,0.025380763291427265
186,100,0.025122692388015292
187,100,0.025454556195711492
188,100,0.025221634452254466
189,100,0.025355959303478524
190,100,0.02542769500019756
191,100,0.025882895981718713
192,100,0.025160254053296218
193,100,0.02532353671182894
194,100,0.025589293323211706
195,100,0.02563025262798191
196,100,0.024653845639692022
197,100,0.025285499433656548
198,100,0.02497180134335661
199,100,0.024782293196452213
200,100,0.02529017880603473
201,100,0.025416002805834382
202,100,0.02533879804845965
203,100,0.02563164304574478
204,100,0.02490378382698053
205,100,0.025135345408517366
206,100,0.025772262731824827
207,100,0.025435340904730496
208,100,0.025594514943285594
209,100,0.025627474379160863
210,100,0.02544932854375759
211,100,0.024965362264620712
212,100,0.02542933619028354
213,100,0.025442888400035255
214,100,0.025912450856545234
215,100,0.02533154582528996
216,100,0.02577830970921879
217,100,0.025326461443696723
218,100,0.02515884586966057
219,100,0.025340340909454324
220,100,0.025279225552409735
221,100,0.025156363391074504
222,100,0.025644143996627018
223,100,0.02553670284557207
224,100,0.025244229317188255
225,100,0.025201421297381395
226,100,0.025189219692140788
227,100,0.02506324714535246
228,100,0.02520080599700743
229,100,0.025592692866513164
230,100,0.025418013977329405
231,100,0.025759609245658757
232,100,0.024623595212322824
233,100,0.025345920308877775
234,100,0.025806649440124035
235,100,0.02502186773514426
236,100,0.025277155167555524
237,100,0.02525774840976224
238,100,0.025211964910471923
239,100,0.025430669313867105
240,100,0.02522220884376326
241,100,0.02612921661651872
242,100,0.026050758571818062
243,100,0.025553417066759527
244,100,0.025467931450359003
245,100,0.025419337340500187
246,100,0.0249668637659306
247,100,0.025342911420517904
248,100,0.025510184721473417
249,100,0.025427390803437085
250,100,0.024796038058621107
251,100,0.024987501359388074
252,100,0.024960290548899696
253,100,0.025171156715209704
254,100,0.025525092205280472
255,100,0.025705578538531695
256,100,0.025828182075363235
257,100,0.025234503645957265
258,100,0.025254030246854776
259,100,0.025230094708843753
260,100,0.02530113857991954
261,100,0.025147421467651
262,100,0.02551625453085092
263,100,0.025521934317891144
264,100,0.025515670668947756
265,100,0.025203267942021733
266,100,0.02592278289332289
267,100,0.025310673650472473
268,100,0.025780992436180605
269,100,0.025084176777746346
270,100,0.025027212673787526
271,100,0.024958940569525807
272,100,0.02519700000944235
273,100,0.025259122742904462
274,100,0.024910662339448032
275,100,0.02503966857344018
276,100,0.025160648901316005
277,100,0.025514779839028646
278,100,0.025489515119042645
279,100,0.02525190423600553
280,100,0.025871162679195345
281,100,0.025578612195475078
282,100,0.025237650513947302
283,100,0.025123013635624875
284,100,0.025030237821756958
285,100,0.02477411355819676
286,100,0.025280841913351327
287,100,0.02509166776809249
288,100,0.025150258372847425
289,100,0.02533445376440255
290,100,0.024910969925932443
291,100,0.024970812876124373
292,100,0.025798372046077565
293,100,0.0257269786077654
294,100,0.02463534260326848
295,100,0.025170702045806237
296,100,0.0250401484464322
297,100,0.025439827684765794
298,100,0.02506215413681854
299,100,0.025520860271365835
300,100,0.02540889663411045
301,100,0.0251107539371438
302,100,0.025687143486659465
303,100,0.0252420225586504
304,100,0.025901818644539085
305,100,0.02512107878776295
306,100,0.025264093878644717
307,100,0.025316480032695536
308,100,0.025572523201845755
309,100,0.02568059422973531
310,100,0.02532417924509546
311,100,0.025457187322511995
312,100,0.025065929274606408
313,100,0.025211962103662836
314,100,0.02559722663352731
315,100,0.02561375560664705
316,100,0.025560545776244642
317,100,0.025274905477743515
318,100,0.025419855283466884
319,100,0.02530698323609719
320,100,0.02493426842301974
321,100,0.025381245005156823
322,100,0.02550722980069324
323,100,0.025579114280063153
324,100,0.025106699253299915
325,100,0.02561963186797227
326,100,0.024888343350399064
327,100,0.025224452196897527
328,100,0.02514265871437095
329,100,0.02496580454472101
330,100,0.02480598921917168
331,100,0.025172190840947132
332,100,0.025280413680408082
333,100,0.025567529632197637
334,100,0.02527704881596348
335,100,0.025814518919518824
336,100,0.02506305120940354
337,100,0.025177544097554683
338,100,0.025537352674591805
339,100,0.02534288259228288
340,100,0.025321781401941766
341,100,0.025427994562125123
342,100,0.02533365755784927
343,100,0.025187083232479587
344,100,0.025229701954271315
345,100,0.025384554395457025
346,100,0.025376424241356322
347,100,0.024971476346309765
348,100,0.025793441435996236
349,100,0.02549353108724376
350,100,0.0253128025608316
351,100,0.025537125767675594
352,100,0.024995984506570736
353,100,0.024989060254384077
354,100,0.025507146368794104
355,100,0.02524593379454413
356,100,0.02584144594550352
357,100,0.02570944596215641
358,100,0.024822361827969874
359,100,0.02491441859594584
360,100,0.025468999049765115
361,100,0.02535241410395514
362,100,0.025239577090048454
363,100,0.025245732081399408
364,100,0.025818164901671718
365,100,0.0253030634734157
366,100,0.02512638817555052
367,100,0.02547889782655535
368,100,0.025392309285026577
369,100,0.025311668188779928
370,100,0.02512163784581667
371,100,0.025584327730622435
372,100,0.024985082756689002
373,100,0.02545009110431429
374,100,0.02556625352886763
375,100,0.02538255943494529
376,100,0.024758573841595508
377,100,0.025319437936953272
378,100,0.025255560171286613
379,100,0.02534620004514128
380,100,0.025279552476143448
381,100,0.025225607487613873
382,100,0.025026363215000562
383,100,0.02557316565765505
384,100,0.025521656122564657
385,100,0.025224842318983986
386,100,0.02553695010950975
387,100,0.024877518949298925
388,100,0.025478489444402883
389,100,0.02544918939463815
390,100,0.024675441593193615
391,100,0.024865169584403046
392,100,0.02491290715958686
393,100,0.024750149925494253
394,100,0.025577807494842328
395,100,0.025337317043406228
396,100,0.024491367722107034
397,100,0.02543083387110002
398,100,0.025818448741207433
399,100,0.02550005660669962
400,100,0.025671255767870296
401,100,0.025685015254151157
402,100,0.025866853323256826
403,100,0.02573562566247006
404,100,0.025256425366002463
405,100,0.02592840612035932
406,100,0.024879374406606737
407,100,0.025340959473410134
408,100,0.025688182723102318
409,100,0.025203320923893137
410,100,0.025567436369797733
411,100,0.02511037135884843
412,100,0.025152870117527235
413,100,0.025733028067163665
414,100,0.025824886611298222
415,100,0.02518809979459974
416,100,0.025155240475630655
417,100,0.025313004483154017
418,100,0.025496563010764806
419,100,0.0250025559441264
420,100,0.02474576090956958
421,100,0.02527617423324051
422,100,0.025075952953838406
423,100,0.02561683813334671
424,100,0.025247310361206723
425,100,0.025031323707005816
426,100,0.02504543709016566
427,100,0.025583600876436536
428,100,0.025289110751912508
429,100,0.025354447258766222
430,100,0.025519595815795024
431,100,0.024683752433191753
432,100,0.025186118370425722
433,100,0.024822278001193042
434,100,0.025744616715839497
435,100,0.02570768360478767
436,100,0.025655775186767465
437,100,0.025616072900634113
438,100,0.025566676178191406
439,100,0.02514766453717283
440,100,0.02533844588581982
441,100,0.0255537305943681
442,100,0.024834997457561972
443,100,0.025295798685695675
444,100,0.025910480464070303
445,100,0.025202026678626078
446,100,0.024711830636130323
447,100,0.025240381672771768
448,100,0.02494784423839659
449,100,0.025856664207707224
450,100,0.025104633698163
451,100,0.025269785321640204
452,100,0.025422297674102912
453,100,0.025154231156626926
454,100,0.025197507177495478
455,100,0.025241178667701047
456,100,0.025250835924902574
457,100,0.02529011046334581
458,100,0.025307319642047306
459,100,0.02549074296161489
460,100,0.02564892546561882
461,100,0.025362856840263816
462,100,0.02492359542365979
463,100,0.025573745028685497
464,100,0.02499440026588052
465,100,0.02465936565599472
466,100,0.024693342558731533
467,100,0.025567365568218665
468,100,0.025174023946853592
469,100,0.025637280412814267
470,100,0.02532386494275925
471,100,0.025447123483941722
472,100,0.025086202289836483
473,100,0.024917851614727874
474,100,0.02517499805957387
475,100,0.024956563666398396
476,100,0.025015499366109098
477,100,0.025362387287896967
478,100,0.02524155187810157
479,100,0.025098322619792175
480,100,0.024869225872381898
481,100,0.025348541829597514
482,100,0.025683972138325514
483,100,0.025803887236523
484,100,0.025878091917073933
485,100,0.025196811704832855
486,100,0.024950571302427612
487,100,0.02468316812445675
488,100,0.026050905026853803
489,100,0.02580435617536409
490,100,0.025634453282944746
491,100,0.025346606961340782
492,100,0.025258492579987732
493,100,0.025194755122388682
494,100,0.02520125825424514
495,100,0.025937766791671653
496,100,0.025195735311679325
497,100,0.025179889472298506
498,100,0.025312526547744175
499,100,0.025090898685731035
500,100,0.025097219489871127
501,100,0.025403248909972257
502,100,0.02518889244623937
503,100,0.025654263785117006
504,100,0.02545986777935705
505,100,0.025188843668184864
506,100,0.025582513268782702
507,100,0.02527355023145302
508,100,0.0247858035613708
509,100,0.025064426460569597
510,100,0.02536009955777241
511,100,0.025679349316098415
512,100,0.025107925000247434
513,100,0.025353311939302278
514,100,0.02502290444224397
515,100,0.025105984486501563
516,100,0.02491940337102452
517,100,0.025128884553600676
518,100,0.025731766114846982
519,100,0.025437656639652577
520,100,0.025230956038665278
521,100,0.025379834982302302
522,100,0.025481787522371936
523,100,0.02571851736568391
524,100,0.02489452996877061
525,100,0.025539405603563492
526,100,0.025088245196816527
527,100,0.025907154925659696
528,100,0.025967967067677893
529,100,0.02468547161451443
530,100,0.02538925576991429
531,100,0.02540109807510101
532,100,0.024648237143664913
533,100,0.02484232334889256
534,100,0.02492771347671916
535,100,0.025248172543762173
536,100,0.025623012483806145
537,100,0.02540333588026887
538,100,0.025657754870272758
539,100,0.025598517564178035
540,100,0.02573950478238135
541,100,0.025395932178153297
542,100,0.0256736680234992
543,100,0.025545724235241738
544,100,0.025254998583967167
545,100,0.025046067301316345
546,100,0.02547004108577758
547,100,0.025592514868498336
548,100,0.02464815575257361
549,100,0.025604372859418145
550,100,0.025280072978820897
551,100,0.02507885071272386
552,100,0.02505348000792434
553,100,0.024985704272075252
554,100,0.025067544278008495
555,100,0.02508431119629871
556,100,0.025964996894009214
557,100,0.025655730914469613
558,100,0.025111115303011904
559,100,0.025291656909614966
560,100,0.025286966465781602
561,100,0.025424624773095903
562,100,0.02520330235396185
563,100,0.025168382665311732
564,100,0.025278987335058234
565,100,0.02492318146395074
566,100,0.025576354984255322
567,100,0.02547876807106559
568,100,0.025235908452727097
569,100,0.02517280236141103
570,100,0.025293574527989474
571,100,0.025619782444669323
572,100,0.02532733790239946
573,100,0.025512307914661768
574,100,0.025058391233051588
575,100,0.025567276471802226
576,100,0.02524517951719248
577,100,0.025103289668339985
578,100,0.025756490314800488
579,100,0.024914982920685072
580,100,0.025386999507592302
581,100,0.02521081738464681
582,100,0.025863098107734454
583,100,0.025445578013123984
584,100,0.025153679610940734
585,100,0.02547337172185055
586,100,0.025123865556167763
587,100,0.02477195194050101
588,100,0.025086423382340354
589,100,0.02556796334569063
590,100,0.025410976278678273
591,100,0.02499323167167413
592,100,0.025050763728406474
593,100,0.02508108369222142
594,100,0.02515042975480192
595,100,0.025567804436121607
596,100,0.025145166187348383
597,100,0.02481684409366125
598,100,0.024987094370751205
599,100,0.025721927900730142
600,100,0.02546596584800961
601,100,0.025657232169077046
602,100,0.024847738580299362
603,100,0.025216297623103318
604,100,0.024907098218669942
605,100,0.025689795932813016
606,100,0.025368826515257566
607,100,0.024884675048799168
608,100,0.02505216208888973
609,100,0.02510592995927451
610,100,0.025233396510806385
611,100,0.025197936359735856
612,100,0.02600750849624708
613,100,0.025241975569443374
614,100,0.025392794672848926
615,100,0.025156144298588857
616,100,0.024871678615050526
617,100,0.025402872980136715
618,100,0.025058328141249944
619,100,0.025648945590305762
620,100,0.025338077382114174
621,100,0.02557719121774392
622,100,0.02532366752676917
623,100,0.0249502933903765
624,100,0.025106352736555124
625,100,0.025555510301913855
626,100,0.02517922912037456
627,100,0.025481407796484522
628,100,0.02501878679048726
629,100,0.025242412598655315
630,100,0.025572196365548944
631,100,0.025104579385880968
632,100,0.025175013989564298
633,100,0.025887022905482268
634,100,0.025057243512914985
635,100,0.0252529549378463
636,100,0.025126407717000632
637,100,0.024921677309060003
638,100,0.025036380385750977
639,100,0.025537234754291527
640,100,0.02518102752551419
641,100,0.024778012033616403
642,100,0.02508343808139993
643,100,0.025351979258777746
644,100,0.02522103955335686
645,100,0.024925565323836787
646,100,0.025264077483901668
647,100,0.02554343992355745
648,100,0.025177506677213496
649,100,0.025097817479466322
650,100,0.024922322573049483
651,100,0.025247788204302027
652,100,0.025250126056005365
653,100,0.02549676484719846
654,100,0.02523326221023971
655,100,0.02578922520617423
656,100,0.025468037280616
657,100,0.02572030461545366
658,100,0.02499946872114886
659,100,0.02558081888512094
660,100,0.025106678146527124
661,100,0.024722205514411864
662,100,0.024857498803273252
663,100,0.02530315214234347
664,100,0.02487566152648959
665,100,0.025730776955757886
666,100,0.02512522988122648
667,100,0.02514500585712724
668,100,0.02537245743963966
669,100,0.025012003247553514
670,100,0.025344180150485444
671,100,0.02555839121739722
672,100,0.025303089311239355
673,100,0.02557503429942057
674,100,0.02567990394794563
675,100,0.02567218355541002
676,100,0.02543859480098006
677,100,0.02491317073678767
678,100,0.025018259237138508
679,100,0.02560201707153681
680,100,0.02580414738415618
681,100,0.025031084319626064
682,100,0.02531711315615804
683,100,0.025208839320619
684,100,0.02567412832548403
685,100,0.026224788474272894
686,100,0.025801057932978627
687,100,0.025467524964587655
688,100,0.02477992923238348
689,100,0.024729893013505696
690,100,0.025201262225267196
691,100,0.025260539796399747
692,100,0.02527121362725875
693,100,0.0252620682199566
694,100,0.025171234247624866
695,100,0.024942837603384366
696,100,0.02545136211247461
697,100,0.025697130739903654
698,100,0.024645466587273693
699,100,0.025684869917770525
700,100,0.02509762586972444
701,100,0.025240199076428927
702,100,0.025090147184766674
703,100,0.025048687181751066
704,100,0.02585163282670391
705,100,0.025639121509505036
706,100,0.02507163839408099
707,100,0.02490304682822522
708,100,0.025443532071902617
709,100,0.02541876734836273
710,100,0.025217825187750433
711,100,0.025244485510878743
712,100,0.02520827687745917
713,100,0.0256712147796098
714,100,0.025551164977117263
715,100,0.025269572098584443
716,100,0.025562403140618806
717,100,0.024740235541111013
718,100,0.02520008331583015
719,100,0.025193815453743808
720,100,0.025228373382732126
721,100,0.02554795743806922
722,100,0.025440639675270084
723,100,0.025363531681847573
724,100,0.024984579837058266
725,100,0.024786188442068372
726,100,0.024773411874710265
727,100,0.025044500948421877
728,100,0.025858509082169256
729,100,0.025320194777756204
730,100,0.02504437928134672
731,100,0.025162429969380215
732,100,0.025490207040365934
733,100,0.025370614382515692
734,100,0.025963460985222984
735,100,0.025427725939861003
736,100,0.025600434472117378
737,100,0.02522847459168372
738,100,0.025210261423454908
739,100,0.02522988455475816
740,100,0.02490890860003915
741,100,0.02586108315169232
742,100,0.02604230049884001
743,100,0.024657714133182677
744,100,0.024947700890594587
745,100,0.024852598198966302
746,100,0.02486614246038993
747,100,0.02517229939137469
748,100,0.025425365072814805
749,100,0.025296227130939104
750,100,0.025288052794104864
751,100,0.025232962507045625
752,100,0.024672706469674198
753,100,0.02496698679884707
754,100,0.025651368849218325
755,100,0.025149946951586746
756,100,0.025405643569040806
757,100,0.025245184964022584
758,100,0.02535120351540633
759,100,0.024728530334824066
760,100,0.02542732421920708
761,100,0.02571902780820584
762,100,0.02550892517814182
763,100,0.02507269226823485
764,100,0.0253631299460264
765,100,0.025252947719674436
766,100,0.02505199803479868
767,100,0.025314532798797487
768,100,0.025520711965513043
769,100,0.02492487498057315
770,100,0.025158450272415964
771,100,0.025427741931913755
772,100,0.025045791776934275
773,100,0.025194787338806448
774,100,0.0252609756642653
775,100,0.02520141594805095
776,100,0.025218035748683115
777,100,0.025212049860251527
778,100,0.02540066445347985
779,100,0.025223747492322292
780,100,0.02544552760211832
781,100,0.025413595206881273
782,100,0.02555487723409522
783,100,0.025057328504336805
784,100,0.02517219969388062
785,100,0.025455606277454284
786,100,0.025770743591275663
787,100,0.025643877660803633
788,100,0.025249980554880785
789,100,0.026007831137786454
790,100,0.024881686218253294
791,100,0.025452120864864224
792,100,0.0252193785046619
793,100,0.025848012458066803
794,100,0.025487032192305047
795,100,0.025394392037150125
796,100,0.025023291869135093
797,100,0.025908960527626975
798,100,0.025337237839897997
799,100,0.02597425504494117
800,100,0.025174426930766117
801,100,0.02539941788490181
802,100,0.02555455223245847
803,100,0.026028468764316425
804,100,0.025171384334728975
805,100,0.02530981066198588
806,100,0.02576617399230589
807,100,0.025309871687798184
808,100,0.02559609774634227
809,100,0.025277890049107986
810,100,0.024865531593948803
811,100,0.025325485078422014
812,100,0.025734259431260707
813,100,0.02500044527329968
814,100,0.025614965118471392
815,100,0.025400225417368243
816,100,0.025216584779426822
817,100,0.025637653332114287
818,100,0.02520825292019619
819,100,0.025674436727278347
820,100,0.02555821835656975
821,100,0.02458139911681583
822,100,0.02518531539485935
823,100,0.025084580308789697
824,100,0.025012809862883265
825,100,0.024994799472901785
826,100,0.025595114900879446
827,100,0.02538635803495681
828,100,0.025615267921274477
829,100,0.025398384556090572
830,100,0.024665124986229664
831,100,0.025126316473712634
832,100,0.025214837001944566
833,100,0.025651319434492927
834,100,0.025609064974044936
835,100,0.02499658930655254
836,100,0.025215055262783764
837,100,0.02473069744819095
838,100,0.0254416433825636
839,100,0.025459415965310116
840,100,0.025227286780214856
841,100,0.025510311160521385
842,100,0.025284855021395134
843,100,0.02531897759379312
844,100,0.025226017971993957
845,100,0.025101009338243146
846,100,0.02512181770473033
847,100,0.025160261941248124
848,100,0.025656944142931886
849,100,0.025792381768815056
850,100,0.025426777166706927
851,100,0.025614292605668793
852,100,0.024613187472833562
853,100,0.025604824213519964
854,100,0.02502518041375439
855,100,0.025124149401656488
856,100,0.024761441406151392
857,100,0.02565265835465928
858,100,0.025992205258932748
859,100,0.025322835669360954
860,100,0.025038893052488524
861,100,0.0252916089834754
862,100,0.025003822745825202
863,100,0.02568774481899132
864,100,0.025394735262719674
865,100,0.025203122918932994
866,100,0.02514815823531387
867,100,0.025523567452126462
868,100,0.025040600859032973
869,100,0.025292143327780348
870,100,0.025505451258422226
871,100,0.025169681817355204
872,100,0.025295381797600994
873,100,0.02531160626733355
874,100,0.025785494079887967
875,100,0.025436809110272268
876,100,0.02559960188453561
877,100,0.025635238548376738
878,100,0.024855609829326438
879,100,0.025407976100579974
880,100,0.02501435022611447
881,100,0.024759878274593177
882,100,0.025128606744065675
883,100,0.025285595734666263
884,100,0.024767470329635215
885,100,0.025492603891663256
886,100,0.025034588840399427
887,100,0.0255869059897886
888,100,0.02520166632394141
889,100,0.024549168159937195
890,100,0.025479382674934447
891,100,0.025611650084927794
892,100,0.024820148602882352
893,100,0.02529895373738734
894,100,0.025133605027400405
895,100,0.025545360907362986
896,100,0.025278690743308525
897,100,0.025012357524838952
898,100,0.02584502586940115
899,100,0.02582870561296697
900,100,0.025518801287462856
901,100,0.025949408832895468
902,100,0.025288912822739075
903,100,0.025126175741719697
904,100,0.025585897713590745
905,100,0.025651268749381118
906,100,0.025749201043169377
907,100,0.025590349730094084
908,100,0.025663786768065626
909,100,0.025338877316793157
910,100,0.025074097710912617
911,100,0.02513365767395187
912,100,0.025477626887948267
913,100,0.025308633339450923
914,100,0.025625404061791576
915,100,0.025580631985976113
916,100,0.025547687396056545
917,100,0.025206256051027835
918,100,0.025328458338794272
919,100,0.025770977645773355
920,100,0.025746374170962014
921,100,0.025826336465910888
922,100,0.02520704184903873
923,100,0.02555306331051252
924,100,0.025612513863142547
925,100,0.025155536856765328
926,100,0.025463862448115326
927,100,0.025409733084094464
928,100,0.025045888403017517
929,100,0.0252715168514205
930,100,0.025707911227855783
931,100,0.025323695647671365
932,100,0.02572036875547054
933,100,0.025318237146157975
934,100,0.025690479254785445
935,100,0.02558588525316447
936,100,0.024995895352806923
937,100,0.02568110683885533
938,100,0.025799359798570568
939,100,0.02525714423385555
940,100,0.024841613907103495
941,100,0.025271652427589778
942,100,0.02542114055444003
943,100,0.025070214238148685
944,100,0.02579541391794494
945,100,0.026097447615390058
946,100,0.025610907861849497
947,100,0.025298015291989637
948,100,0.025258618925100673
949,100,0.025825914910258534
950,100,0.025696537847386087
951,100,0.02521078672559655
952,100,0.025217968726839374
953,100,0.025209143519362834
954,100,0.02520544024882847
955,100,0.025092967417839927
956,100,0.025173245693161327
957,100,0.025561124312933847
958,100,0.025198422806455588
959,100,0.02551158415126164
960,100,0.025174616348374264
961,100,0.02565386856385655
962,100,0.025252478358306383
963,100,0.02504780270559582
964,100,0.025278444395038707
965,100,0.025200659339965698
966,100,0.02535493503173079
967,100,0.025269297258957452
968,100,0.025291463989344492
969,100,0.02537560536150327
970,100,0.02558611709718324
971,100,0.02546466586161683
972,100,0.025847226579654214
973,100,0.02522373348519625
974,100,0.02518996119754689
975,100,0.0249524233063432
976,100,0.025295596057158653
977,100,0.025824890163358746
978,100,0.024880374688701596
979,100,0.024906859004213935
980,100,0.02617657464370888
981,100,0.02594395075843641
982,100,0.025509788458940995
983,100,0.02515888116634973
984,100,0.025372358010535764
985,100,0.025628602745123304
986,100,0.02520560535157572
987,100,0.024846309960940203
988,100,0.024952162658582883
989,100,0.02534226848783857
990,100,0.025588488685680446
991,100,0.025106830129838442
992,100,0.025190863823965338
993,100,0.024835338765041615
994,100,0.024839481905473294
995,100,0.024873715220385433
996,100,0.025209430157556542
997,100,0.025339407142708676
998,100,0.025118348493048934
999,100,0.02538670749330231
1000,100,0.0251289570791942
1001,100,0.02546590264359078
1002,100,0.024904992847883223
1003,100,0.02509081344961061
1004,100,0.024714129069211225
1005,100,0.025052492098274013
1006,100,0.02529867173971453
1007,100,0.025054381665561565
1008,100,0.024799876147816095
1009,100,0.025198554782348535
1010,100,0.0251203163905087
1011,100,0.02557165481908653
1012,100,0.025341922356685705
1013,100,0.025244215259649323
1014,100,0.025260254239710133
1015,100,0.025258352770819042
1016,100,0.025775666658632228
1017,100,0.02535725785831326
1018,100,0.02513369115906538
1019,100,0.025247869464983187
1020,100,0.025302730773822363
1021,100,0.024991633926431642
1022,100,0.025792412051953074
1023,100,0.025443307429258672
1024,100,0.025215509989023832
1025,100,0.025484995694931973
1026,100,0.024703918086031583
1027,100,0.025206737228213833
1028,100,0.025536441529339288
1029,100,0.025518698281053437
1030,100,0.0252757330324073
1031,100,0.025741525280314877
1032,100,0.02584813720847329
1033,100,0.025776523115664446
1034,100,0.02562225895731357
1035,100,0.025504998434527425
1036,100,0.024947855957351796
1037,100,0.025139349928018733
1038,100,0.025472804792851255
1039,100,0.02556352155995425
1040,100,0.024865771252037473
1041,100,0.02537035147810632
1042,100,0.025380810024455986
1043,100,0.02523200481803742
1044,100,0.02513037107175295
1045,100,0.02518792761504757
1046,100,0.024905958439393857
1047,100,0.02476200224635027
1048,100,0.02520835282216843
1049,100,0.025446544965064277
1050,100,0.025799206422196172
1051,100,0.025996724031256885
1052,100,0.02477132637339544
1053,100,0.02535181647838014
1054,100,0.025562672969058252
1055,100,0.025000279772662344
1056,100,0.025032243436991654
1057,100,0.02489008468679228
1058,100,0.02552273002791216
1059,100,0.025516008157781545
1060,100,0.025504968724571656
1061,100,0.025084918069276388
1062,100,0.02511392205798172
1063,100,0.025359297375630835
1064,100,0.024840404796574928
1065,100,0.02496685194264874
1066,100,0.025655968431314107
1067,100,0.025569400610816386
1068,100,0.026201523626702534
1069,100,0.02536011651843974
1070,100,0.02515456819527615
1071,100,0.02493603388750403
1072,100,0.025392515732133747
1073,100,0.025162281026038257
1074,100,0.0252583472503819
1075,100,0.025635123542254418
1076,100,0.025186040689853632
1077,100,0.02548096396173121
1078,100,0.02561429027931865
1079,100,0.024969738913533737
1080,100,0.025871855413996343
1081,100,0.025853841943580595
1082,100,0.025302295910147234
1083,100,0.02532737551438926
1084,100,0.025067798846502894
1085,100,0.02489763128594755
1086,100,0.02541374436454709
1087,100,0.025991444406350074
1088,100,0.02603244441835379
1089,100,0.025309236038331743
1090,100,0.025704557058562737
1091,100,0.025828909543038944
1092,100,0.02565787584822433
1093,100,0.024943656308901257
1094,100,0.025474638782471803
1095,100,0.0254070554721512
1096,100,0.025225601127077467
1097,100,0.025314453217683518
1098,100,0.025575831390371347
1099,100,0.025009163454189576
1100,100,0.025531045660075725
1101,100,0.025675309734870914
1102,100,0.025152076487390526
1103,100,0.025548562735392803
1104,100,0.0249658388743893
1105,100,0.025351168851826547
1106,100,0.02575964219616083
1107,100,0.025644216060237666
1108,100,0.025429011418199553
1109,100,0.025103587672614044
1110,100,0.02543462012833298
1111,100,0.025680010059132802
1112,100,0.024921917427901282
1113,100,0.025852982991890153
1114,100,0.025551821238943465
1115,100,0.02541847966336098
1116,100,0.02524331859855419
1117,100,0.025618854048890256
1118,100,0.025202684538889967
1119,100,0.024875396643220422
1120,100,0.02561483098798016
1121,100,0.024532733744405604
1122,100,0.02545055826900583
1123,100,0.025658130647392672
1124,100,0.02516410664815636
1125,100,0.025297196770362063
1126,100,0.024829172472707814
1127,100,0.025258179779924467
1128,100,0.025052201751726184
1129,100,0.02509896885775333
1130,100,0.025384088315714898
1131,100,0.025668611531488056
1132,100,0.025227301454212953
1133,100,0.0252322974692384
1134,100,0.025638534610986488
1135,100,0.025644148368754942
1136,100,0.025664322769121665
1137,100,0.02535111195942359
1138,100,0.025463029299318426
1139,100,0.02524426057235476
1140,100,0.025451144129458623
1141,100,0.02569639871995946
1142,100,0.02531231553692064
1143,100,0.025678716653887743
1144,100,0.025562809316860623
1145,100,0.025212935225954507
1146,100,0.024860694087584654
1147,100,0.025108520331985615
1148,100,0.025547394518242634
1149,100,0.025349233379151348
1150,100,0.025121098401373828
1151,100,0.02587331800149487
1152,100,0.025044729371033154
1153,100,0.02529726683196398
1154,100,0.025010075234617075
1155,100,0.02517516259843319
1156,100,0.02575997701619791
1157,100,0.025217764099646524
1158,100,0.02501772540563084
1159,100,0.02540777188747953
1160,100,0.02495521082173498
1161,100,0.02574135967587494
1162,100,0.025069372579536023
1163,100,0.024875432058578784
1164,100,0.025101509876863833
1165,100,0.025755099462758096
1166,100,0.025596400096317504
1167,100,0.025504452978252958
1168,100,0.025335524049584772
1169,100,0.02564235864133516
1170,100,0.02461415917667336
1171,100,0.025513223707223302
1172,100,0.025753835013080727
1173,100,0.025107378437562954
1174,100,0.025171809195099877
1175,100,0.025292496780804
1176,100,0.024901373161619125
1177,100,0.025181413387421307
1178,100,0.0250095303838717
1179,100,0.02508065703330545
1180,100,0.02512305111579726
1181,100,0.025331857064603745
1182,100,0.025161554258914042
1183,100,0.025555173393740672
1184,100,0.02545877221183913
1185,100,0.02486424903751632
1186,100,0.02471161019855888
1187,100,0.025484151079965437
1188,100,0.02505316512469064
1189,100,0.025772409257530153
1190,100,0.025378537496004383
1191,100,0.025939115139439337
1192,100,0.024964488695797808
1193,100,0.025660427569810816
1194,100,0.025113181209881454
1195,100,0.025641107628673936
1196,100,0.025478186906339705
1197,100,0.026103530440009542
1198,100,0.025575178398536395
1199,100,0.025604920574101582
1200,100,0.025729647173240413
1201,100,0.025394711375366873
1202,100,0.024947521895507717
1203,100,0.02535490318103178
1204,100,0.025006219221362747
1205,100,0.025033893420748007
1206,100,0.025541215396812877
1207,100,0.02533784460102668
1208,100,0.02525803950721595
1209,100,0.025226172299613263
1210,100,0.025591308122371748
1211,100,0.02520547956826106
1212,100,0.024846136494100213
1213,100,0.025097117273951974
1214,100,0.024676954152438993
1215,100,0.025108576855381964
1216,100,0.025292590378299062
1217,100,0.02584413812668427
1218,100,0.024673283232778582
1219,100,0.02554714848134365
1220,100,0.02496814203044242
1221,100,0.02542951754845734
1222,100,0.025082973170347845
1223,100,0.025452438677767364
1224,100,0.025366399780679238
1225,100,0.024511392380048885
1226,100,0.02591201481664866
1227,100,0.0248507302060539
1228,100,0.025755077638222507
1229,100,0.025105528298626646
1230,100,0.025090362152134338
1231,100,0.025337848650707928
1232,100,0.0250472476216368
1233,100,0.02527169400004079
1234,100,0.02526615053521282
1235,100,0.0251597075025446
1236,100,0.02557161294795617
1237,100,0.024996184216500076
1238,100,0.025199145812294127
1239,100,0.02474767255331928
1240,100,0.02560062841100609
1241,100,0.024913063943232425
1242,100,0.025455936131436117
1243,100,0.0253822291845083
1244,100,0.024933059220602165
1245,100,0.025100958552610717
1246,100,0.0254892266609577
1247,100,0.025431129153538144
1248,100,0.025692137514692782
1249,100,0.025005724689923917
1250,100,0.02561528592791683
1251,100,0.02567066425420274
1252,100,0.025039099469240485
1253,100,0.025765574392757784
1254,100,0.025615516226049382
1255,100,0.02505481824479683
1256,100,0.02539249608670151
1257,100,0.024973550643191934
1258,100,0.025653029610666393
1259,100,0.02494298065387414
1260,100,0.025162309606210156
1261,100,0.025131022027626737
1262,100,0.02524805530487609
1263,100,0.024918453798272306
1264,100,0.02578635159028799
1265,100,0.02546885884858922
1266,100,0.02567028430381756
1267,100,0.025332694576537265
1268,100,0.025242654038968863
1269,100,0.024932723577333647
1270,100,0.025322962949184416
1271,100,0.02533553025060722
1272,100,0.025359953325900596
1273,100,0.02598954728590459
1274,100,0.024932449791691184
1275,100,0.025667822623880846
1276,100,0.02494583010808473
1277,100,0.025120337665216645
1278,100,0.02516718137931242
1279,100,0.025575875969321038
1280,100,0.02507189174716946
1281,100,0.024882220312390346
1282,100,0.02542714236987902
1283,100,0.025482736796116415
1284,100,0.02484326827351151
1285,100,0.025409379505634763
1286,100,0.02555910360758251
1287,100,0.02581739227441923
1288,100,0.025602065909321244
1289,100,0.025450035998794546
1290,100,0.025294095511374706
1291,100,0.025496805095742755
1292,100,0.02518816943426283
1293,100,0.02498606960224067
1294,100,0.025365989072622885
1295,100,0.025139781216993857
1296,100,0.024768757749558997
1297,100,0.025266949564459507
1298,100,0.02548454100706238
1299,100,0.025522792490463665
1300,100,0.02521162490778938
1301,100,0.025073234277983743
1302,100,0.02606215486973036
1303,100,0.025303174528132258
1304,100,0.025225434498880855
1305,100,0.024935690595165386
1306,100,0.02586970338120511
1307,100,0.02559970188622692
1308,100,0.02554016733106411
1309,100,0.02542368369425067
1310,100,0.0253686876458316
1311,100,0.025472241780724016
1312,100,0.02535284270949221
1313,100,0.025113480375140853
1314,100,0.0254615316146137
1315,100,0.025208423843347948
1316,100,0.024637967835121274
1317,100,0.02570192464173713
1318,100,0.025480364809467734
1319,100,0.025880015623838203
1320,100,0.02542850877164813
1321,100,0.025275696649370617
1322,100,0.02601967315125881
1323,100,0.02558790069633405
1324,100,0.025101904591519224
1325,100,0.02526842804285249
1326,100,0.025367195484195464
1327,100,0.02602526879730138
1328,100,0.02507601042150508
1329,100,0.02447100869681496
1330,100,0.02466900196251171
1331,99,0.025782416559694894
1332,99,0.025234054276857383
1333,99,0.02467615505072
1334,99,0.02472718853511698
1335,99,0.024884154107057296
1336,99,0.025535511159614794
1337,99,0.025027727380782183
1338,99,0.02454401937372979
1339,99,0.024964763863693062
1340,99,0.0253653819443621
1341,99,0.024609017659038793
1342,99,0.02533941501515666
1343,99,0.024947702015080907
1344,99,0.024924068560048328
1345,99,0.025066860255121504
1346,99,0.02489963626723699
1347,99,0.02486073515729289
1348,99,0.025170776722303542
1349,99,0.02549109390900138
1350,99,0.025154891884623262
1351,99,0.02519160618411678
1352,99,0.02524480669189628
1353,99,0.025515073637727106
1354,99,0.02523962819646584
1355,99,0.024815383032521253
1356,99,0.025316111694168905
1357,99,0.024864530760393473
1358,99,0.025564395951100397
1359,99,0.025863225674850932
1360,99,0.02505691627137511
1361,99,0.024295178189340686
1362,99,0.025087639355032675
1363,99,0.02455740902754384
1364,99,0.02513682534328121
1365,99,0.024995574475385255
1366,99,0.025054722411391606
1367,99,0.025176406870908163
1368,99,0.025490657486889473
1369,99,0.025131465531178204
1370,99,0.025618062762650308
1371,99,0.025320349201643222
1372,99,0.025062561727038343
1373,99,0.024924983368387325
1374,99,0.025466047689136156
1375,99,0.02534697228876345
1376,99,0.02460150813784394
1377,99,0.024819494417500795
1378,99,0.02537382307604376
1379,99,0.025395105804145952
1380,99,0.02505147817187306
1381,99,0.02546604025826441
1382,99,0.025370222967237288
1383,99,0.025123716026762225
1384,99,0.0255764318749236
1385,99,0.02476879625082848
1386,99,0.025308316392872877
1387,99,0.02501871086300185
1388,99,0.02519383381378981
1389,99,0.025301805876978285
1390,99,0.025006484649045518
1391,99,0.024939321701654846
1392,99,0.02463193744909715
1393,99,0.02541780335188228
1394,99,0.024893720128301308
1395,99,0.02523036596205823
1396,99,0.02463547208224241
1397,99,0.024975225849496508
1398,99,0.02470326844467788
1399,99,0.025508634635362945
1400,99,0.024520552133004414
1401,99,0.02505750941400315
1402,99,0.02522473947181766
1403,99,0.025002384780251935
1404,99,0.02554703539251613
1405,99,0.0250649096740641
1406,99,0.025178073566231928
1407,99,0.025073840941639697
1408,99,0.02480408750653858
1409,99,0.025514381476568794
1410,99,0.024878515592242082
1411,99,0.024898890515057635
1412,99,0.025194824533986956
1413,99,0.02518005769031782
1414,99,0.024940364632659463
1415,99,0.025824957706176377
1416,99,0.02471375104438145
1417,99,0.025008183649084862
1418,99,0.02504110418767044
1419,99,0.02511676912355781
1420,99,0.024729878637666826
1421,99,0.02510884002354214
1422,99,0.02486803504008828
1423,99,0.025222501116997476
1424,99,0.024999017379292922
1425,99,0.025021275188511275
1426,99,0.02473667440822055
1427,99,0.02522260157508717
1428,99,0.025546298587405397
1429,99,0.024865909838179476
1430,99,0.025371589540063445
1431,99,0.024858637013764066
1432,99,0.024940407741185246
1433,99,0.02549665278774498
1434,99,0.024812665716831325
1435,99,0.02480618692582802
1436,99,0.02562639415533611
1437,99,0.025058638749875305
1438,99,0.025039435078836304
1439,99,0.024855726603954607
1440,98,0.024982879170398868
1441,98,0.024852512268851233
1442,98,0.025126551050596517
1443,98,0.02469407009650712
1444,98,0.024762904769629175
1445,98,0.025496831461512496
1446,98,0.025549566560914037
1447,98,0.024431357577706644
1448,98,0.0250041599637902
1449,98,0.024621320894527666
1450,98,0.02479464920014146
1451,98,0.025113010914722945
1452,98,0.024747632402420415
1453,98,0.025026251133178863
1454,98,0.024703927014218294
1455,98,0.025124501710147917
1456,98,0.02485338611965924
1457,98,0.02492577281782972
1458,98,0.02471316398133188
1459,98,0.025318145877014656
1460,98,0.024899645208436936
1461,98,0.025286031947655486
1462,98,0.024872765049902483
1463,98,0.02562799848346799
1464,98,0.02512237474606318
1465,98,0.024718366355934787
1466,98,0.025225710867976897
1467,98,0.025007497149559573
1468,98,0.024806053649514517
1469,98,0.024578634807618467
1470,98,0.024939930416522958
1471,98,0.02489517788492882
1472,98,0.024857368850815128
1473,98,0.024594940297686864
1474,98,0.02490953480044412
1475,98,0.024876917462527535
1476,98,0.02478616195984759
1477,98,0.02493749183782318
1478,98,0.025075541869994077
1479,98,0.025463615556748986
1480,98,0.02505338808515784
1481,98,0.02511081456015772
1482,98,0.024835760785421886
1483,98,0.025221197275918084
1484,98,0.025401899955206825
1485,98,0.024712453875251665
1486,98,0.025179477311395963
1487,98,0.024766320708737802
1488,98,0.024747690952179043
1489,98,0.025404712808901345
1490,98,0.02444968873957239
1491,98,0.02451762804391811
1492,98,0.024733584302243695
1493,98,0.024435559154748585
1494,98,0.025054889987374426
1495,98,0.024920339366369268
1496,98,0.024887442460439727
1497,98,0.02498303409795528
1498,98,0.025162974282607945
1499,98,0.02536254442119961
1500,98,0.02481923275483072
1501,98,0.025337974775621688
1502,98,0.024800417764006634
1503,98,0.024950979612592322
1504,98,0.0249872043947898
1505,98,0.02469083684146224
1506,98,0.02461038682562354
1507,98,0.024610609578936304
1508,98,0.02494725228133736
1509,98,0.024854184502403606
1510,98,0.024723659856717997
1511,98,0.02482746537018236
1512,98,0.024830607999948753
1513,98,0.02529814616712637
1514,98,0.024764365431649667
1515,98,0.025350631473732777
1516,98,0.025202861282743638
1517,98,0.02510542280454421
1518,98,0.02535667689222938
1519,98,0.02480397140258111
1520,98,0.025571844294185506
1521,98,0.024323439305350008
1522,98,0.02488843697110627
1523,98,0.02468510651707857
1524,98,0.024651776174552154
1525,98,0.024800965452376776
1526,98,0.025213153100418693
1527,98,0.02491781567876119
1528,98,0.024738891629872087
1529,98,0.024464621895856926
1530,98,0.02467168073057839
1531,98,0.02468902947371717
1532,98,0.024649570859534075
1533,98,0.02518317109997054
1534,98,0.025289718849008273
1535,98,0.02508516896942261
1536,98,0.025002919061283154
1537,98,0.02533784576194372
1538,98,0.02443578185627798
1539,98,0.025401295409994463
1540,98,0.024934748971354313
1541,98,0.024328306738908914
1542,98,0.025542127594877097
1543,98,0.024962658877661244
1544,98,0.02488659165257258
1545,98,0.02472181619103767
1546,98,0.025090683125495204
1547,98,0.024908477793052452
1548,98,0.024720723496574486
1549,98,0.025359967004432514
1550,98,0.02542315546010638
1551,98,0.02511191157948404
1552,98,0.02478285488646425
1553,98,0.025299832281503
1554,98,0.024807764015462277
1555,98,0.02461819956302774
1556,98,0.025332003086193138
1557,98,0.025398605039562556
1558,98,0.024514491458739043
1559,98,0.025323051034313385
1560,98,0.02494742348394668
1561,98,0.02487765943807631
1562,98,0.025333840674421716
1563,98,0.024717264802110277
1564,98,0.025289410535783013
1565,98,0.025366137499202433
1566,98,0.025121357651747254
1567,98,0.0250457754899141
1568,98,0.025193347765744726
1569,98,0.024827495238411317
1570,98,0.02501028864884745
1571,98,0.02467590312271659
1572,98,0.0249781016528721
1573,98,0.025509261683699044
1574,98,0.024781995919853163
1575,98,0.024371532937601963
1576,98,0.025097147435589263
1577,98,0.025083408507529426
1578,98,0.02546351188938962
1579,98,0.024995191901592585
1580,98,0.025168296755185147
1581,98,0.024566384956454492
1582,98,0.02516846071174556
1583,98,0.02500481284309503
1584,98,0.025029968455236366
1585,98,0.024153141232223084
1586,98,0.025018578772468898
1587,98,0.024336410454874745
1588,98,0.024810324419597192
1589,98,0.024847714183777684
1590,98,0.025038316140231186
1591,98,0.024980165712969266
1592,97,0.024575171385918734
1593,97,0.024718843868953323
1594,97,0.02479862073039458
1595,97,0.02470065519566566
1596,97,0.024999706570448497
1597,97,0.025289433201154902
1598,97,0.0250898992029111
1599,97,0.02477372387591774
1600,97,0.025329063784060482
1601,97,0.02463120701473517
1602,97,0.024802134385406176
1603,97,0.02452976891614066
1604,97,0.024715264956592122
1605,97,0.02509242582288441
1606,97,0.024654498630775807
1607,97,0.02497146754359349
1608,97,0.0247425919573134
1609,97,0.02419680760476069
1610,97,0.02420063420281326
1611,97,0.024821815978649242
1612,97,0.024337298787588293
1613,97,0.0251193079905831
1614,97,0.02443927456180916
1615,96,0.0241296417128408
1616,96,0.025030161373864983
1617,96,0.02472545230606901
1618,96,0.024400178401885513
1619,96,0.02396028562857254
1620,96,0.024825779292522835
1621,96,0.024283173869011073
1622,96,0.02457153574788049
1623,96,0.02445439719275292
1624,96,0.02460094764379029
1625,96,0.024651952303479833
1626,96,0.024364190367777015
1627,96,0.024362894950850474
1628,96,0.02425727447808829
1629,95,0.024587226664921125
1630,95,0.02440332180087907
1631,95,0.02414713630828745
1632,95,0.024188011706465257
1633,95,0.02428517832940616
1634,95,0.023879036345326718
1635,95,0.02426462678389039
1636,95,0.0238629659921597
1637,95,0.02434024021341493
1638,95,0.02409372362355415
1639,95,0.024499652029716296
1640,95,0.024232328755276165
1641,95,0.02489365573911448
1642,95,0.02389528110507937
1643,95,0.023962237329974913
1644,95,0.024113428623014188
1645,95,0.024728593856735193
1646,95,0.023929458680951685
1647,95,0.023990361615304316
1648,95,0.023784700762672313
1649,95,0.024555089631204015
1650,95,0.024441403111518926
1651,95,0.023964215270204967
1652,95,0.023769238845669532
1653,95,0.02413467793224455
1654,95,0.02392637368473824
1655,95,0.024661006641928038
1656,95,0.024231060284172146
1657,95,0.023762527751562436
1658,95,0.024361995909265494
1659,95,0.024110865965913223
1660,95,0.02424703304814327
1661,95,0.02425333435393501
1662,95,0.024106754117057868
1663,95,0.024193798466739528
1664,95,0.024643576735133524
1665,95,0.02406258623952319
1666,95,0.024510665077007863
1667,95,0.024125497042991658
1668,95,0.02459956146170366
1669,95,0.02412457192828058
1670,95,0.023860005337985688
1671,95,0.023873812066066168
1672,95,0.024649955137464145
1673,95,0.024469489885037103
1674,95,0.024070724021001202
1675,95,0.024594331974937864
1676,95,0.023754155631175722
1677,95,0.023803205462125592
1678,95,0.024056445131248206
1679,95,0.02428273238486727
1680,95,0.023963631892241134
1681,95,0.023684609633894314
1682,95,0.024833833812964452
1683,95,0.02430256216038267
1684,95,0.0242470767234944
1685,95,0.023735771693103744
1686,95,0.023922983795144348
1687,95,0.02399149363329985
1688,95,0.024260872163227618
1689,95,0.0240829572850216
1690,95,0.024753229087141553
1691,95,0.02420235426449165
1692,95,0.024682217751333554
1693,95,0.02444179541354116
1694,95,0.024406116881000136
1695,95,0.02484378141592692
1696,95,0.02437977969300437
1697,95,0.024547332220656488
1698,95,0.023998653326882943
1699,95,0.02330726880879289
1700,95,0.024176269145062067
1701,95,0.024191206782864006
1702,95,0.02465477055447697
1703,95,0.02472802989283776
1704,95,0.024165930796347757
1705,95,0.024900921911768136
1706,95,0.023936811933286728
1707,95,0.024003674704715195
1708,95,0.023826399574505466
1709,95,0.02417822387851155
1710,95,0.023982599826014226
1711,95,0.02477791021930509
1712,95,0.02439902886688799
1713,95,0.02325363048714718
1714,94,0.02403677771349544
1715,94,0.0245477144979417
1716,94,0.024594375073601356
1717,94,0.023868469362632202
1718,94,0.024784034521098067
1719,94,0.024196265956976822
1720,94,0.02422779031945021
1721,94,0.023551508393392363
1722,94,0.02443442996773624
1723,94,0.023952513236471858
1724,94,0.023706365751729006
1725,94,0.02380224633997234
1726,94,0.02449685410054886
1727,94,0.024313528930643494
1728,94,0.023914794808394185
1729,94,0.024319605835224738
1730,94,0.023723855589136818
1731,94,0.024096123030349997
1732,94,0.024844463827572567
1733,94,0.024282009895404966
1734,94,0.024205000960041308
1735,94,0.023759366796309075
1736,94,0.024228450820114714
1737,94,0.023357289835722217
1738,94,0.024354402472594006
1739,94,0.023911946337585376
1740,94,0.023627040582593035
1741,94,0.02433963321891205
1742,94,0.024133454088674577
1743,94,0.024054708454024194
1744,94,0.023709860318436915
1745,94,0.024154738309224093
1746,94,0.02412420303889777
1747,94,0.024307895638807416
1748,94,0.024359463395603905
1749,94,0.02377577062982168
1750,94,0.023989792824950333
1751,94,0.02406243483717067
1752,94,0.023904876603373683
1753,94,0.024193590196129825
1754,94,0.024016405141650085
1755,94,0.024532871705602775
1756,94,0.024242749575667202
1757,94,0.02433929539737399
1758,94,0.024051885267664
1759,94,0.024675091105709063
1760,94,0.02439508672251409
1761,94,0.02361867454129689
1762,94,0.024064976052923986
1763,94,0.024241170635882294
1764,94,0.024249801169299316
1765,94,0.024244234336246045
1766,94,0.024326310103657104
1767,94,0.02403006271231552
1768,94,0.0245289221550463
1769,94,0.02358525644434334
1770,94,0.024533438530634458
1771,94,0.02395854324057624
1772,94,0.024186745053108815
1773,94,0.023365258567010643
1774,94,0.024098367121804243
1775,94,0.02453237947016806
1776,94,0.02361281458472718
1777,94,0.024196651996320484
1778,94,0.0239973324042371
1779,94,0.023508672720671045
1780,94,0.024172996824085562
1781,94,0.02452750279474467
1782,94,0.024061628217813498
1783,94,0.024311696370833077
1784,94,0.02354952097093119
1785,94,0.024213414657605032
1786,94,0.023542193616752336
1787,94,0.023790615691196053
1788,94,0.024173476326270524
1789,94,0.024196867499203013
1790,94,0.024252191427294734
1791,94,0.023815054478324178
1792,94,0.02373911792884067
1793,94,0.024234988803781783
1794,94,0.024085406298512246
1795,94,0.024103736919819884
1796,94,0.024280249420271616
1797,94,0.02408630675349039
1798,94,0.02413784619274921
1799,94,0.0241855854716853
1800,94,0.023926965942378666
1801,94,0.02336573696890494
1802,94,0.02412863026493723
1803,94,0.024026105590273388
1804,94,0.024324118416357846
1805,94,0.024055401270843983
1806,94,0.023811221316399563
1807,94,0.024327574713498903
1808,94,0.02397699286168525
1809,94,0.023869019510977127
1810,94,0.023771591275901116
1811,94,0.023513484463406516
1812,93,0.023976757208459105
1813,93,0.02324193180409343
1814,93,0.023408091083958575
1815,93,0.02430921809037133
1816,93,0.02442706012007589
1817,93,0.0242050819544632
1818,93,0.023815425644073296
1819,93,0.02402348732202584
1820,93,0.02478528457400353
1821,93,0.023468197544127038
1822,93,0.02392612404610705
1823,93,0.024080968922890945
1824,93,0.023636938014149445
1825,93,0.023975035761630792
1826,93,0.02406202550716006
1827,93,0.023958931921370708
1828,93,0.023930422738999004
1829,93,0.023778697952793124
1830,93,0.024018699739727777
1831,93,0.02344609147721419
1832,93,0.023649709330333574
1833,93,0.02424484953229469
1834,93,0.023680498634862462
1835,93,0.023552558586440613
1836,93,0.023189836032770007
1837,93,0.023553330645091256
1838,93,0.024209968646765456
1839,93,0.02419957643027458
1840,93,0.023806373666648797
1841,93,0.023645095852552755
1842,93,0.023618558072022344
1843,93,0.02365335651776515
1844,93,0.02423336421349865
1845,93,0.02387670948170449
1846,93,0.024545600467603262
1847,93,0.024177599857481868
1848,93,0.023795561413108676
1849,93,0.024027604048301766
1850,93,0.02374221159835363
1851,93,0.023529006963070143
1852,92,0.024440263099167442
1853,92,0.023830285176426706
1854,92,0.023274334656875003
1855,92,0.023313774858162068
1856,92,0.02354664462930376
1857,92,0.02418732538893121
1858,92,0.023876115435495948
1859,92,0.023706282918810682
1860,92,0.02333043554377083
1861,92,0.024088329426348053
1862,92,0.023374772155868553
1863,92,0.02342393367964102
1864,92,0.023943247456246652
1865,92,0.023746639805686195
1866,92,0.02381215599153605
1867,92,0.023878630078500006
1868,92,0.023411905130347625
1869,92,0.02374563240255093
1870,92,0.023945437299581773
1871,92,0.023705174545450108
1872,92,0.023836723200107802
1873,92,0.023880457183643438
1874,92,0.02405038170918782
1875,92,0.023833853825438296
1876,92,0.023155162374260324
1877,92,0.023052662749174134
1878,92,0.024009375064155885
1879,92,0.023789925181536296
1880,92,0.02397200849014291
1881,92,0.02361466798432113
1882,92,0.024109357712237017
1883,92,0.023623772239918465
1884,92,0.02319561306480803
1885,92,0.023420637602370818
1886,92,0.023545299631720862
1887,92,0.023862466858930582
1888,91,0.02324485450240144
1889,91,0.02364742021815802
1890,91,0.023613157248070046
1891,90,0.023640926698174754
1892,90,0.022528379712778906
1893,90,0.023236524850144713
1894,90,0.023000346527485102
1895,90,0.023268269995846365
1896,90,0.02263957929342178
1897,90,0.023149972736227955
1898,90,0.023012769832229454
1899,90,0.022619538116263403
1900,90,0.023270800234349548
1901,90,0.02320466597011569
1902,90,0.02313758977951492
1903,90,0.02297027397241515
1904,90,0.023368690847370175
1905,90,0.022710253789133553
1906,90,0.023606087184297322
1907,90,0.023408382383562968
1908,88,0.022912406860165546
1909,88,0.02279715434115856
1910,88,0.02276428632716488
1911,88,0.022821227783285332
1912,88,0.02288658199572696
1913,88,0.02246619152624288
1914,88,0.022547155690229536
1915,88,0.022309997442382656
1916,88,0.02271208267293348
1917,88,0.022445110764261714
1918,88,0.02247856712269293
1919,88,0.022843210277575965
1920,88,0.02256113023423079
1921,88,0.02311282009871699
1922,88,0.022756364562301255
1923,87,0.022476330044448517
1924,87,0.022811755119963365
1925,87,0.0219791876797699
1926,87,0.021664880374395786
1927,87,0.0222169147536633
1928,87,0.022478496072325452
1929,87,0.02258591239373888
1930,87,0.022920795216207518
1931,87,0.022925679529277942
1932,87,0.022588299211428835
1933,87,0.02231264516856032
1934,87,0.022450952040265617
1935,87,0.02279221452143013
1936,87,0.022754122293253864
1937,87,0.022750589729496833
1938,87,0.023300979793870722
1939,87,0.022793535651637553
1940,87,0.02282875035456852
1941,87,0.022093153000959702
1942,87,0.022691129747013202
1943,87,0.022243163965912312
1944,87,0.022448986297656254
1945,87,0.022778867347346448
1946,87,0.022649591020022335
1947,87,0.022398564412268757
1948,87,0.022460288977913648
1949,87,0.022379730133920517
1950,87,0.022728536901377713
1951,87,0.022133906217738374
1952,87,0.022416139934936144
1953,87,0.02221185037348269
1954,87,0.02263378122046423
1955,87,0.023028331769417487
1956,86,0.022124322368859597
1957,86,0.02258868155743543
1958,86,0.022007422968725963
1959,86,0.022389793896452518
1960,86,0.022117963657142973
1961,86,0.022111328062787258
1962,86,0.022155763014561836
1963,86,0.022096964800036003
1964,86,0.02195163773140574
1965,86,0.022164577181885824
1966,86,0.02320433280889071
1967,85,0.022046694078227604
1968,85,0.02238774465528315
1969,85,0.021291194434024073
1970,85,0.02225743706812649
1971,84,0.021742928989253743
1972,84,0.02159107844288123
1973,83,0.021578009716554335
1974,83,0.021564571762830106
1975,83,0.021826821498326314
1976,83,0.020610190219839928
1977,83,0.021327983683481076
1978,83,0.021924915823286446
1979,83,0.021856565254583
1980,83,0.021846210764863913
1981,83,0.021612060433112253
1982,83,0.02168459868008263
1983,83,0.021527284522164864
1984,83,0.021515294083602095
1985,83,0.02130495839717022
1986,83,0.021778551211831032
1987,83,0.021311716180454462
1988,83,0.021934608593105694
1989,83,0.021595006119316317
1990,83,0.021816238370416022
1991,83,0.021495087049151783
1992,83,0.021073126919840347
1993,83,0.021529861309829493
1994,83,0.021783364735191157
1995,83,0.02201813840899641
1996,83,0.021307767049246043
1997,83,0.021709727124128244
1998,83,0.02191758681630704
1999,83,0.022121530294555422
2000,82,0.021091563380396878
2001,82,0.021443902881133556
2002,82,0.02102927498539122
2003,82,0.02188217407956843
2004,82,0.021242549789847562
2005,82,0.021279066175908096
2006,82,0.021649385030906493
2007,82,0.021549862541014504
2008,82,0.020954139778246603
2009,81,0.021351089378785465
2010,81,0.021054558819277334
2011,81,0.021448404606112602
2012,80,0.02115556407728955
2013,80,0.020618472684825466
2014,80,0.020551402853158603
2015,80,0.02102041215576599
2016,80,0.020970190921520956
2017,80,0.021693831134905705
2018,80,0.020965084513130696
2019,80,0.020948752844242517
2020,80,0.0202602568705382
2021,80,0.0213830051903195
2022,80,0.021247991867966526
2023,80,0.021222150278769173
2024,80,0.02096993055483099
2025,80,0.021427208077713224
2026,80,0.02066701817309651
2027,80,0.020725949473497533
2028,79,0.021258135111587168
2029,79,0.0204962469365579
2030,79,0.020346845026229472
2031,79,0.020917446222813565
2032,79,0.020492940062733965
2033,79,0.02067823237273047
2034,79,0.021280371140131725
2035,79,0.020933243257661063
2036,79,0.02054198301149916
2037,79,0.020715690102473247
2038,79,0.02035357028854797
2039,79,0.020063429391987846
2040,79,0.020358839332105496
2041,79,0.021228626374123448
2042,79,0.02085330808208561
2043,79,0.020950326225281327
2044,79,0.020292859201525973
2045,79,0.020439710303514987
2046,79,0.020253922296728843
2047,79,0.020192575501557522
2048,79,0.020933207479648823
2049,79,0.021119219057176564
2050,79,0.020710237411344062
2051,79,0.020828572346728462
2052,79,0.02135224550307159
2053,79,0.020391412546659715
2054,79,0.0210980667118854
2055,79,0.020666729987094012
2056,79,0.02089652940591152
2057,79,0.02091287777880052
2058,79,0.020567207141509346
2059,79,0.02084240376184261
2060,79,0.021039866018055357
2061,79,0.020606243142511967
2062,79,0.02096199840513793
2063,79,0.02055867339232481
2064,79,0.021274844341110512
2065,79,0.020400488875457725
2066,79,0.02029970966022496
2067,79,0.020686658039547803
2068,79,0.020858734372941223
2069,79,0.021550892050177923
2070,79,0.021103408794149178
2071,79,0.020689673357414163
2072,79,0.02103665720596148
2073,77,0.021120558051330705
2074,77,0.02065596040975374
2075,76,0.020185976396636503
2076,76,0.019812088217871848
2077,76,0.020297920838086563
2078,76,0.020380601374418186
2079,76,0.020336273181183383
2080,76,0.020420040371451557
2081,76,0.020292527925156387
2082,76,0.019644463814091406
2083,76,0.019957410946495353
2084,76,0.019955601012596552
2085,76,0.01975665759061634
2086,75,0.020449418088138917
2087,75,0.020534378623242068
2088,75,0.020607327741442343
2089,75,0.020040695931562335
2090,75,0.019983935840934185
2091,75,0.019981363262512937
2092,74,0.019937636046694972
2093,74,0.019214301930734447
2094,74,0.01896370814091174
2095,73,0.019471731371337585
2096,72,0.01972522541547991
2097,72,0.019842869881114552
2098,72,0.01834601100268718
2099,72,0.019621924159691613
2100,72,0.019629119444906005
2101,71,0.018961525193676783
2102,71,0.01891879813609159
2103,70,0.01920433270810067
2104,70,0.01963899138922055
2105,70,0.019003133145712676
2106,70,0.018005060981645685
2107,70,0.018878624685818537
2108,70,0.019300108287397817
2109,70,0.01854155414278057
2110,70,0.018624288883428694
2111,70,0.0190153907945911
2112,70,0.018850033298792628
2113,70,0.01939665777174768
2114,70,0.01886252757484903
2115,70,0.019239992895976547
2116,70,0.018572379654699912
2117,70,0.018604651601871733
2118,70,0.01841705707650503
2119,70,0.01812538988755716
2120,70,0.019695322486814968
2121,70,0.018945064217121766
2122,70,0.018873036981429205
2123,70,0.018579691174025588
2124,70,0.01829677730930609
2125,70,0.019970231046689282
2126,70,0.018566994465658675
2127,70,0.018992263895764146
2128,70,0.018414278925679633
2129,70,0.020118132313280985
2130,70,0.01859032311616063
2131,70,0.01825790274244783
2132,70,0.01856687341203716
2133,70,0.01929641926249985
2134,70,0.018225340175683894
2135,70,0.018540182900524036
2136,70,0.01850660518572126
2137,70,0.01866748615981483
2138,70,0.017871719476157354
2139,70,0.018571343165996172
2140,70,0.01862195578304464
2141,70,0.01836239398318089
2142,70,0.019236975947782925
2143,70,0.019804298867860802
2144,70,0.01818070138723632
2145,70,0.0187274381165179
2146,70,0.0192956695164942
2147,70,0.01858857566520317
2148,70,0.018497767516240562
2149,70,0.019436860804623618
2150,70,0.018499266200479265
2151,70,0.01874571012126133
2152,69,0.018910746690662793
2153,68,0.018158767348453588
2154,68,0.018272882653148505
2155,68,0.018750001677071942
2156,67,0.01806452899659792
2157,66,0.018585763226877064
2158,66,0.017688716756644435
2159,66,0.01791763787900895

1,100,0.025645662305406807
2,100,0.02527491336652745
3,100,0.025187398727373137
4,100,0.025033693732507627
5,100,0.025480062759337816
6,100,0.02522260500671105
7,100,0.025515206684961492
8,100,0.02538915092997989
9,100,0.024883347668720704
10,100,0.024645990303497553
11,100,0.025133078034914737
12,100,0.025277581460351778
13,100,0.025345908541304973
14,100,0.025674351281959096
15,100,0.02506470900234285
16,100,0.024992984284044603
17,100,0.02513741675752725
18,100,0.025144678866983766
19,100,0.025291393257610734
20,100,0.025404982016278152
21,100,0.025037860460803096
22,100,0.025230711804796427
23,100,0.025141007054738332
24,100,0.025023095158093145
25,100,0.02469358371794436
26,100,0.02517804306935165
27,100,0.02537538730436245
28,100,0.025582540520149123
29,100,0.025514506526477073
30,100,0.02627462345629305
31,100,0.02574431163338754
32,100,0.024753373163767026
33,100,0.02533532373050991
34,100,0.025087115632667332
35,100,0.025308030022614576
36,100,0.025319470297715366
37,100,0.025833598766068663
38,100,0.02569067701626197
39,100,0.02515263448793499
40,100,0.025561794687011415
41,100,0.025394901786581797
42,100,0.025134673688200763
43,100,0.02528971712199291
44,100,0.025155970905984124
45,100,0.02552027964953964
46,100,0.025268191934668272
47,100,0.026092611016548944
48,100,0.024949295951575
49,100,0.025541099409170816
50,100,0.025123460073500622
51,100,0.024689966500311612
52,100,0.025169686730673956
53,100,0.025244890210352602
54,100,0.025232187129001528
55,100,0.025374703858612353
56,100,0.02501936223252171
57,100,0.02500349214779973
58,100,0.025319405033619836
59,100,0.02532998940508322
60,100,0.024945137862560068
61,100,0.025679112804088456
62,100,0.025445000482541853
63,100,0.025020624290008783
64,100,0.025341328494197644
65,100,0.025688482769746442
66,100,0.0255096569945889
67,100,0.025304612635342914
68,100,0.02530678880593582
69,100,0.025548893993621806
70,100,0.025593139658498795
71,100,0.025539022672037743
72,100,0.024775909199759333
73,100,0.02533551492849723
74,100,0.025413244592336175
75,100,0.024736878112917346
76,100,0.02616041431741041
77,100,0.02530937925344002
78,100,0.02499656514512984
79,100,0.025624745551134847
80,100,0.02564198328858394
81,100,0.02562151373536556
82,100,0.024808539314626482
83,100,0.02547779191550575
84,100,0.02570608619884705
85,100,0.02565815513620455
86,100,0.02516273002600326
87,100,0.024958751555045507
88,100,0.025723594204097144
89,100,0.024952378236223094
90,100,0.02585618419260526
91,100,0.025628262807107716
92,100,0.025568281036663372
93,100,0.024773092802550852
94,100,0.025260716714685848
95,100,0.025082846535764838
96,100,0.025425776273225315
97,100,0.025408090556851864
98,100,0.02487208015427174
99,100,0.025625817096027594
100,100,0.02533198565742437
101,100,0.024956181460758595
102,100,0.025672512727485733
103,100,0.02506227746575913
104,100,0.02576137706961916
105,100,0.025370539506061877
106,100,0.02489087390229259
107,100,0.025682735810596623
108,100,0.02523856808955688
109,100,0.02490503905637704
110,100,0.025488949285200273
111,100,0.025731591828879578
112,100,0.025476845700380408
113,100,0.02568622312304862
114,100,0.02551701934433954
115,100,0.025245510437624213
116,100,0.025516888392093408
117,100,0.024998745989521606
118,100,0.02562208063057307
119,100,0.025006527031405375
120,100,0.025250892134365606
121,100,0.025747325688075622
122,100,0.025319879023231236
123,100,0.025231649418588277
124,100,0.025341349105041662
125,100,0.025284295469357388
126,100,0.025577891918020512
127,100,0.025136542868721575
128,100,0.02528446514681539
129,100,0.02505809168221554
130,100,0.02543614927365733
131,100,0.025525954684336355
132,100,0.024949532578735556
133,100,0.025210481427712265
134,100,0.025260778461030867
135,100,0.024973693316106077
136,100,0.025312778839634977
137,100,0.025682851625544293
138,100,0.02534935665645764
139,100,0.025152495622381848
140,100,0.025563630907148718
141,100,0.025078442566929305
142,100,0.025385310591506255
143,100,0.025003211518034665
144,100,0.02592176166261359
145,100,0.02522025071370479
146,100,0.02576940531308915
147,100,0.025304421459843428
148,100,0.02487404694086064
149,100,0.0252929255361706
150,100,0.02540323901600486
151,100,0.025312824641939596
152,100,0.025521910828348093
153,100,0.02538274446745387
154,100,0.025235949365900873
155,100,0.025251598485842137
156,100,0.02533831045070862
157,100,0.025103654598439478
158,100,0.025365129315732808
159,100,0.025305609802138584
160,100,0.025397451469396624
161,100,0.025603577280265157
162,100,0.02496086741552404
163,100,0.025388552310971403
164,100,0.025466452393368755
165,100,0.02557370746766295
166,100,0.025009277862962857
167,100,0.0252026068999392
168,100,0.024968694776849012
169,100,0.02574215021303424
170,100,0.025350688680602907
171,100,0.02477546377651643
172,100,0.02459818850988827
173,100,0.024932272826906684
174,100,0.025948905986843684
175,100,0.024878180788527205
176,100,0.025532773113419522
177,100,0.025052108932517077
178,100,0.025147350098254476
179,100,0.025736608336434118
180,100,0.02523553376252508
181,100,0.024923513287603213
182,100,0.025648830767820156
183,100,0.024853522505758195
184,100,0.024820126360505693
185,100,0.024988943698010965
186,100,0.024445519034338066
187,100,0.02544065158787716
188,100,0.025288173838411834
189,100,0.025702903851874435
190,100,0.02485829470626244
191,100,0.02555585860910067
192,100,0.025578390647523777
193,100,0.02494878051987711
194,100,0.025029228361700413
195,100,0.025091085847327478
196,100,0.02514916771594709
197,100,0.02527890082478204
198,100,0.025361334106117118
199,100,0.02458612376505373
200,100,0.025424506249596905
201,100,0.025324196529740443
202,100,0.02547901977518194
203,100,0.025201388085375937
204,100,0.025477019501224257
205,100,0.02543542142900897
206,100,0.025906584265977393
207,100,0.025171026888230252
208,100,0.025776538128853187
209,100,0.02485543526954864
210,100,0.025268987754269907
211,100,0.025680296526568024
212,100,0.02515047565940441
213,100,0.02489733574692811
214,100,0.025712392945696164
215,100,0.02527788662563686
216,100,0.025592050855884573
217,100,0.025245636524334713
218,100,0.025085401949142945
219,100,0.025137561695950106
220,100,0.025402467888857378
221,100,0.025180188944069506
222,100,0.025196749866602537
223,100,0.025484254995832713
224,100,0.024884067399945503
225,100,0.02502797252834909
226,100,0.02575363045635565
227,100,0.025877877180822483
228,100,0.025850371990190753
229,100,0.025276546815807613
230,100,0.025043608826782904
231,100,0.02540479735775597
232,100,0.0250611679657899
233,100,0.025778785764184884
234,100,0.02534993605023065
235,100,0.024538320995665306
236,100,0.02527080700650981
237,100,0.02502448692303119
238,100,0.025180669537222602
239,100,0.02502476944744924
240,100,0.025129155469740247
241,100,0.025448076310196705
242,100,0.025190546552395363
243,100,0.025399583935317046
244,100,0.024737662553512806
245,100,0.025634650190740554
246,100,0.02521881359844394
247,100,0.024854366166893238
248,100,0.02534925357630148
249,100,0.025175457481427917
250,100,0.02488481892339407
251,100,0.02525501485169198
252,100,0.025604223266524364
253,100,0.025031693087213876
254,100,0.02539060364892253
255,100,0.0255017978349732
256,100,0.0253496107410754
257,100,0.025121096852959924
258,100,0.02508184388268307
259,100,0.025418522077401647
260,100,0.025343774126524297
261,100,0.025491749101530774
262,100,0.025778526878691553
263,100,0.025227293266162253
264,100,0.025159887922056326
265,100,0.025681831902963685
266,100,0.02513808654250482
267,100,0.024955085652138134
268,100,0.025751710254234745
269,100,0.02523736426017374
270,100,0.025387221412414427
271,100,0.025558188729587386
272,100,0.02565345052179883
273,100,0.02545794924741606
274,100,0.025164116112675113
275,100,0.02529913006342374
276,100,0.025708597805498147
277,100,0.025650480867008885
278,100,0.025931581635541427
279,100,0.025195511039869903
280,100,0.025095846579122484
281,100,0.025049541043764476
282,100,0.02530419381357526
283,100,0.02565074832168461
284,100,0.02573030225017882
285,100,0.02496115829892716
286,100,0.025588035316806992
287,100,0.02550434831401472
288,100,0.024796532470298845
289,100,0.025122991093692152
290,100,0.02545456312146649
291,100,0.025040771729102847
292,100,0.025363285863426975
293,100,0.02552934564424202
294,100,0.02589838105494615
295,100,0.02501638137697594
296,100,0.025518016013161466
297,100,0.025457764940056384
298,100,0.024949635846565635
299,100,0.024963755974587505
300,100,0.025661730562146174
301,100,0.025323382605261954
302,100,0.02561467982936333
303,100,0.02482851021199207
304,100,0.025153259152612246
305,100,0.02564462486233972
306,100,0.02441355187118097
307,100,0.024787171555314423
308,100,0.02555702864297144
309,100,0.025312650692401416
310,100,0.02547652337659141
311,100,0.025763835910044504
312,100,0.025721789607603286
313,100,0.025191633798288267
314,100,0.025399140174341844
315,100,0.025698500574946576
316,100,0.02471045122808369
317,100,0.025591525807982234
318,100,0.025476033167906077
319,100,0.02532755754821565
320,100,0.024768560981294242
321,100,0.02473517525241288
322,100,0.02524320628865947
323,100,0.02544090974567437
324,100,0.025084635561880977
325,100,0.025778622560281704
326,100,0.025239751974049384
327,100,0.025326365284319814
328,100,0.0252874359801142
329,100,0.02579612029312746
330,100,0.02502014888685765
331,100,0.0249960096840143
332,100,0.025218326463421672
333,100,0.02542212093385366
334,100,0.02523168186435878
335,100,0.025579459893663083
336,100,0.025099871823357833
337,100,0.024867920705378948
338,100,0.025357470246512262
339,100,0.02584077437294534
340,100,0.025633186726794547
341,100,0.024785237902833573
342,100,0.02560141522925308
343,100,0.025508191766319886
344,100,0.025339970194099833
345,100,0.025717289260906648
346,100,0.0253057315020188
347,100,0.025372428715568496
348,100,0.025339946805599003
349,100,0.025770139753705165
350,100,0.025805361743145173
351,100,0.02514619908731119
352,100,0.02520866901063977
353,100,0.024916278353007186
354,100,0.025357882229892582
355,100,0.024980451455070787
356,100,0.02544570492298079
357,100,0.025617506502956047
358,100,0.02548442084732868
359,100,0.025218329300668006
360,100,0.024843799193523055
361,100,0.024899575323739237
362,100,0.02532205871013664
363,100,0.025524025769317834
364,100,0.02548488050648328
365,100,0.024952752452745988
366,100,0.02548940209430946
367,100,0.025478051003380013
368,100,0.025323297750749006
369,100,0.025190844389570605
370,100,0.02506520849206527
371,100,0.025702804467072092
372,100,0.02522201720366653
373,100,0.025599855567936692
374,100,0.025317356592405527
375,100,0.0257477737341524
376,100,0.02495199476272802
377,100,0.025490679581902438
378,100,0.025446772400576398
379,100,0.025300640831016803
380,100,0.02488032211628458
381,100,0.02482716472283397
382,100,0.025363273384735856
383,100,0.025253875976585204
384,100,0.02466251234155021
385,100,0.02547288564408898
386,100,0.02547360118053626
387,100,0.025471115769769907
388,100,0.02548528589436657
389,100,0.024810946373271837
390,100,0.025734220143893864
391,100,0.02516828284508247
392,100,0.025070403118655448
393,100,0.025485086922315655
394,100,0.02549372181452415
395,100,0.02529558676836105
396,100,0.025847236560195025
397,100,0.025050676700847124
398,100,0.025605518922991944
399,100,0.025392662582065833
400,100,0.025346212298948692
401,100,0.025083271697643572
402,100,0.025016523987955428
403,100,0.025741261529474337
404,100,0.02496537209030645
405,100,0.02520786778383785
406,100,0.0255183064278579
407,100,0.0250110316690951
408,100,0.024663063973293566
409,100,0.02477493661687582
410,100,0.0250888004198324
411,100,0.025264755242016573
412,100,0.025307770990694707
413,100,0.024809966937226906
414,100,0.02502766384625058
415,100,0.02536954926919995
416,100,0.02553773782211305
417,100,0.025179678247343157
418,100,0.025093508496705906
419,100,0.024829657696191033
420,100,0.02545361953880974
421,100,0.02539800102944451
422,100,0.025626801198372944
423,100,0.025398001153578702
424,100,0.025532504197690105
425,100,0.024616849831902175
426,100,0.025087917130493742
427,100,0.02564733657006463
428,100,0.02519477763289049
429,100,0.02539474238174066
430,100,0.025243808541404032
431,100,0.025541865745849077
432,100,0.02545371513803158
433,100,0.024973538397705507
434,100,0.025542858222334264
435,100,0.02507344711134886
436,100,0.025116422694378006
437,100,0.02538837383516938
438,100,0.02509804821688776
439,100,0.02549196538238164
440,100,0.025389365483518226
441,100,0.024731143099045682
442,100,0.02520228495618941
443,100,0.024979888239629666
444,100,0.02545535313479499
445,100,0.025733732129419793
446,100,0.02527330818242422
447,100,0.025510828227917007
448,100,0.02518066608630934
449,100,0.025461494066150198
450,100,0.02546073389620121
451,100,0.025390034937958477
452,100,0.025116717445778727
453,100,0.024920352710766022
454,100,0.02483342437060368
455,100,0.024830470933944897
456,100,0.02569795222966393
457,100,0.02512513548562395
458,100,0.025432975355329016
459,100,0.02511351918100791
460,100,0.02556910376769324
461,100,0.02502545453671497
462,100,0.025749961169899728
463,100,0.025282668039227598
464,100,0.025555614623431245
465,100,0.02494002528312606
466,100,0.024851662337555584
467,100,0.0259653496331239
468,100,0.024987355699086784
469,100,0.02539160381737552
470,100,0.02545413715276509
471,100,0.025467480506921346
472,100,0.02540510339867296
473,100,0.02537593504203464
474,100,0.025594864324380757
475,100,0.025062844899260233
476,100,0.025225836508345537
477,100,0.024825013131634523
478,100,0.02544508809997012
479,100,0.025387908979319293
480,100,0.025593339916933883
481,100,0.02468129736500805
482,100,0.025341719240821597
483,100,0.025340103209228575
484,100,0.02462179380763894
485,100,0.024960416862378525
486,100,0.02490223620608604
487,100,0.025301890808504927
488,100,0.025364246511807936
489,100,0.024856317763386128
490,100,0.025002957369983692
491,100,0.025076838638103803
492,100,0.025112711340034403
493,100,0.024936475363896104
494,100,0.025370088536727727
495,100,0.025455143268961217
496,100,0.025404469286458325
497,100,0.024639812694479547
498,100,0.025201773407069396
499,100,0.0256169630893901
500,100,0.025730922141535342
501,100,0.02545589761303744
502,100,0.025314944535437804
503,100,0.025492514013433328
504,100,0.025362157439385812
505,100,0.02546006709201702
506,100,0.02551055479807026
507,100,0.025711352845090664
508,100,0.024889127243312423
509,100,0.025487268109274343
510,100,0.025420040477796346
511,100,0.025313219865180675
512,100,0.02576030333253349
513,100,0.02539416617136534
514,100,0.02569557679998854
515,100,0.02514018449528929
516,100,0.024835840285285977
517,100,0.025123155459332767
518,100,0.02495734087348431
519,100,0.02511625318343465
520,100,0.02528014350321155
521,100,0.02513543562508434
522,100,0.0256956499389537
523,100,0.025323517795551434
524,100,0.02481875376107048
525,100,0.024884803547147425
526,100,0.02502549940819103
527,100,0.025526318035724797
528,100,0.025410325964177985
529,100,0.025262603172209065
530,100,0.02463110001528072
531,100,0.02462473010721867
532,100,0.025134842210624186
533,100,0.024716409307953265
534,100,0.02534575945156642
535,100,0.02588689324064524
536,100,0.025261061453917214
537,100,0.025395326980196083
538,100,0.025510053577200587
539,100,0.025609431390598375
540,100,0.024965317560627576
541,100,0.02544011382471639
542,100,0.025585002745948448
543,100,0.025226512434122245
544,100,0.02542439917501487
545,100,0.025213481796917493
546,100,0.025435573024637895
547,100,0.025587020236709147
548,100,0.025431708172313265
549,100,0.025394266315396874
550,100,0.024938601311773178
551,100,0.024887680542011723
552,100,0.02564982265641463
553,100,0.025177159289073697
554,100,0.02574344986139886
555,100,0.026073327013477875
556,100,0.025873633339409317
557,100,0.02550568083993079
558,100,0.025650101643753823
559,100,0.024214730403888062
560,100,0.025202716319886624
561,100,0.02538338108965175
562,100,0.02506641980115856
563,100,0.025706139434222404
564,100,0.025281403808419107
565,100,0.025152575009995688
566,100,0.025411681968346454
567,100,0.025473139352458225
568,100,0.02576335694044184
569,100,0.02558705098557053
570,100,0.025715406961854242
571,100,0.02564472056769678
572,100,0.02535603209166529
573,100,0.025254691283293662
574,100,0.02485228802610095
575,100,0.025337616708923538
576,100,0.025393275571184683
577,100,0.025273445897597224
578,100,0.024903009954916882
579,100,0.025422811145527833
580,100,0.025413276259414423
581,100,0.025115251440419352
582,100,0.025099564526902332
583,100,0.02539317253955229
584,100,0.024895929722141885
585,100,0.02534442020139868
586,100,0.025243514154843102
587,100,0.02533104115902222
588,100,0.02557082688145149
589,100,0.02504709397403803
590,100,0.025135891635074598
591,100,0.02512774426988901
592,100,0.02523587218915736
593,100,0.025414178396694864
594,100,0.024831779953522416
595,100,0.02470556881087484
596,100,0.02531049733900581
597,100,0.025187236591380138
598,100,0.024774765915969818
599,100,0.025494482974802998
600,100,0.024380798534688976
601,100,0.025036100640085903
602,100,0.025552284935221558
603,100,0.025453305068328002
604,100,0.025193882773049663
605,100,0.025376296147085226
606,100,0.025481855587620582
607,100,0.02556921643912912
608,100,0.025353526715644763
609,100,0.025199690705330513
610,100,0.024692590365257363
611,100,0.02526072734272367
612,100,0.02564110909324504
613,100,0.02527718295332849
614,100,0.025505324198612896
615,100,0.025224629627509213
616,100,0.02503825691216315
617,100,0.025270739103748743
618,100,0.025070381390420168
619,100,0.025211967434676266
620,100,0.025320728857630186
621,100,0.02544791984839616
622,100,0.025214893712363524
623,100,0.025166164156301997
624,100,0.02569757753737457
625,100,0.025402834009446373
626,100,0.025184035228139945
627,100,0.0254084896768609
628,100,0.025703532305281735
629,100,0.025584363471802336
630,100,0.025306054376034528
631,100,0.025344227041337184
632,100,0.02564162029226101
633,100,0.02512018819506704
634,100,0.02498651379052284
635,100,0.02564724200252153
636,100,0.025306034874831653
637,100,0.025278030656205847
638,100,0.026054134244800697
639,100,0.02482316026877909
640,100,0.0252752696703613
641,100,0.02520867777111622
642,100,0.025726458614709166
643,100,0.025503648448395463
644,100,0.025131710365862387
645,100,0.025857327436367133
646,100,0.025738194101616416
647,100,0.025569308328775492
648,100,0.025240795872962414
649,100,0.02509913265782342
650,100,0.02552789833131833
651,100,0.025498107391392473
652,100,0.0253593718303141
653,100,0.025624955618869946
654,100,0.02562276197070812
655,100,0.025318067888140998
656,100,0.024939254608894672
657,100,0.02529288054648797
658,100,0.02526884303204213
659,100,0.025504744866607015
660,100,0.024815704076713477
661,100,0.0254245974077765
662,100,0.025534877367781116
663,100,0.025706830187609667
664,100,0.025359172836256303
665,100,0.02545774692992661
666,100,0.02482261131859122
667,100,0.025052089579927755
668,100,0.025531837010755457
669,100,0.02516775341015734
670,100,0.02550883167273465
671,100,0.02479536265749441
672,100,0.02554200530774439
673,100,0.025090109420728132
674,100,0.025529671661066303
675,100,0.025611173388693936
676,100,0.025356965477081772
677,100,0.025248577501939973
678,100,0.025805558966982375
679,100,0.025415679689512787
680,100,0.025718395618590965
681,100,0.02555331349190634
682,100,0.02554030581328384
683,100,0.02532555595899302
684,100,0.02591834714388231
685,100,0.025638096224508595
686,100,0.024827081023462753
687,100,0.025798483604774068
688,100,0.025064426578595436
689,100,0.025400487611298442
690,100,0.025823336995892617
691,100,0.025582706217831045
692,100,0.02516611862505251
693,100,0.025294526301879804
694,100,0.025248122212975895
695,100,0.025556057059453498
696,100,0.02524407578713509
697,100,0.025568282840966267
698,100,0.025096710362510488
699,100,0.025311671005743146
700,100,0.024956841543673745
701,100,0.02537374131444653
702,100,0.025154764363163624
703,100,0.025692102382040418
704,100,0.025916543139701084
705,100,0.025620288115192968
706,100,0.02560815200664411
707,100,0.024900094369505178
708,100,0.025232214196776046
709,100,0.025053956859718625
710,100,0.024662643857245172
711,100,0.025530784366036962
712,100,0.025416339510034903
713,100,0.025595278614908023
714,100,0.025076102294158468
715,100,0.025520745356169428
716,100,0.02556891920100207
717,100,0.025258521791904933
718,100,0.024804645071670805
719,100,0.02504519673059612
720,100,0.025125459790409303
721,100,0.02533465092798484
722,100,0.02556153362863838
723,100,0.025412928438426446
724,100,0.024467946407111432
725,100,0.02534898726064207
726,100,0.025014520020884154
727,100,0.02536824824332653
728,100,0.025460826890672805
729,100,0.025463870263325028
730,100,0.024862076440835393
731,100,0.025980723235289615
732,100,0.02559846188268219
733,100,0.02531524286135598
734,100,0.025722733660660725
735,100,0.025440345987967683
736,100,0.025322453319102045
737,100,0.025240875212194914
738,100,0.025298089126309996
739,100,0.025274179617205843
740,100,0.025398211157731398
741,100,0.025359153287681343
742,100,0.025167043623609775
743,100,0.02515035762018666
744,100,0.02516405800732453
745,100,0.025742395493170256
746,100,0.02517138956461875
747,100,0.025169776521330556
748,100,0.025501705649498958
749,100,0.025207991790882216
750,100,0.025246584114015747
751,100,0.025038273664347393
752,100,0.025404316621780977
753,100,0.025513124059814686
754,100,0.024926264222629387
755,100,0.02547301284258444
756,100,0.02546235021087434
757,100,0.02552300940793984
758,100,0.026183459800625183
759,100,0.0255664510145873
760,100,0.025652686492171874
761,100,0.02489854632355515
762,100,0.0254732924173728
763,100,0.02584637636565052
764,100,0.02509967800919845
765,100,0.02537175075595574
766,100,0.025048393723083852
767,100,0.025605372649537786
768,100,0.025535142569706265
769,100,0.025187749573707195
770,100,0.025669010529324104
771,100,0.02501417205599976
772,100,0.024711939502714768
773,100,0.02544111360358517
774,100,0.02542794270743258
775,100,0.025080498828339383
776,100,0.025228939807008785
777,100,0.02520215457730496
778,100,0.025401342046733128
779,100,0.024954690509987772
780,100,0.02553521878424557
781,100,0.025411221157284124
782,100,0.02504349938791217
783,100,0.02539149066408147
784,100,0.02492406734975677
785,100,0.025110658729891502
786,100,0.02532751202575471
787,100,0.025608421781933878
788,100,0.025107483717517195
789,100,0.02490036353988745
790,100,0.02539347723440256
791,100,0.025198415593012974
792,100,0.0257022917006057
793,100,0.02533213461812969
794,100,0.025162121097456108
795,100,0.024938262186921557
796,100,0.025608923250779868
797,100,0.025412161674332478
798,100,0.025470870400459228
799,100,0.025310679826101728
800,100,0.025417445569372175
801,100,0.024853614621748038
802,100,0.02526236305248846
803,100,0.02495182343284205
804,100,0.025501197844155533
805,100,0.025294513337559298
806,100,0.02556010769531545
807,100,0.025154264355048063
808,100,0.02500994552214049
809,100,0.02563051308835135
810,100,0.02565650894186008
811,100,0.025089727465055747
812,100,0.02509888701570457
813,100,0.025035583116865715
814,100,0.024931194970327527
815,100,0.025127028345336647
816,100,0.026046666667170603
817,100,0.02486134900812476
818,100,0.02564134711655595
819,100,0.025675771814532924
820,100,0.025742969507738633
821,100,0.025107321366793164
822,100,0.025266087348508603
823,100,0.02550570638351635
824,100,0.025328785098807
825,100,0.025409152356612726
826,100,0.025606631816436073
827,100,0.02551326039196491
828,100,0.02551116978027785
829,100,0.02537272822318297
830,100,0.025263249883442356
831,100,0.025179482492290173
832,100,0.025584316284167713
833,100,0.02538775270650985
834,100,0.024851016096644737
835,100,0.025484376177058916
836,100,0.0255351548525095
837,100,0.025356753437307884
838,100,0.02522535264550477
839,100,0.025119487486558602
840,100,0.02510242837425536
841,100,0.025246533344583443
842,100,0.025730012279469302
843,100,0.025272262804511156
844,100,0.02558275437602191
845,100,0.025422648203789373
846,100,0.02522292823188112
847,100,0.025036863034461874
848,100,0.025464066535494885
849,100,0.025095257101038465
850,100,0.024954545275133216
851,100,0.025838091686865402
852,100,0.025237811428591723
853,100,0.02498906614439207
854,100,0.025437167506003527
855,100,0.02536570014063903
856,100,0.0253436149817276
857,100,0.024909387748810158
858,100,0.02476313941536917
859,100,0.025512594744503195
860,100,0.0255712421508443
861,100,0.025617756532254
862,100,0.025091791523157957
863,100,0.025663515166995853
864,100,0.025324342051537843
865,100,0.025567886733374928
866,100,0.025287755145820844
867,100,0.025502368711129184
868,100,0.025545846541472735
869,100,0.025402591941354618
870,100,0.024809955564559373
871,100,0.025894276020375192
872,100,0.025203198451287726
873,100,0.025414324518448675
874,100,0.025724438298297455
875,100,0.025406474699739962
876,100,0.02523704593268184
877,100,0.025516164152480925
878,100,0.025865841419602503
879,100,0.025496378030245407
880,100,0.02565085320448685
881,100,0.025706566779398664
882,100,0.024966422645628247
883,100,0.024909258589277096
884,100,0.02516021851518692
885,100,0.02546808392357783
886,100,0.025660742792598976
887,100,0.02572005172006833
888,100,0.025116494738790032
889,100,0.025283978311697364
890,100,0.025448258087329836
891,100,0.025782858294654896
892,100,0.025403370737406464
893,100,0.02525051901463902
894,100,0.02512140228107436
895,100,0.024945787590321258
896,100,0.02513068063704286
897,100,0.025599640752249134
898,100,0.02552328681667304
899,100,0.025622829079006596
900,100,0.025057703168265603
901,100,0.025072746337080502
902,100,0.02527384231368176
903,100,0.02569710626698802
904,100,0.025443733057725727
905,100,0.02565414135130865
906,100,0.025178701647914584
907,100,0.02550260131894928
908,100,0.02553663573872204
909,100,0.02537492648253429
910,100,0.025508238716970114
911,100,0.0250995655900631
912,100,0.025208004195679347
913,100,0.025074614064929487
914,100,0.025795265374926567
915,100,0.025200681035242232
916,100,0.025515457952130692
917,100,0.025370712279656298
918,100,0.024929380181893404
919,100,0.025668339404728936
920,100,0.025087947849519385
921,100,0.025285635853972203
922,100,0.025318491915980495
923,100,0.02534941200215214
924,100,0.02485982280944419
925,100,0.025694663636896726
926,100,0.025222137117895314
927,100,0.02512737413265026
928,100,0.025170826521378562
929,100,0.02537030885488976
930,100,0.024826835814867734
931,100,0.02515751096811321
932,100,0.02570619561485733
933,100,0.02496314282700292
934,100,0.025082564906900064
935,100,0.025206582309203893
936,100,0.025243779287458672
937,100,0.02502519824913833
938,100,0.025421396767321414
939,100,0.024882803343253955
940,100,0.025318234500047904
941,100,0.025482004363620893
942,100,0.025571519489509094
943,100,0.024803798976428967
944,100,0.025504947074057555
945,100,0.025178522454610525
946,100,0.02525367484160442
947,100,0.0256732484511144
948,100,0.02561316726307289
949,100,0.02564554675330707
950,100,0.02496393891399321
951,100,0.0252480617921411
952,100,0.0256462910140621
953,100,0.025192121222482773
954,100,0.02472524073641909
955,100,0.025385893890186764
956,100,0.025523768689276215
957,100,0.025339385065022205
958,100,0.02467988587330552
959,100,0.025572638552215473
960,100,0.02504125881680642
961,100,0.025396264075227767
962,100,0.025365603672641852
963,100,0.02496770777508853
964,100,0.02522539572659101
965,100,0.02530409274023484
966,100,0.025441051457217093
967,100,0.02487494754796667
968,100,0.02536987151181511
969,100,0.025264233749841054
970,100,0.025441474205231907
971,100,0.025907654683013807
972,100,0.025204967122167427
973,100,0.02553291730603241
974,100,0.02502063152357224
975,100,0.02511483262725837
976,100,0.0255603201667993
977,100,0.025853656274913536
978,100,0.02542708011529527
979,100,0.025509558960133398
980,100,0.025663519516787643
981,100,0.025073638413010246
982,100,0.025013571160865562
983,100,0.025169689381865715
984,100,0.02537377802550875
985,100,0.025751763166046934
986,100,0.025601291684363585
987,100,0.025040174476901926
988,100,0.025761232415528912
989,100,0.024803802857797697
990,100,0.025355194889866088
991,100,0.025166449209961778
992,100,0.025523491579287766
993,100,0.02512554142340303
994,100,0.0255734503317793
995,100,0.025902479757996415
996,100,0.02552437743714568
997,100,0.025109165508640535
998,100,0.02497308969307037
999,100,0.02523780617518126
1000,100,0.025132210066042753
1001,100,0.025473235949638434
1002,100,0.02516685732671462
1003,100,0.025460926726079334
1004,100,0.025338096525248613
1005,100,0.025142248283665354
1006,100,0.024953134086714922
1007,100,0.02533852998148006
1008,100,0.025865990918268838
1009,100,0.025073226989827755
1010,100,0.02511479239576906
1011,100,0.024939024512823284
1012,100,0.025937776196861398
1013,100,0.02563552403337892
1014,100,0.024867467038615795
1015,100,0.025244569202741075
1016,100,0.025110073364133702
1017,100,0.025058773464014843
1018,100,0.02524781382079433
1019,100,0.02542384972835078
1020,100,0.025624451679302534
1021,100,0.025080272352248037
1022,100,0.025062360599325123
1023,100,0.025676225762671052
1024,100,0.0248490607910629
1025,100,0.02559954835168786
1026,100,0.025132989748810567
1027,100,0.024814985741420048
1028,100,0.0251595740170204
1029,100,0.025578602190664487
1030,100,0.025776253682360816
1031,100,0.0251202103925391
1032,100,0.025369051232802878
1033,100,0.024980111247291405
1034,100,0.025350828771925724
1035,100,0.025408735776759513
1036,100,0.024892306352246502
1037,100,0.025302104540429575
1038,100,0.024824214765196084
1039,100,0.025557996041316904
1040,100,0.025185295739737504
1041,100,0.02564084506442833
1042,100,0.025487712400501943
1043,100,0.025106824246490186
1044,100,0.025241381159535364
1045,100,0.02474032526273056
1046,100,0.02549259535469495
1047,100,0.025241867566879555
1048,100,0.025182828814896238
1049,100,0.025309971160410435
1050,100,0.025026665021495212
1051,100,0.025125745701322408
1052,100,0.025323693493937944
1053,100,0.02549169092879676
1054,100,0.025001060188224473
1055,100,0.02598281240691401
1056,100,0.025142827991785896
1057,100,0.02561746470661462
1058,100,0.025415745301283932
1059,100,0.025247967380368663
1060,100,0.025645080727323553
1061,100,0.02495807910825553
1062,100,0.025237703516555347
1063,100,0.025338672455434738
1064,100,0.025755666063174476
1065,100,0.025328497840850464
1066,100,0.02541181523890495
1067,100,0.025623650032049528
1068,100,0.025358195648770645
1069,100,0.0245412610344045
1070,100,0.02512508794999807
1071,100,0.02497363403947538
1072,100,0.024755739341926607
1073,100,0.02471020984333457
1074,100,0.025676416302648337
1075,100,0.025107663263027144
1076,100,0.02529219142171133
1077,100,0.025009905737561608
1078,100,0.02519125304884691
1079,100,0.025084695932572065
1080,100,0.0252239289318633
1081,100,0.025261524783542058
1082,100,0.0255849956658256
1083,100,0.024701523968298833
1084,100,0.025435310706393446
1085,100,0.02511979783495702
1086,100,0.025655586759780937
1087,100,0.025303473067468146
1088,100,0.025915409957938028
1089,100,0.024938567311773796
1090,100,0.02576510563521837
1091,100,0.02514126462816072
1092,100,0.02488442904610797
1093,100,0.02554710531417076
1094,100,0.02528328502131352
1095,100,0.02559025608459077
1096,100,0.025161680199078773
1097,100,0.025133705386099586
1098,100,0.024932507595286382
1099,100,0.025069198434858327
1100,100,0.024560648429176313
1101,100,0.024961655093485618
1102,100,0.025770253439420285
1103,100,0.025412496738778042
1104,100,0.025843519872814174
1105,100,0.025424291682520094
1106,100,0.025362136530868693
1107,100,0.025136263600400423
1108,100,0.02480641085493781
1109,100,0.025327217861032925
1110,100,0.025322880087759517
1111,100,0.02565438640138101
1112,100,0.024477255718150476
1113,100,0.02475730718237075
1114,100,0.025350241610476287
1115,100,0.025436577413098276
1116,100,0.025131363427661958
1117,100,0.025710316504762583
1118,100,0.02532353908267707
1119,100,0.025150412141836467
1120,100,0.025369149635232367
1121,100,0.025548717653042813
1122,100,0.02533513538615184
1123,100,0.025329890858146277
1124,100,0.0260461505466178
1125,100,0.025537844430813444
1126,100,0.02520199495796664
1127,100,0.025531494597095812
1128,100,0.025387008686981353
1129,100,0.024638119556273184
1130,100,0.025363933181539986
1131,100,0.025736251850261252
1132,100,0.024762040076969274
1133,100,0.025229215955768703
1134,100,0.024758556875687034
1135,100,0.02558342299623609
1136,100,0.02567299790097463
1137,100,0.02550289594235996
1138,100,0.025322203813547706
1139,100,0.025199863658861895
1140,100,0.02592475662962702
1141,100,0.025721477054150066
1142,100,0.025824736773225204
1143,100,0.0253410146170342
1144,100,0.025043710362217652
1145,100,0.02544593268401228
1146,100,0.025351482534763346
1147,100,0.02556122103408641
1148,100,0.025517717653569506
1149,100,0.025790776719733257
1150,100,0.025495058280167314
1151,100,0.025357125403977804
1152,100,0.025526054612573765
1153,100,0.02589052363221518
1154,100,0.025087442403775702
1155,100,0.025311531614354264
1156,100,0.025370993716992234
1157,100,0.025381233222133506
1158,100,0.02517646114580796
1159,100,0.025732624697293434
1160,100,0.025112032679577716
1161,100,0.025249702083705156
1162,100,0.02520834572412034
1163,100,0.02547079340056553
1164,100,0.02506369574426231
1165,100,0.024954727751911127
1166,100,0.025793213266973862
1167,100,0.025871640497483014
1168,100,0.02536823308166832
1169,100,0.025690900973696147
1170,100,0.02554090448458855
1171,100,0.024982795836687555
1172,100,0.02565518382709637
1173,100,0.024863733982855872
1174,100,0.02548334660381837
1175,100,0.025758368902865824
1176,100,0.025206445546466144
1177,100,0.02509391738076234
1178,100,0.025146714616258038
1179,100,0.025267154941620955
1180,100,0.025566345028839827
1181,100,0.025857825062045682
1182,100,0.025234905327242863
1183,100,0.02550933922959225
1184,100,0.0251183410428073
1185,100,0.025414687726042745
1186,100,0.025453735489293295
1187,100,0.02478504993155563
1188,100,0.02544051653433556
1189,100,0.02525062163018811
1190,100,0.02506478983341466
1191,100,0.025469563914172138
1192,100,0.02580861675796685
1193,100,0.025395495878212514
1194,100,0.025304331704970724
1195,100,0.025339648350491687
1196,100,0.0256360466953743
1197,100,0.02472979621152879
1198,100,0.024935148019802154
1199,100,0.025440370549535882
1200,100,0.02513601992905671
1201,100,0.02501962869924268
1202,100,0.025549749865423518
1203,100,0.025040850539704115
1204,100,0.025323080518030755
1205,100,0.025750487525876897
1206,100,0.025717307284898783
1207,100,0.025776160585009075
1208,100,0.0253997204244399
1209,100,0.025393952643851886
1210,100,0.02519353249362796
1211,100,0.025189990986963128
1212,100,0.025640520576990223
1213,100,0.025546174687954733
1214,100,0.026043822916928916
1215,100,0.025057570248628886
1216,100,0.02521817809171914
1217,100,0.024976246373020056
1218,100,0.025358540045255933
1219,100,0.02559312925778874
1220,100,0.025364987883988766
1221,100,0.025041200407199697
1222,100,0.025482762339281775
1223,100,0.025185147141457347
1224,100,0.02559994128430108
1225,100,0.025518398560676298
1226,100,0.025710642181496796
1227,100,0.02548595014191713
1228,100,0.025756969706161266
1229,100,0.025247950929055026
1230,100,0.025694115600969708
1231,100,0.025062130858467827
1232,100,0.02506827071084948
1233,100,0.02532525928180683
1234,100,0.025341905037975853
1235,100,0.025702206209987265
1236,100,0.025659322508870253
1237,100,0.024997629087774094
1238,100,0.025580519032656387
1239,100,0.025742823799892758
1240,100,0.026171474536763085
1241,100,0.02527441233278212
1242,100,0.02523434071107603
1243,100,0.024842614811652196
1244,100,0.025449781508417636
1245,100,0.025224979880489013
1246,100,0.02508494959388166
1247,100,0.02545084969417105
1248,100,0.024816112429123252
1249,100,0.024750521084995956
1250,100,0.025478467304798764
1251,100,0.02553969974100457
1252,100,0.025101383142116095
1253,100,0.024876998130967116
1254,100,0.02551604089659097
1255,100,0.025155835190492012
1256,100,0.025413509798651545
1257,100,0.025298768458363416
1258,100,0.02546435180590108
1259,100,0.025581142857694174
1260,100,0.025072850068822202
1261,100,0.025294929778317304
1262,100,0.02511421555023177
1263,100,0.025360207019999033
1264,100,0.025181249972764254
1265,100,0.02532854784046964
1266,100,0.02470559703403284
1267,100,0.02485874624956504
1268,100,0.02521748775587725
1269,100,0.024600101878537683
1270,100,0.025800755348661577
1271,100,0.026161185227933193
1272,100,0.025515479656701555
1273,100,0.024961416810646866
1274,100,0.025592600965959552
1275,100,0.025348845736251666
1276,100,0.025683500200661645
1277,100,0.02473548268704709
1278,100,0.024914533606361075
1279,100,0.024866414739611445
1280,100,0.025870609558784
1281,100,0.025221300407107634
1282,100,0.025360884557046146
1283,100,0.02576395241846156
1284,100,0.02509838868079496
1285,100,0.02522213131469094
1286,100,0.025476402528074545
1287,100,0.025610290104019277
1288,100,0.025615771638025753
1289,100,0.025683680595211648
1290,100,0.025602471592849677
1291,100,0.0252673014258715
1292,100,0.025706362154492002
1293,100,0.025592652917191577
1294,100,0.025290227894062767
1295,100,0.024856052574765825
1296,100,0.02504042265667328
1297,100,0.02545029330554138
1298,100,0.024997920236905474
1299,100,0.025016674516783823
1300,100,0.025027896141745113
1301,100,0.02507090164072709
1302,100,0.025532457004510817
1303,100,0.02518459143004698
1304,100,0.025891942184242456
1305,100,0.02525404131909837
1306,100,0.02504398464289234
1307,100,0.0259515648308959
1308,100,0.025187283114664488
1309,100,0.024971218332815535
1310,100,0.02509566669733483
1311,100,0.02571563756446773
1312,100,0.025350137514306186
1313,100,0.025628406779975084
1314,100,0.025097497948716796
1315,100,0.024892649505675445
1316,100,0.025549653554767734
1317,99,0.025436392256180163
1318,99,0.02491835189377905
1319,99,0.02525004430840521
1320,99,0.02532127420161453
1321,99,0.025278784409272816
1322,99,0.02548612792463402
1323,99,0.02522440281117869
1324,99,0.024364093203906017
1325,99,0.025574658693638768
1326,99,0.02479207988957645
1327,99,0.024935894251114907
1328,99,0.025010186705131044
1329,99,0.025427720574828484
1330,99,0.02450722132599621
1331,99,0.025464162659584906
1332,99,0.02489283704132353
1333,99,0.02520518733782179
1334,99,0.024340194416702765
1335,99,0.025374839875965477
1336,99,0.02485372787887412
1337,99,0.024860283819703947
1338,99,0.02498725121040048
1339,99,0.02467159498546523
1340,99,0.024823253639936916
1341,99,0.024669125139445334
1342,99,0.025236965852101848
1343,99,0.025379677281978104
1344,99,0.02559131695156383
1345,99,0.025247822844461285
1346,99,0.02536250711364787
1347,99,0.024935654895723587
1348,99,0.02513503356521554
1349,99,0.025306011670192342
1350,99,0.025117853376181
1351,99,0.025229829281926658
1352,99,0.0254236483200508
1353,99,0.025429262935604397
1354,99,0.024833086979738503
1355,99,0.02553760843811361
1356,99,0.024675476474699032
1357,99,0.025347093597347155
1358,99,0.025349819048166033
1359,99,0.024668636056707625
1360,99,0.02522426850466933
1361,99,0.025743178132535776
1362,99,0.025481645718473913
1363,99,0.025070327664815116
1364,99,0.02478985071940109
1365,99,0.02513216578940138
1366,99,0.025406283427385157
1367,99,0.025147010988168596
1368,99,0.02511477107109275
1369,99,0.025158826572354787
1370,99,0.024939097098898817
1371,99,0.025412297107664295
1372,99,0.024975542121081176
1373,99,0.02440114419579341
1374,99,0.02550233006070352
1375,99,0.02516029695978973
1376,99,0.024957385415240924
1377,99,0.024672141414607246
1378,99,0.02528200847481692
1379,99,0.025669740326265185
1380,99,0.025411136590940343
1381,99,0.02502655398210877
1382,99,0.025465131224423336
1383,99,0.025072039031091717
1384,99,0.025702068162924523
1385,98,0.02547497296929606
1386,98,0.024765146396187737
1387,98,0.024931741036142895
1388,98,0.025109812792007732
1389,98,0.025524906212766423
1390,98,0.024527188834367553
1391,98,0.024604673343792023
1392,98,0.025183153015152168
1393,98,0.02420307308073711
1394,98,0.02489108898054619
1395,98,0.0250355074532474
1396,98,0.025033333567718596
1397,98,0.02520435831847602
1398,98,0.02487204449524344
1399,98,0.024843542889218785
1400,98,0.024746173487223067
1401,98,0.025092859984118768
1402,98,0.02491610628525138
1403,98,0.024660074320532775
1404,98,0.024809437573981265
1405,98,0.02504796854565477
1406,98,0.024440157993350038
1407,98,0.024548754360054548
1408,98,0.02533438654942223
1409,98,0.024498127308714653
1410,98,0.02453355437876532
1411,98,0.02469352835497273
1412,98,0.02528389610699163
1413,98,0.024554129107247136
1414,98,0.025142479540540864
1415,98,0.0250851463643322
1416,98,0.025351657418548963
1417,98,0.02503835221103559
1418,98,0.024826117083217986
1419,98,0.02484266145654131
1420,98,0.02498553066601125
1421,98,0.024958030768857786
1422,98,0.024613317618846327
1423,98,0.024625143282104377
1424,98,0.02485657304792485
1425,98,0.0251314364570115
1426,98,0.025058695949446586
1427,98,0.025017764815432126
1428,98,0.025279188634907603
1429,98,0.024643662206138756
1430,98,0.02475298925697265
1431,98,0.025038289936058278
1432,98,0.025600018505062258
1433,98,0.02468598590982348
1434,98,0.024593206389326286
1435,98,0.025222737601612033
1436,98,0.025237335325019792
1437,98,0.02541054918981216
1438,98,0.024697071052294416
1439,98,0.025118593042517685
1440,98,0.024935178533985653
1441,98,0.02467385640654542
1442,98,0.02448442150892209
1443,98,0.02497395429114593
1444,98,0.02513052031374035
1445,98,0.024966659535490238
1446,98,0.02566129160113147
1447,98,0.02490630859848184
1448,98,0.024811785167380345
1449,98,0.02496400171531103
1450,98,0.024846429386153585
1451,98,0.02518820963699822
1452,98,0.02451347196152545
1453,98,0.02478634489630218
1454,98,0.024899596196814536
1455,98,0.025238459542493735
1456,98,0.02452488110982259
1457,98,0.025267822715564506
1458,98,0.024910965759156852
1459,98,0.02483891738702847
1460,98,0.02523444060271907
1461,98,0.024050332019895853
1462,98,0.025087429956009558
1463,98,0.024719897404979534
1464,98,0.024755065568117778
1465,98,0.02481348099023928
1466,98,0.02557593303261903
1467,98,0.02420277116035532
1468,98,0.024907732817168512
1469,98,0.024991278856153386
1470,98,0.024887507111610318
1471,98,0.024051597629859072
1472,98,0.024370339174581236
1473,98,0.024867437466752254
1474,98,0.024454833467384803
1475,98,0.02481646540243048
1476,98,0.024447329344663156
1477,98,0.024848934037899187
1478,98,0.025607503855514902
1479,98,0.024339923986793806
1480,98,0.02511846258141264
1481,98,0.024714904536466322
1482,98,0.024447989145676426
1483,98,0.024835020743021612
1484,98,0.02460364105911894
1485,98,0.024283780959049896
1486,98,0.024949080039495936
1487,98,0.02487681970568561
1488,98,0.024590032189737734
1489,98,0.025051786585151097
1490,98,0.024974337949687602
1491,98,0.024988116801849685
1492,98,0.025080218693395582
1493,98,0.025535031917816774
1494,98,0.02498309345755466
1495,98,0.024877147229593246
1496,98,0.02533544083124387
1497,98,0.025506020836106258
1498,98,0.024889058976612415
1499,98,0.024644652764985606
1500,98,0.025153387839837588
1501,98,0.025561160636026405
1502,98,0.025095519601690798
1503,98,0.025259316010862464
1504,98,0.025300482204431384
1505,98,0.025091491092968096
1506,98,0.02521852069669495
1507,98,0.024689560324832726
1508,98,0.024672631080327585
1509,98,0.025015929407405026
1510,98,0.025509951583236986
1511,98,0.024891832334086924
1512,98,0.02449718980011425
1513,98,0.024521360073463987
1514,98,0.025243676566570575
1515,98,0.024826161253453053
1516,98,0.024578606086676627
1517,98,0.025116554380387287
1518,98,0.02490817617677482
1519,98,0.024959801067752096
1520,98,0.02479967005666961
1521,98,0.02491320599919913
1522,98,0.025143000559335528
1523,98,0.02521236668776502
1524,98,0.02505247703667398
1525,98,0.025279097036132
1526,98,0.024968980756293113
1527,98,0.02439586784090945
1528,98,0.02485024700575921
1529,98,0.024836862235871227
1530,98,0.02540839365929536
1531,98,0.02483174001422941
1532,98,0.025323488446295603
1533,98,0.024324898867638396
1534,98,0.025190470435215353
1535,98,0.024651892450738015
1536,98,0.02481932713077228
1537,98,0.02476445765548584
1538,98,0.02478068264121414
1539,98,0.02493820438407687
1540,98,0.024748641772349415
1541,98,0.02476853923923101
1542,98,0.02514882214703493
1543,98,0.024668458603961024
1544,98,0.02440798741596397
1545,98,0.02471756151679834
1546,98,0.02493380377811021
1547,98,0.024680690435217416
1548,98,0.025674894264318713
1549,98,0.024906049990284482
1550,98,0.02542502031586035
1551,98,0.025096354958936168
1552,98,0.025408810018307155
1553,98,0.024834496862803923
1554,98,0.024900506305035534
1555,98,0.024516368816306866
1556,98,0.02492152007134269
1557,98,0.024806839108884024
1558,98,0.025382654659682567
1559,98,0.024882717802655465
1560,98,0.024770254919838985
1561,98,0.025025212816187557
1562,98,0.02490776961893095
1563,98,0.025252238746896194
1564,98,0.024808958448987006
1565,98,0.02486723858335981
1566,98,0.02487735929710313
1567,98,0.024900250756641068
1568,98,0.02475617887090955
1569,98,0.025721812543193244
1570,98,0.024696862895670437
1571,98,0.024998511470651682
1572,98,0.024600692518427062
1573,98,0.024473879355507426
1574,98,0.024752588383061797
1575,98,0.024653226622092947
1576,98,0.024947538404852213
1577,98,0.02517325699936179
1578,98,0.025254119991287616
1579,98,0.02465375879190894
1580,98,0.02469400976023428
1581,98,0.02501326814123454
1582,98,0.024786659050319
1583,98,0.0254224494669485
1584,97,0.02466037769442143
1585,97,0.024589017625348313
1586,97,0.025208335105030233
1587,97,0.024610643204705476
1588,97,0.025094414030272
1589,97,0.024245136152996626
1590,97,0.02469214432131616
1591,97,0.02502130732220875
1592,97,0.024704369005771977
1593,97,0.02483529578534993
1594,97,0.024912454151169095
1595,97,0.02519930406888983
1596,97,0.024566043890572438
1597,97,0.024766068391757746
1598,97,0.02422912243026019
1599,97,0.02492712221790848
1600,97,0.02485178083903277
1601,97,0.02447896769769398
1602,97,0.024809471622116774
1603,97,0.024286455599641866
1604,97,0.024181524485132777
1605,97,0.024882881285484028
1606,97,0.024777236296823064
1607,97,0.025132589120001957
1608,97,0.024639989542712213
1609,97,0.024326945787856907
1610,97,0.024977735210333068
1611,97,0.02495088375471604
1612,97,0.024360824593269523
1613,97,0.02502877269909825
1614,97,0.024491665670799637
1615,97,0.02451667009993573
1616,97,0.02445595536345923
1617,97,0.025373324500706722
1618,97,0.024317288075689704
1619,97,0.024865007404508883
1620,97,0.024788449369454763
1621,97,0.0246983587925719
1622,97,0.024887462490089066
1623,97,0.02431966393751137
1624,97,0.024679834410818533
1625,97,0.02450570476747832
1626,97,0.025104030352265258
1627,97,0.02450736044510926
1628,97,0.02459487136059241
1629,97,0.024925513522963703
1630,97,0.024884455044504376
1631,97,0.024420927540059725
1632,97,0.024440938701176473
1633,96,0.02474741833004802
1634,96,0.024421056488149025
1635,96,0.02427421792627783
1636,96,0.024811222224356347
1637,96,0.02437988417173923
1638,96,0.024337156382090292
1639,96,0.024479621883031256
1640,96,0.02401315605005661
1641,96,0.02444330319859722
1642,96,0.024455443584641613
1643,96,0.024797334332801242
1644,95,0.024817010225753857
1645,95,0.024421006267116185
1646,95,0.024685811740563772
1647,95,0.02346944993625784
1648,95,0.023612159580804534
1649,95,0.024514626853873803
1650,95,0.0238738072680303
1651,95,0.02401849376410572
1652,95,0.02477239129603345
1653,95,0.0244804368424923
1654,95,0.023877046430062426
1655,95,0.02422223227295733
1656,95,0.0240571686604575
1657,95,0.024531477811474335
1658,95,0.024265582433976626
1659,95,0.02430514282527467
1660,95,0.02457809412595367
1661,95,0.024379702695509087
1662,95,0.024211988690756157
1663,95,0.025027468518235837
1664,95,0.024090796596042862
1665,95,0.024126275334436745
1666,95,0.024405233863933406
1667,95,0.0243211040703209
1668,95,0.023509113855661786
1669,95,0.02390036840387886
1670,94,0.023938012578222836
1671,94,0.02405805900800846
1672,94,0.02440597181187533
1673,94,0.023932798357657204
1674,94,0.024267517816246937
1675,94,0.023962291709397083
1676,94,0.02392267290085652
1677,94,0.023804207946070344
1678,94,0.024085387204359574
1679,94,0.023980933279154737
1680,94,0.023908428381409844
1681,94,0.02315822188861574
1682,94,0.0238779192328201
1683,94,0.023333515002179017
1684,94,0.023918404427607773
1685,94,0.024039686544019296
1686,94,0.02356568479525908
1687,94,0.024369753093522975
1688,94,0.023434196697904253
1689,94,0.02362473001737408
1690,94,0.023600740564393215
1691,94,0.02394266975392039
1692,94,0.023808694205061213
1693,94,0.023853926072596447
1694,94,0.024279095551654056
1695,94,0.02357848380993045
1696,94,0.023920471159892657
1697,94,0.02369022098944091
1698,94,0.024055753736355108
1699,94,0.023458421673086566
1700,94,0.024502987622910713
1701,94,0.02430592442008322
1702,94,0.02388123844897751
1703,94,0.023671527689697425
1704,94,0.024245815011709942
1705,94,0.02413967291779633
1706,94,0.023412994998544826
1707,94,0.02412354104737461
1708,94,0.024128502925219737
1709,94,0.023819948730337326
1710,94,0.02333116895541891
1711,94,0.02437493318409846
1712,94,0.02394501656511252
1713,94,0.024513448347817966
1714,94,0.024170449209181575
1715,94,0.02413399408570566
1716,94,0.02470125521980421
1717,94,0.02402356408752284
1718,94,0.024361068960945323
1719,94,0.024143448125682143
1720,94,0.023919034188334076
1721,94,0.02481724134478383
1722,94,0.024022017289252795
1723,94,0.023816367025917204
1724,94,0.02392531504555189
1725,94,0.0239345341743387
1726,94,0.02381794249272362
1727,94,0.02402471041250556
1728,94,0.023992431427057016
1729,94,0.023993539789208318
1730,94,0.023735649831401886
1731,94,0.024548769809533584
1732,94,0.023350050942385004
1733,94,0.024075416002629687
1734,94,0.024097963149068875
1735,94,0.023820226331373352
1736,94,0.023495966751280843
1737,94,0.02404273076327886
1738,94,0.0243289180462142
1739,94,0.023775943549552956
1740,94,0.023383406780516723
1741,94,0.02350231875053187
1742,94,0.024606193321787227
1743,94,0.02381277135196222
1744,94,0.023895256071504126
1745,94,0.024067599447987132
1746,94,0.023633660368365127
1747,94,0.02364539173930944
1748,94,0.02446701022498163
1749,94,0.024176075729312796
1750,94,0.023839939458979352
1751,94,0.02374702044325421
1752,94,0.024209623846410424
1753,94,0.024361341197228957
1754,94,0.024007036109628125
1755,94,0.023539364762142367
1756,94,0.023782571683684285
1757,94,0.02350040431747682
1758,94,0.0243978267456973
1759,94,0.023665772127732132
1760,94,0.024410316157930514
1761,94,0.023976441148016454
1762,94,0.024493879389594832
1763,94,0.023571409315667927
1764,94,0.024063275011172003
1765,94,0.024218303773521695
1766,94,0.023721744319783196
1767,94,0.02366950042443411
1768,94,0.02350547016699767
1769,94,0.02362646612217599
1770,94,0.023938924321950272
1771,94,0.023990355303713063
1772,94,0.02386448316997314
1773,94,0.023832782364074188
1774,94,0.024396200296322335
1775,94,0.023756353915538767
1776,94,0.023890047694250193
1777,94,0.023954056414691553
1778,94,0.02351721073332803
1779,94,0.02378395694993158
1780,94,0.023857485029043
1781,94,0.023776031397348543
1782,94,0.023921421009890653
1783,94,0.023803864059438285
1784,94,0.02383676396329476
1785,94,0.024305437965793125
1786,94,0.024034919244065558
1787,94,0.023491537992576195
1788,94,0.024598168973656225
1789,94,0.024028785787722346
1790,94,0.02462110380957945
1791,94,0.024026361267178355
1792,94,0.02440157267460246
1793,94,0.023727539869802184
1794,94,0.024117534585368437
1795,94,0.024142579942661325
1796,94,0.02355403393785845
1797,94,0.02374578350722719
1798,94,0.023876037132303927
1799,94,0.024153555982453265
1800,94,0.024298828051699344
1801,94,0.02389539015891816
1802,94,0.024211622469445183
1803,94,0.02384391619508885
1804,94,0.023852932428446088
1805,94,0.023919448976031193
1806,94,0.024835264516158
1807,94,0.023610772630096335
1808,94,0.024236145864318794
1809,94,0.024099179443174527
1810,94,0.02419384863556069
1811,94,0.02399244852239006
1812,94,0.02390706414913927
1813,94,0.023445416834364866
1814,94,0.024425902753306607
1815,93,0.024771423608308002
1816,93,0.023306523516090232
1817,93,0.023877898401797798
1818,93,0.023662685007394088
1819,93,0.024029144066750333
1820,93,0.023517237028814895
1821,93,0.023551063795947368
1822,93,0.023950621880309268
1823,93,0.023752594251133765
1824,93,0.02357102667386596
1825,93,0.02408522287280849
1826,92,0.024173141530446585
1827,92,0.024336487631441146
1828,92,0.023459892078564075
1829,92,0.023646295114363638
1830,92,0.023936877498895594
1831,92,0.023159668061099616
1832,92,0.02397639293529925
1833,92,0.023736892321630784
1834,92,0.023266125046000005
1835,92,0.023021509811776718
1836,92,0.023664428932085948
1837,92,0.023904837847031263
1838,92,0.023374642035126892
1839,92,0.02383345121881438
1840,92,0.023470391778132395
1841,92,0.023212013145426747
1842,92,0.023480031285812705
1843,92,0.023658689879891337
1844,92,0.0238467775241096
1845,92,0.023208302956263648
1846,92,0.02328861686214611
1847,92,0.02400561233032054
1848,92,0.023973994637807795
1849,92,0.023403278153844114
1850,92,0.023456336084097282
1851,92,0.023687838257475707
1852,92,0.02359635984353052
1853,91,0.023798008301102493
1854,90,0.023796722491883665
1855,90,0.0229402706621021
1856,90,0.023179524228967196
1857,90,0.022979997342581732
1858,90,0.022655708866519485
1859,90,0.0231884647835943
1860,90,0.023413601550008493
1861,90,0.022749575513506568
1862,90,0.023821556239737123
1863,90,0.02339727862466141
1864,90,0.0227550101377799
1865,90,0.023343254379812852
1866,90,0.02326388354290783
1867,90,0.022543876299895307
1868,90,0.023447098633751433
1869,90,0.02376106255616292
1870,90,0.023504206711075015
1871,90,0.023330594784750767
1872,90,0.023206949010740066
1873,90,0.02345798391141676
1874,90,0.023409125310483586
1875,90,0.02378012805157694
1876,90,0.02292718695251592
1877,90,0.023671583487025798
1878,90,0.0238184624339458
1879,90,0.023337844154972632
1880,90,0.02269256527162632
1881,90,0.022752229502724756
1882,90,0.02276553714405666
1883,90,0.02285615531788072
1884,90,0.023375202969064656
1885,90,0.02372085007007921
1886,90,0.023731837599804725
1887,90,0.02354273508767154
1888,90,0.02316123614213219
1889,90,0.02339097902815659
1890,90,0.023015751769170867
1891,90,0.022826350825766575
1892,90,0.02281531549327334
1893,90,0.023245292987026756
1894,90,0.022884158988977454
1895,90,0.023408906027515008
1896,90,0.022777690292969905
1897,90,0.02286718316342286
1898,90,0.02318462987385305
1899,90,0.022790916472523463
1900,90,0.023277885126418346
1901,90,0.02256577316132989
1902,90,0.023505055320791352
1903,89,0.022653854943851776
1904,89,0.02345229359907333
1905,89,0.022856763730043164
1906,89,0.022472204630182416
1907,88,0.02331038505074357
1908,88,0.02239551952426721
1909,88,0.022674160415491335
1910,88,0.022591635694104478
1911,88,0.022809638179435054
1912,88,0.02255166504926683
1913,88,0.022149376245894973
1914,88,0.022676682690448986
1915,87,0.02210991017285671
1916,87,0.02253782646510683
1917,87,0.022913874343807816
1918,87,0.022910142632845857
1919,87,0.022287110895293318
1920,87,0.02276480753475908
1921,87,0.02258952550499173
1922,87,0.02284933451906897
1923,87,0.022334897396528858
1924,87,0.022430102726619956
1925,87,0.022701913675104653
1926,87,0.02320537561802064
1927,87,0.0222697125028649
1928,87,0.022055157997382807
1929,87,0.022330383179530188
1930,87,0.02269232457096683
1931,87,0.02196875431828548
1932,87,0.022287656218737836
1933,87,0.022501891079050793
1934,87,0.022378766723095543
1935,87,0.023057037519430085
1936,87,0.022084159760163286
1937,87,0.022084965408243805
1938,87,0.022869761826104576
1939,87,0.022154598216787114
1940,87,0.022237160041977854
1941,86,0.02286045410145788
1942,86,0.022354902058857654
1943,86,0.021097127204981334
1944,86,0.02235938130130711
1945,86,0.022459318791230535
1946,86,0.023109963679425253
1947,86,0.022273106331169076
1948,86,0.02226697739454405
1949,86,0.02230476928375642
1950,86,0.021552647787899226
1951,86,0.022161912244336307
1952,86,0.0219225911167883
1953,86,0.022515073586907814
1954,86,0.022509441010903953
1955,86,0.022284011491275003
1956,86,0.02195490534882827
1957,86,0.02253274149899334
1958,86,0.02259711590519609
1959,86,0.022441030005460067
1960,85,0.02252242075841748
1961,85,0.022179747567184237
1962,85,0.02126152285364621
1963,85,0.02245706438079142
1964,85,0.02137481844972071
1965,85,0.021852781389897352
1966,85,0.022305076563596513
1967,85,0.022086100503400014
1968,85,0.021908686332175343
1969,85,0.021981441856046488
1970,85,0.021359900906286748
1971,85,0.021604222795323355
1972,85,0.022102485348842363
1973,85,0.021885520678886737
1974,85,0.02167628528910621
1975,85,0.02192947397354887
1976,85,0.022333838667356304
1977,85,0.022791787569568824
1978,85,0.021570941131154407
1979,85,0.02200273999353585
1980,85,0.02243732444302506
1981,85,0.022453536195473193
1982,85,0.022437242926035838
1983,85,0.022033820518988886
1984,85,0.02199084904245959
1985,85,0.02179687604376091
1986,85,0.022282217021146807
1987,85,0.021943006334454767
1988,85,0.022243826785967286
1989,85,0.021864702528768976
1990,85,0.021685575342051882
1991,85,0.02214247805388909
1992,84,0.02217989130882151
1993,84,0.022054252593582905
1994,83,0.021545305796227727
1995,83,0.0207805879704161
1996,83,0.021258023559803864
1997,83,0.021486169364507333
1998,83,0.02151829838773569
1999,83,0.021546285963863505
2000,83,0.021541035440769983
2001,83,0.021382838667153396
2002,83,0.021630259675348002
2003,83,0.021729566323120696
2004,83,0.021524546225654875
2005,83,0.02166005193059506
2006,83,0.02188120998865189
2007,83,0.021033501078493323
2008,83,0.02172475108837427
2009,83,0.02162078303870852
2010,83,0.021876384542132046
2011,83,0.021369956594643618
2012,83,0.021178482743882784
2013,83,0.021917714275067897
2014,83,0.021317784979510618
2015,83,0.021826987123674098
2016,83,0.021477114552908603
2017,83,0.021694652600462765
2018,83,0.021528766770673478
2019,82,0.0220586347058993
2020,82,0.02144576170779207
2021,82,0.021950657564740073
2022,81,0.021263552674546594
2023,81,0.021805805733559586
2024,81,0.020785260640069574
2025,81,0.021463571849545754
2026,81,0.021178464076654732
2027,81,0.020892267464289686
2028,80,0.02077118735108474
2029,80,0.021147740001320563
2030,80,0.02058596864091044
2031,80,0.020641431842816752
2032,80,0.02098064813456797
2033,80,0.02036810911671457
2034,80,0.021242648412051562
2035,80,0.0204532534246369
2036,80,0.02076470025182479
2037,80,0.02155789988224488
2038,80,0.020230670924225827
2039,80,0.020598191945515393
2040,80,0.020144133211698292
2041,80,0.02110333326916637
2042,80,0.02178128191533571
2043,80,0.021056532030845582
2044,80,0.021181835066199806
2045,80,0.02133512395879481
2046,80,0.020750187830817897
2047,80,0.02077595892530059
2048,80,0.021733712142959775
2049,80,0.02082518281389845
2050,80,0.020895853159952082
2051,80,0.02114587532282739
2052,80,0.020896658812246845
2053,80,0.02121207561309934
2054,79,0.02057022277241262
2055,79,0.020640345036647162
2056,79,0.020195165007327456
2057,79,0.020566413672078464
2058,79,0.020705028134578977
2059,78,0.020791870087155707
2060,78,0.020230345599175564
2061,78,0.020515647235913467
2062,77,0.021034531410985977
2063,77,0.019687603110461475
2064,77,0.020206398343751847
2065,77,0.02019176416934574
2066,77,0.019795892069988105
2067,77,0.01981674578459289
2068,77,0.02044189666634857
2069,77,0.02029788947392435
2070,76,0.019984363137345418
2071,76,0.020534670438124153
2072,76,0.02010492183489227
2073,76,0.020757815949442003
2074,76,0.02010211031206573
2075,76,0.02003570266601031
2076,75,0.020189807875989646
2077,74,0.02002284494443458
2078,74,0.020309417813495094
2079,74,0.019525589404681132
2080,74,0.019028942136956602
2081,74,0.019461943354173013
2082,74,0.019667918899638356
2083,74,0.019459928868154713
2084,74,0.019446189962191
2085,74,0.0202902052360772
2086,74,0.020008817198015946
2087,74,0.02009620273965344
2088,74,0.019282918042092527
2089,74,0.01951086354219154
2090,74,0.019738312244141208
2091,74,0.02042345017208715
2092,74,0.02050721160533628
2093,74,0.019360072310306273
2094,74,0.020357945788836315
2095,74,0.020092423957199932
2096,73,0.019807236680631637
2097,73,0.01979679347948828
2098,73,0.019758047262713754
2099,73,0.019013344612865406
2100,73,0.019487471978021507
2101,73,0.019327096857545713
2102,73,0.019286903015741586
2103,73,0.019826542042745702
2104,73,0.01930989838207002
2105,73,0.01964141170824857
2106,73,0.019463507046457593
2107,73,0.020034417263677228
2108,73,0.019966361313955898
2109,73,0.01968206367529876
2110,73,0.019345058920752858
2111,73,0.019391212904573896
2112,73,0.02036668419439229
2113,73,0.019515705024202194
2114,73,0.019855710521056617
2115,73,0.019737608316744263
2116,73,0.01970100112478555
2117,73,0.019819025926115102
2118,73,0.01890049796720669
2119,73,0.01993745253058005
2120,73,0.020389631649432294
2121,73,0.01913758968174344
2122,73,0.01913709334976906
2123,73,0.019569294772048162
2124,73,0.02061369541127384
2125,73,0.019137692435681194
2126,72,0.019665542841279103
2127,72,0.019710065920993697
2128,72,0.01887549217520215
2129,72,0.01876230068784106
2130,72,0.020551028405066635
2131,72,0.01938578320990711
2132,72,0.020029879106949686
2133,72,0.019183533834972163
2134,72,0.01869266395345499
2135,72,0.020192722816843086
2136,71,0.019400269600682175
2137,71,0.01874782643500344
2138,71,0.01917925850163642
2139,71,0.019104642377313574
2140,71,0.018696490091996296
2141,71,0.019033851555496348
2142,71,0.01897794262961923
2143,71,0.019434639027453956
2144,71,0.01941515054128528
2145,71,0.018825327127764697
2146,71,0.01973562685948431
2147,71,0.01831230559556473
2148,71,0.018780331179158446
2149,70,0.01896044936295057
2150,70,0.01886134321549831
2151,70,0.01845714115153993
2152,70,0.018103313371943194
2153,70,0.01860078393777967
2154,70,0.018963422599884275
2155,70,0.01825177643159923
2156,70,0.018597962659714612
2157,69,0.019301126535207536
2158,69,0.018280593254740247
2159,69,0.018868160837311708
2160,69,0.019004014542122756
2161,69,0.01849766279572457
2162,69,0.019448869696967887
2163,69,0.018125621386944176
2164,69,0.01848525400987358
2165,69,0.018895446798542454
2166,69,0.0186960841906074
2167,69,0.018416982917991615
2168,69,0.018854067952993
2169,68,0.018047395283685787
2170,68,0.018484311270903383
2171,68,0.017986451605914736
2172,68,0.018800450534856187
2173,68,0.01825112397702235
2174,68,0.018501839241859802
2175,68,0.019761860199437285
2176,68,0.01927829204015278
2177,68,0.01938965080004103
2178,68,0.018497221376646587
2179,68,0.018586323142748946
2180,68,0.018525337309603037
2181,68,0.018334052676243995
2182,68,0.018587517130812276
2183,68,0.017941101536236032
2184,68,0.01824559113395691
2185,67,0.0185362607074982
1,100,0.025237202647052866
2,100,0.025784025565170014
3,100,0.025499823558548358
4,100,0.025117412486390715
5,100,0.025975871958804592
6,100,0.025636450692123523
7,100,0.02557983776368722
8,100,0.025436921939751746
9,100,0.02556298187115443
10,100,0.025472237086924913
11,100,0.026093060267318384
12,100,0.02546356117148616
13,100,0.025206544733128014
14,100,0.02531417694848606
15,100,0.025489225739548097
16,100,0.025494931708829403
17,100,0.025414742652032012
18,100,0.02505636828580567
19,100,0.025442803592174806
20,100,0.025599859973096196
21,100,0.02597443012799736
22,100,0.02556913904415243
23,100,0.02615022787717557
24,100,0.02531493792513497
25,100,0.026221262238525476
26,100,0.025105613441610452
27,100,0.02542968456567467
28,100,0.025606505188318633
29,100,0.02523853616765555
30,100,0.025246426509029966
31,100,0.0259686557756734
32,100,0.025397876706159454
33,100,0.025384078909140715
34,100,0.02592245957447339
35,100,0.025770767571325594
36,100,0.02561609021520638
37,100,0.025437808272542554
38,100,0.02566375892161828
39,100,0.02616889887860952
40,100,0.025142502914808133
41,100,0.025493098083508626
42,100,0.025289101319726143
43,100,0.025333138165638352
44,100,0.02541065237729147
45,100,0.025861817956095913
46,100,0.02548226951203421
47,100,0.02540120988033239
48,100,0.02506769681932327
49,100,0.02578224874044456
50,100,0.025691385727505074
51,100,0.025764900870135745
52,100,0.02505472419476545
53,100,0.026150328449044996
54,100,0.02568607583047766
55,100,0.025535302620488465
56,100,0.025568573204708307
57,100,0.025762468276359494
58,100,0.02597419590070692
59,100,0.025354507058853056
60,100,0.025845054483185838
61,100,0.02535614282589688
62,100,0.025830407301181253
63,100,0.025942169840380794
64,100,0.02535187537204484
65,100,0.025846419803199957
66,100,0.02525449228063268
67,100,0.02580185709949017
68,100,0.025172502003260395
69,100,0.025516972247942856
70,100,0.025748829738317082
71,100,0.02515819834853591
72,100,0.025319328598611513
73,100,0.025368002634197962
74,100,0.02648436249802723
75,100,0.02531696727468197
76,100,0.025772674030512248
77,100,0.025504627196828007
78,100,0.025365057763942545
79,100,0.025688149530168642
80,100,0.02542435766344413
81,100,0.0253079457827816
82,100,0.025780965469092317
83,100,0.025609916924056494
84,100,0.02591577002394759
85,100,0.025875235060719204
86,100,0.02518427539650546
87,100,0.026131129465744175
88,100,0.026257844223070256
89,100,0.02530946324345164
90,100,0.025896479476453408
91,100,0.025369798017528082
92,100,0.025824418735339263
93,100,0.025543038500883544
94,100,0.02565540011549013
95,100,0.025768894950230825
96,100,0.025659375594476886
97,100,0.025524946956446477
98,100,0.02544534691871926
99,100,0.0258406303929495
100,100,0.025903117646057853
101,100,0.025660608686566257
102,100,0.02525089781798093
103,100,0.025766145072103737
104,100,0.02575389264326716
105,100,0.0253737238418811
106,100,0.02591032514169193
107,100,0.026030072060332518
108,100,0.025401810756482967
109,100,0.025669946498426743
110,100,0.02544422206497262
111,100,0.025915202637120053
112,100,0.026108747979014885
113,100,0.025714268563884573
114,100,0.02589942994256076
115,100,0.02578077751782859
116,100,0.025835420822046692
117,100,0.02571487969124387
118,100,0.025465087452314326
119,100,0.025928850119080346
120,100,0.025711938283222366
121,100,0.02528561431994051
122,100,0.025248218285445552
123,100,0.025197471960297972
124,100,0.025434336464545224
125,100,0.02614303293706002
126,100,0.025187679544056277
127,100,0.025867482214397053
128,100,0.025645116671537346
129,100,0.025686163752781075
130,100,0.025528338463141415
131,100,0.02595966917227513
132,100,0.025431033856444466
133,100,0.025876987259803738
134,100,0.025285600793645068
135,100,0.02560138973179838
136,100,0.02555436056140909
137,100,0.025807846500865688
138,100,0.025354352950890856
139,100,0.02551486534909879
140,100,0.025362791889449558
141,100,0.025983507988964774
142,100,0.025292943558506555
143,100,0.025492808903328574
144,100,0.026178904509808153
145,100,0.026047583228075752
146,100,0.025131510781319172
147,100,0.025696974861408674
148,100,0.025506041505772063
149,100,0.025490666618013427
150,100,0.025949587761914552
151,100,0.025340878728547074
152,100,0.025793356339710197
153,100,0.02504833146287347
154,100,0.025641026255294862
155,100,0.0257102442701899
156,100,0.02588278809812459
157,100,0.025652255633108804
158,100,0.02547684187394473
159,100,0.026155629131202337
160,100,0.025356321747453524
161,100,0.025613287552622477
162,100,0.025693668783819686
163,100,0.02586986092884275
164,100,0.02578043811365633
165,100,0.025657483187954713
166,100,0.02568371714619434
167,100,0.02562350750000772
168,100,0.025689684553558734
169,100,0.02572153238229181
170,100,0.02544801333970728
171,100,0.02541075262025233
172,100,0.025739392580130787
173,100,0.025706464423265702
174,100,0.025436349174655648
175,100,0.025523562804783795
176,100,0.02569511883243381
177,100,0.02561019749582659
178,100,0.025786329594809303
179,100,0.02557124876705892
180,100,0.025376245350099125
181,100,0.02574623816501557
182,100,0.025022850674300597
183,100,0.025662103902400573
184,100,0.025240453513272705
185,100,0.02526266679796674
186,100,0.02609379169912551
187,100,0.025335105932036948
188,100,0.025728447023544918
189,100,0.025086491948365895
190,100,0.025654190896910716
191,100,0.026003448870147744
192,100,0.025968378318909312
193,100,0.02576159982218498
194,100,0.02554412145950716
195,100,0.02589644837461812
196,100,0.02553104672596458
197,100,0.025933554876612617
198,100,0.025165051102552818
199,100,0.025249523505428934
200,100,0.025574944779853868
201,100,0.025671140829470623
202,100,0.02559769876652575
203,100,0.025369279823227103
204,100,0.02593290846817399
205,100,0.025641951720578902
206,100,0.025541339519295346
207,100,0.025531378651366777
208,100,0.025407590527640786
209,100,0.02627609558719133
210,100,0.025979432937454142
211,100,0.025255050190374315
212,100,0.02599341609870504
213,100,0.02581108381495726
214,100,0.025756725413377136
215,100,0.025776643420665674
216,100,0.025873356414210267
217,100,0.025789845882539398
218,100,0.025560996531679613
219,100,0.025614139375325626
220,100,0.025558471087314284
221,100,0.026120958260103064
222,100,0.0252052412100025
223,100,0.025657236066605086
224,100,0.025361047421644748
225,100,0.025677231743221684
226,100,0.025468966891286
227,100,0.02632759304436691
228,100,0.025615484040560795
229,100,0.025818019345335404
230,100,0.02554713351834126
231,100,0.025751171065329214
232,100,0.025596035699845757
233,100,0.025808872565759363
234,100,0.025400202350732783
235,100,0.025427672400871192
236,100,0.02570197939912898
237,100,0.025542475909576343
238,100,0.025702319824232593
239,100,0.025434174720289752
240,100,0.025532368085111858
241,100,0.02561933990942765
242,100,0.02569469235515335
243,100,0.025784650139349656
244,100,0.025042618715318203
245,100,0.025275786074642145
246,100,0.02554289011286094
247,100,0.026200568305397867
248,100,0.025315115168477315
249,100,0.02501383347075174
250,100,0.025786832024751356
251,100,0.02570268612208388
252,100,0.025629731763913723
253,100,0.02543103283195199
254,100,0.02511077752257521
255,100,0.02523861554683223
256,100,0.025724977707992158
257,100,0.025687349812687804
258,100,0.02551671018927233
259,100,0.025759602676369522
260,100,0.026039047728783467
261,100,0.02539557981890311
262,100,0.02549787492690565
263,100,0.026047191338346726
264,100,0.026171440902809564
265,100,0.025517332952515053
266,100,0.025615817432300757
267,100,0.02534894368732725
268,100,0.025622746739930785
269,100,0.02552873179243769
270,100,0.025624446138369415
271,100,0.02562168635662094
272,100,0.025888498603460115
273,100,0.025900385595410726
274,100,0.025885450831515354
275,100,0.025196986711147572
276,100,0.0255700551572874
277,100,0.025635434271485336
278,100,0.02553529618236265
279,100,0.025699744501854496
280,100,0.02532228709147429
281,100,0.02545708842845209
282,100,0.02591371496615777
283,100,0.025878100452611828
284,100,0.025276956283023122
285,100,0.02573118333978773
286,100,0.02636285349669034
287,100,0.025700519422628403
288,100,0.02611091495958676
289,100,0.02525189082623031
290,100,0.0252034644831795
291,100,0.02553762413330533
292,100,0.025531798329381114
293,100,0.02608051722949023
294,100,0.026053750608750894
295,100,0.0255531576711191
296,100,0.025827052944265995
297,100,0.025653289996708226
298,100,0.026198644201454648
299,100,0.02536761798180423
300,100,0.025383355961333905
301,100,0.0259737675706247
302,100,0.02548093797404914
303,100,0.0259190342346872
304,100,0.026043775748442927
305,100,0.026174109942630492
306,100,0.0261081352235289
307,100,0.025291902914428323
308,100,0.025372408933097057
309,100,0.025241840383278206
310,100,0.025866567656647656
311,100,0.025700594595986052
312,100,0.02548315128162239
313,100,0.026040670850456974
314,100,0.02518040275908282
315,100,0.025218463302619492
316,100,0.025480582853381815
317,100,0.025539213245232305
318,100,0.02607945572840346
319,100,0.025642493757609013
320,100,0.02549385023852039
321,100,0.02582479227425337
322,100,0.025658168497323428
323,100,0.02541943182440589
324,100,0.02578324236386821
325,100,0.0252592229514172
326,100,0.02504952643658704
327,100,0.025434249991769665
328,100,0.02557412395945405
329,100,0.025986544536266955
330,100,0.026216172116036558
331,100,0.02564720933885169
332,100,0.02515271456385212
333,100,0.025549995021988334
334,100,0.025312659530006797
335,100,0.02553390243127031
336,100,0.025393986982921668
337,100,0.025862641504464056
338,100,0.025864461292163837
339,100,0.025573613506384697
340,100,0.02471811632040506
341,100,0.02499140237702374
342,100,0.02567031624452328
343,100,0.025574240735220105
344,100,0.02532546511796802
345,100,0.025578919387018305
346,100,0.026211055599999724
347,100,0.02577909878269638
348,100,0.02625190316553722
349,100,0.025484146554546203
350,100,0.025791306124221612
351,100,0.025157606381489582
352,100,0.025912976874277547
353,100,0.0257295980270809
354,100,0.02581489091979771
355,100,0.025546436924067214
356,100,0.025936283726240537
357,100,0.02535119660090805
358,100,0.025395873318550415
359,100,0.025269356023976376
360,100,0.025335597566742016
361,100,0.025528354865986466
362,100,0.02551820475478648
363,100,0.025189805761747935
364,100,0.025585355545962075
365,100,0.025932669953722613
366,100,0.025664714443942218
367,100,0.02558809535025588
368,100,0.024944233078597385
369,100,0.02538570815289071
370,100,0.02548812837885898
371,100,0.025590079843570517
372,100,0.025670210189938772
373,100,0.025430667150155347
374,100,0.025587105805836403
375,100,0.02567676679125258
376,100,0.025361491561480203
377,100,0.025662242923418795
378,100,0.025265975635185987
379,100,0.025100747798254858
380,100,0.02550318276608412
381,100,0.025494264349538418
382,100,0.025283204264392952
383,100,0.025848268199657236
384,100,0.025541370849907492
385,100,0.025744218392212376
386,100,0.02559035655415627
387,100,0.02576993139123334
388,100,0.0258277297026107
389,100,0.02532068932623978
390,100,0.02520700933754954
391,100,0.025779767558088893
392,100,0.025609367276183313
393,100,0.025326578049980984
394,100,0.025935532944052035
395,100,0.025692211484411774
396,100,0.025761707383561625
397,100,0.025755104778597132
398,100,0.02515797282136695
399,100,0.025533278426671562
400,100,0.025257570663266306
401,100,0.025289853386716285
402,100,0.025421557835826246
403,100,0.0256403959749395
404,100,0.025624056398182462
405,100,0.025311774927053363
406,100,0.025617938401877753
407,100,0.02580595171079791
408,100,0.02617733886313394
409,100,0.02526711697136083
410,100,0.025659758600152592
411,100,0.025459969933810587
412,100,0.025121778295988485
413,100,0.025655127463398507
414,100,0.025978316957187622
415,100,0.02566901835502914
416,100,0.025704867048482866
417,100,0.025616293670739552
418,100,0.026031488775317736
419,100,0.02589591588224783
420,100,0.025193865142394137
421,100,0.025469009171474166
422,100,0.025217656678604296
423,100,0.02495610451316291
424,100,0.025170015823890012
425,100,0.025291273056149095
426,100,0.02521888969361523
427,100,0.02535634506848648
428,100,0.025967835536920864
429,100,0.025876147984069467
430,100,0.025910041628745304
431,100,0.02510288194853627
432,100,0.025539646542485542
433,100,0.025603018106634894
434,100,0.0255949802689179
435,100,0.02601539259175109
436,100,0.02564736564844626
437,100,0.026221065476772904
438,100,0.025810192538414017
439,100,0.02545092230694054
440,100,0.025601656707335926
441,100,0.025328112462923814
442,100,0.025539674281222096
443,100,0.025717698912158256
444,100,0.025816125378028985
445,100,0.0257266403225515
446,100,0.025214002542043475
447,100,0.025121526441115306
448,100,0.02561321032718521
449,100,0.025416497062985557
450,100,0.025566469341832973
451,100,0.025630782526966028
452,100,0.026156865537022254
453,100,0.025606395898098197
454,100,0.02569662407533098
455,100,0.025824669808061886
456,100,0.025999747051661627
457,100,0.025812772896404414
458,100,0.026046519520227723
459,100,0.02589160232763839
460,100,0.025086519143596532
461,100,0.02511661114137482
462,100,0.02588431580542064
463,100,0.025552932627351595
464,100,0.025014903496191735
465,100,0.025775108193365922
466,100,0.025928898009742147
467,100,0.02617279557567079
468,100,0.02554477217195539
469,100,0.025551078516334456
470,100,0.025693408415320557
471,100,0.025362583418335968
472,100,0.02554234039946274
473,100,0.025392275987826462
474,100,0.025391320438160454
475,100,0.02520769407583506
476,100,0.025711547302453168
477,100,0.025823786114432264
478,100,0.025904488277242094
479,100,0.025676563753377343
480,100,0.025424509402482396
481,100,0.02561140160568653
482,100,0.025524149853448044
483,100,0.025333951265386453
484,100,0.02570356545923106
485,100,0.025302286163170148
486,100,0.025564842256566772
487,100,0.02536416817133958
488,100,0.025772107365871554
489,100,0.0249552072674344
490,100,0.025389473434773494
491,100,0.0260141448605223
492,100,0.025209691863040465
493,100,0.025365716520177314
494,100,0.02548585547245095
495,100,0.02557532771035939
496,100,0.025914199640016282
497,100,0.026240878346543053
498,100,0.02544758147129697
499,100,0.025596668982149164
500,100,0.025812894857654003
501,100,0.02547641195442245
502,100,0.025505913169055983
503,100,0.02522574752095539
504,100,0.025982467731455974
505,100,0.025675715685773585
506,100,0.025290174175745087
507,100,0.025470892931687538
508,100,0.025657216468593865
509,100,0.025289128187812406
510,100,0.025518224212768708
511,100,0.026091267932931036
512,100,0.025888592128701527
513,100,0.02553868724549129
514,100,0.024715688002896526
515,100,0.02575252280073788
516,100,0.02546546532901064
517,100,0.02591477318322751
518,100,0.025361616806774834
519,100,0.025664785180179322
520,100,0.025841296049721442
521,100,0.02612893967748374
522,100,0.02575196935782939
523,100,0.02591744708057898
524,100,0.025246096158834563
525,100,0.025736469366328008
526,100,0.02545078669361014
527,100,0.025845696513033152
528,100,0.025692438125064363
529,100,0.026004369324753886
530,100,0.025539500265913517
531,100,0.025941415530817743
532,100,0.024992933676723436
533,100,0.026040878939345743
534,100,0.02555211685867402
535,100,0.025765288498770526
536,100,0.02540212984480321
537,100,0.025644666452532116
538,100,0.02574591759165951
539,100,0.025734801299107043
540,100,0.02591040980203061
541,100,0.025387919138929037
542,100,0.025267666478701087
543,100,0.025184209754635218
544,100,0.02534260995792328
545,100,0.02561500054503736
546,100,0.02570605976165274
547,100,0.026188020298383075
548,100,0.025142171623496145
549,100,0.02531252128439575
550,100,0.026022784862586246
551,100,0.02566496338180939
552,100,0.025593210097376817
553,100,0.025924927746013654
554,100,0.025747674973730268
555,100,0.025759170070088672
556,100,0.02652226528967068
557,100,0.025832657745607043
558,100,0.025543618361692035
559,100,0.025923348631558298
560,100,0.026074247392066412
561,100,0.026054340310529358
562,100,0.024955021889122894
563,100,0.02591360600127874
564,100,0.02500798327645945
565,100,0.02518839179199882
566,100,0.025905989441897457
567,100,0.025100484237495033
568,100,0.025927831904306774
569,100,0.02576430019857638
570,100,0.025744229900106178
571,100,0.025230031385333477
572,100,0.02524078540817498
573,100,0.025089277665989212
574,100,0.025578049484116957
575,100,0.02559884742608204
576,100,0.025707870577175575
577,100,0.025673648526850654
578,100,0.025653081597597067
579,100,0.02572978054128814
580,100,0.02529527138145499
581,100,0.025458892109288176
582,100,0.026166582329331278
583,100,0.025943864971681063
584,100,0.025260787121160796
585,100,0.026495774066296073
586,100,0.02490087549101913
587,100,0.025237133968977716
588,100,0.025773985674234303
589,100,0.02582370414251313
590,100,0.02522273173431565
591,100,0.024875318090024665
592,100,0.025385224863519604
593,100,0.02595714257381697
594,100,0.02601958083810551
595,100,0.02563200876868093
596,100,0.026271135232858733
597,100,0.025198865014200808
598,100,0.025387329005554928
599,100,0.02566071991332663
600,100,0.025794019616148488
601,100,0.025803242126006095
602,100,0.02549375324967964
603,100,0.02542209001921495
604,100,0.0254149356350431
605,100,0.025766284910832077
606,100,0.025774062818069255
607,100,0.025530005056173716
608,100,0.025374170412914798
609,100,0.0256957964842617
610,100,0.025492202611276545
611,100,0.026148240757931124
612,100,0.025602721699795147
613,100,0.025684665060726756
614,100,0.025674931202625307
615,100,0.025495975028615434
616,100,0.02547541817869594
617,100,0.025544659766806147
618,100,0.025726650979876132
619,100,0.025391818682246423
620,100,0.025029837803222772
621,100,0.025690158693791893
622,100,0.02519422943223607
623,100,0.025567221913494396
624,100,0.0259145858453189
625,100,0.025773771239356175
626,100,0.02558622376902995
627,100,0.026179145706645198
628,100,0.025601507059652223
629,100,0.025433540224275873
630,100,0.025548360918361684
631,100,0.025680476921811635
632,100,0.025694504593264073
633,100,0.025310369234828597
634,100,0.02523864978562963
635,100,0.025966656172819368
636,100,0.025801282069238752
637,100,0.025707468390577252
638,100,0.025606803573086517
639,100,0.025763933541476578
640,100,0.025269834419370828
641,100,0.025728099184787155
642,100,0.025422841466000306
643,100,0.025943642010329435
644,100,0.02544271131291843
645,100,0.025858383492764297
646,100,0.02554109306936318
647,100,0.025847519539738885
648,100,0.025966021177293838
649,100,0.025142413676292004
650,100,0.02589674128729072
651,100,0.0255319436907795
652,100,0.025537334149940003
653,100,0.024986510902691304
654,100,0.02516123243929839
655,100,0.02537740325373314
656,100,0.026173770206625226
657,100,0.025514075803665055
658,100,0.0253484370472674
659,100,0.025371672325133536
660,100,0.025785313117287434
661,100,0.026210717337233957
662,100,0.025309253378657314
663,100,0.025896635150827258
664,100,0.02575693580399276
665,100,0.026450623700476125
666,100,0.02565987157300924
667,100,0.025513155054672026
668,100,0.025834934142667593
669,100,0.025755786240720828
670,100,0.02570810538467698
671,100,0.025972269665293164
672,100,0.02564710409282459
673,100,0.025593406906049034
674,100,0.02589142781082004
675,100,0.02550229716588481
676,100,0.025861309655498287
677,100,0.025925420872432967
678,100,0.02510506043769279
679,100,0.025488482280687706
680,100,0.025920983366411746
681,100,0.025806064096039354
682,100,0.02553791222573929
683,100,0.025263112608361036
684,100,0.02553308898647768
685,100,0.02629892825926896
686,100,0.025767428215442152
687,100,0.025615127889620216
688,100,0.025498843341307177
689,100,0.025637008213957518
690,100,0.025840132536183755
691,100,0.02565582238092763
692,100,0.025226352376416655
693,100,0.025644815369363225
694,100,0.025481135366069378
695,100,0.025741034901095076
696,100,0.025090628562256502
697,100,0.02568005538485076
698,100,0.025534104937929084
699,100,0.02506662859257883
700,100,0.025526534472540906
701,100,0.025680499273273833
702,100,0.025549178860734004
703,100,0.025151045353360657
704,100,0.025806692940579804
705,100,0.025751047689344362
706,100,0.02539301461834775
707,100,0.0257843606854853
708,100,0.02601236041533623
709,100,0.025291333157209554
710,100,0.02621282105985604
711,100,0.025521466767196247
712,100,0.025949343564999304
713,100,0.025302736799257566
714,100,0.02545921465403096
715,100,0.02546624669323668
716,100,0.02594371403890224
717,100,0.025855071631801233
718,100,0.02549631216319024
719,100,0.0253136745643408
720,100,0.025293095405184433
721,100,0.02541798909025094
722,100,0.02523760561771306
723,100,0.025658939615630944
724,100,0.025716160672969383
725,100,0.025832106203692928
726,100,0.0256747166397889
727,100,0.025629271391325873
728,100,0.025272532803603236
729,100,0.025627041607844472
730,100,0.02578873675735733
731,100,0.02519620195963832
732,100,0.02512404204632409
733,100,0.02564163464960617
734,100,0.025333721417686965
735,100,0.0260684822096685
736,100,0.026025719091296716
737,100,0.025933544382144052
738,100,0.0253666845719612
739,100,0.02610384035443038
740,100,0.02554219437981175
741,100,0.025423441639405905
742,100,0.025955851232986524
743,100,0.02510736801513248
744,100,0.026123397966460137
745,100,0.02585954746013028
746,100,0.02523941881181537
747,100,0.025338372822899507
748,100,0.025912538221855227
749,100,0.02552719544395675
750,100,0.025089235877909486
751,100,0.02522346347514408
752,100,0.025799601088033048
753,100,0.024823020115116036
754,100,0.02508201170519236
755,100,0.025582096456567872
756,100,0.025618032950146058
757,100,0.025367033854659573
758,100,0.025735138227269607
759,100,0.025987913819855508
760,100,0.02575996554982129
761,100,0.02651512733638643
762,100,0.025311438344157795
763,100,0.025529427315391682
764,100,0.025795856307915494
765,100,0.025526642706775047
766,100,0.025657637695263868
767,100,0.025742210528711333
768,100,0.026088290349421922
769,100,0.02607897293838703
770,100,0.025582840395271592
771,100,0.025818291740230988
772,100,0.02588286280864865
773,100,0.025574400987866
774,100,0.02588723203661411
775,100,0.02579125856701883
776,100,0.025639622343500878
777,100,0.02536827675561804
778,100,0.02597712812063757
779,100,0.025587481509486174
780,100,0.025676281455624065
781,100,0.025467592523207808
782,100,0.025529540320238242
783,100,0.025062353957104915
784,100,0.02559175014470194
785,100,0.025486175656679756
786,100,0.026184819813802898
787,100,0.025230080304626055
788,100,0.02552580677365843
789,100,0.02539519853414848
790,100,0.02524476876374077
791,100,0.025837722997735263
792,100,0.025650447381296758
793,100,0.025390051455698316
794,100,0.025667726890573152
795,100,0.025052432608359675
796,100,0.025621401697403283
797,100,0.025027266556939685
798,100,0.02588352772513723
799,100,0.025808933680489976
800,100,0.02605983051711841
801,100,0.025288155586556678
802,100,0.02557238794695102
803,100,0.025427653579517755
804,100,0.025937045964251334
805,100,0.025748137726259487
806,100,0.025213486238535598
807,100,0.025880539832116977
808,100,0.025334600226791657
809,100,0.02556188624677936
810,100,0.025538489663022284
811,100,0.025193000549234467
812,100,0.025882247384130665
813,100,0.0255124296813019
814,100,0.02567416174251665
815,100,0.025926657216249396
816,100,0.026233505221128113
817,100,0.025997168564851646
818,100,0.025967703403541712
819,100,0.025528851218646315
820,100,0.02580308080216435
821,100,0.025492027210529754
822,100,0.025739644089604153
823,100,0.02580654080174111
824,100,0.025816385572002387
825,100,0.026302026010482753
826,100,0.025401566263120668
827,100,0.025225772323514466
828,100,0.025917454986644776
829,100,0.025211323595917413
830,100,0.026605329104581972
831,100,0.026590243134258337
832,100,0.025762447503887398
833,100,0.02540096360348152
834,100,0.025423583877029903
835,100,0.025331674412631993
836,100,0.025242116540665587
837,100,0.02562668992322854
838,100,0.02605872162994632
839,100,0.025061617795997818
840,100,0.025606570585441888
841,100,0.025651468725915845
842,100,0.025166264718169573
843,100,0.02592555369055064
844,100,0.02545079618035352
845,100,0.025903736479065492
846,100,0.025618520997624777
847,100,0.02561271188962255
848,100,0.026214941164608853
849,100,0.025526920843124058
850,100,0.025796511196245465
851,100,0.025159527989250245
852,100,0.02535305592936104
853,100,0.0251592078243053
854,100,0.02498717643118806
855,100,0.02592234304350314
856,100,0.025548791505697194
857,100,0.025266166056294684
858,100,0.025599425154589704
859,100,0.025525456620779912
860,100,0.025467733743565125
861,100,0.02538042677639489
862,100,0.025897736153605338
863,100,0.025287314986731913
864,100,0.025492588724952945
865,100,0.026908889533826242
866,100,0.025724456528750175
867,100,0.025186259188461367
868,100,0.025383091316866124
869,100,0.02565858022973713
870,100,0.026231586290539358
871,100,0.025228060955183224
872,100,0.025172550568767865
873,100,0.02550848547312963
874,100,0.025260576140334483
875,100,0.025636211278751073
876,100,0.025226293402609602
877,100,0.025497120720332153
878,100,0.025756230871228292
879,100,0.025355972333510238
880,100,0.025821081744221118
881,100,0.025640587296648008
882,100,0.02563499058006661
883,100,0.02575390540982926
884,100,0.02570316774582882
885,100,0.025690640411675555
886,100,0.02555342206035811
887,100,0.02580723910133527
888,100,0.025826959170281993
889,100,0.02545635371423442
890,100,0.025314214163523915
891,100,0.025660587031442254
892,100,0.025403352572953408
893,100,0.02590347223763072
894,100,0.025735908656504238
895,100,0.02561130554270221
896,100,0.02552773264146247
897,100,0.025225407703230944
898,100,0.025457135404386252
899,100,0.025548444921633804
900,100,0.025515980003952273
901,100,0.025865657843141154
902,100,0.02568843148450801
903,100,0.025409005995914554
904,100,0.025547594678943512
905,100,0.025267238224942964
906,100,0.02526377041491618
907,100,0.025762632301520805
908,100,0.025596762396287612
909,100,0.026132998572650182
910,100,0.02527213767143445
911,100,0.025757648001733188
912,100,0.02531681333640786
913,100,0.026110605490718163
914,100,0.02508274654355933
915,100,0.025625505656852746
916,100,0.025510704963977497
917,100,0.025530847514537568
918,100,0.025312177073558376
919,100,0.02627701561007033
920,100,0.025996170585069322
921,100,0.025905654903872453
922,100,0.025598680310877045
923,100,0.025321305410536978
924,100,0.025139141731927526
925,100,0.025956169819552448
926,100,0.02538454767056322
927,100,0.025849375489227378
928,100,0.025333977020556026
929,100,0.02521693315244874
930,100,0.025568389764683806
931,100,0.02597329682135597
932,100,0.02536682182345944
933,100,0.02559539499726
934,100,0.02541753012937544
935,100,0.025901894789137646
936,100,0.02579692523981005
937,100,0.025841580783938247
938,100,0.02579497004891874
939,100,0.025966340500616174
940,100,0.025456745556018213
941,100,0.02543760326437665
942,100,0.025017527232289255
943,100,0.025226682268500007
944,100,0.025275565070419472
945,100,0.025583582195153488
946,100,0.02544045819833491
947,100,0.025621647305114147
948,100,0.02505449710520799
949,100,0.02532822288617501
950,100,0.025761160570461208
951,100,0.026072763035338755
952,100,0.02574363581108057
953,100,0.025997295041314823
954,100,0.025227179655038887
955,100,0.025305975685821144
956,100,0.024667912415926245
957,100,0.025383197457062034
958,100,0.025690846764373203
959,100,0.02606948567923266
960,100,0.025835211977546065
961,100,0.025602491406394267
962,100,0.025241715137728393
963,100,0.025342156752625387
964,100,0.025712280324680713
965,100,0.025864362570906598
966,100,0.02521639851688074
967,100,0.025658813982578396
968,100,0.025470810093231037
969,100,0.025436425553670164
970,100,0.025343540237405704
971,100,0.02595106184283287
972,100,0.026794481586717815
973,100,0.025822144372308578
974,100,0.02556382637913248
975,100,0.025929090813178634
976,100,0.0255121009015808
977,100,0.025992178586325146
978,100,0.02542871323382346
979,100,0.02558148596062326
980,100,0.025472654939474502
981,100,0.02541997597324046
982,100,0.025584680941893225
983,100,0.025146426291208446
984,100,0.025137784895524984
985,100,0.025731889925245055
986,100,0.025507007358361856
987,100,0.025035109730253524
988,100,0.025604898629774532
989,100,0.02561266089885802
990,100,0.025863665727817276
991,100,0.02594020769239452
992,100,0.025463849361579197
993,100,0.025246221434563697
994,100,0.025503608251587068
995,100,0.025836050911137002
996,100,0.02511086397939461
997,100,0.02573304087995298
998,100,0.025415627090460063
999,100,0.025716013806747838
1000,100,0.025920495798444368
1001,100,0.02578068621535619
1002,100,0.025898564895644197
1003,100,0.025748028887350918
1004,100,0.02530379357733269
1005,100,0.026553526396220262
1006,100,0.025634028334275756
1007,100,0.02533941139935678
1008,100,0.025678265423697028
1009,100,0.025271345440637506
1010,100,0.025282883282344765
1011,100,0.02537799581536469
1012,100,0.025347314533720664
1013,100,0.02558759438404379
1014,100,0.02605075094984764
1015,100,0.02507125792888158
1016,100,0.025995727380852943
1017,100,0.02592134013398161
1018,100,0.026006789046550464
1019,100,0.025550137061931873
1020,100,0.025821541267330772
1021,100,0.02530893375978538
1022,100,0.025627620351733958
1023,100,0.02593564358097796
1024,100,0.025982040107978742
1025,100,0.025341173184794948
1026,100,0.025909811263208064
1027,100,0.025010493393399648
1028,100,0.025429057726355897
1029,100,0.025560857368111402
1030,100,0.025396123385055043
1031,100,0.025498351378368662
1032,100,0.025315554680077748
1033,100,0.025937616927521123
1034,100,0.02571701214078774
1035,100,0.025659224314780852
1036,100,0.025666373592384367
1037,100,0.025650437181398637
1038,100,0.02576011543643009
1039,100,0.02548684932752639
1040,100,0.025249595802431624
1041,100,0.025444189082819018
1042,100,0.025409385217617743
1043,100,0.025674178664633677
1044,100,0.02551372667990144
1045,100,0.025877798107869516
1046,100,0.025488174373250315
1047,100,0.025660771172498598
1048,100,0.025335668046114
1049,100,0.025885524653142773
1050,100,0.025693819304941287
1051,100,0.025381490458670428
1052,100,0.025167874864974897
1053,100,0.025467958270518697
1054,100,0.025576282238506602
1055,100,0.0252526206832075
1056,100,0.02542891500426526
1057,100,0.02606490656960298
1058,100,0.02572854583250964
1059,100,0.025926208928287845
1060,100,0.025395734743185527
1061,100,0.025775106383151662
1062,100,0.025171075457168877
1063,100,0.026625562884881833
1064,100,0.02543642178121732
1065,100,0.025440138573133823
1066,100,0.02564932720481153
1067,100,0.02596329720622061
1068,100,0.025944333785273076
1069,100,0.0255362026509012
1070,100,0.025481136197882122
1071,100,0.02601691001891265
1072,100,0.026159549406714756
1073,100,0.02566430399343205
1074,100,0.026073121292131348
1075,100,0.025419950167534577
1076,100,0.025449380703031113
1077,100,0.02591253841190861
1078,100,0.025583441086323933
1079,100,0.025629916070475888
1080,100,0.02548132459387401
1081,100,0.025481515919815706
1082,100,0.025882038272337683
1083,100,0.025350756408311997
1084,100,0.026317016100467154
1085,100,0.024959620843931742
1086,100,0.025802212703961516
1087,100,0.026267824081057826
1088,100,0.02587673130282833
1089,100,0.025498841635901992
1090,100,0.02558421788411501
1091,100,0.026091047386844486
1092,100,0.02547488076391762
1093,100,0.025285408404846065
1094,100,0.02587663156565264
1095,100,0.02559613313152474
1096,100,0.025321700327081403
1097,100,0.02539992346761309
1098,100,0.026085166024454917
1099,100,0.025991759582928216
1100,100,0.0252387375455712
1101,100,0.025078484679298307
1102,100,0.025589148401535606
1103,100,0.026007034452179164
1104,100,0.02583915047668388
1105,100,0.025507561436282977
1106,100,0.02574818560818867
1107,100,0.02559111281460466
1108,100,0.025956894496101203
1109,100,0.02540009151452948
1110,100,0.025955543035536054
1111,100,0.02595127082629019
1112,100,0.02584657756145374
1113,100,0.025645760483811026
1114,100,0.025625397158868503
1115,100,0.025350476615990367
1116,100,0.02551171081667241
1117,100,0.02524815479459448
1118,100,0.0252110724972369
1119,100,0.026041061102501598
1120,100,0.025885286785521325
1121,100,0.026053688103952675
1122,100,0.025444922783856787
1123,100,0.02527689616086538
1124,100,0.025836000341296336
1125,100,0.025431204504038622
1126,100,0.025782048629643978
1127,100,0.02591325665429361
1128,100,0.02565004376233977
1129,100,0.025298445280517664
1130,100,0.025393524385156546
1131,100,0.02597790755825457
1132,100,0.025964029665112822
1133,100,0.025509925472636887
1134,100,0.02557261539176415
1135,100,0.025072528727514542
1136,100,0.025495036429369927
1137,100,0.026103875586598626
1138,100,0.025637754297069763
1139,100,0.025305476981945952
1140,100,0.02564129826016647
1141,100,0.026106485463177096
1142,100,0.02590070695794601
1143,100,0.025897867030994257
1144,100,0.02534255712374134
1145,100,0.02622975102607349
1146,100,0.025370579266069407
1147,100,0.02498842467213806
1148,100,0.025346267655950275
1149,100,0.02570735191193848
1150,100,0.025895078833046654
1151,100,0.026102765574147566
1152,100,0.02577456865988385
1153,100,0.025470654377106765
1154,100,0.026205352018113547
1155,100,0.025338479326970854
1156,100,0.025906912894914706
1157,100,0.026207215361474495
1158,100,0.024885064896954866
1159,100,0.02571970049263798
1160,100,0.02556835208336126
1161,100,0.025479601755874697
1162,100,0.02522180667135439
1163,100,0.02626164455115944
1164,100,0.025818598957007242
1165,100,0.025678535936718146
1166,100,0.025798694575265596
1167,100,0.025865689340539882
1168,100,0.02560911459910207
1169,100,0.025829903231713806
1170,100,0.025483388039273608
1171,100,0.025452815022843685
1172,100,0.025777377146787905
1173,100,0.02587894075801794
1174,100,0.026054223943996327
1175,100,0.02568797806463133
1176,100,0.025479333009192456
1177,100,0.026155356985420458
1178,100,0.025854818219545668
1179,100,0.025703729691014667
1180,100,0.02538254292530726
1181,100,0.025379290910893196
1182,100,0.02504616795522805
1183,100,0.025989752183366143
1184,100,0.025180486524590335
1185,100,0.02584807984151597
1186,100,0.026202933911193674
1187,100,0.025874487089433486
1188,100,0.025511014959332518
1189,100,0.02591534165480064
1190,100,0.025134128278022857
1191,100,0.02534982199219463
1192,100,0.02566433479351063
1193,100,0.025485153514503936
1194,100,0.025417579138779414
1195,100,0.025533824325891925
1196,100,0.02527265662491032
1197,100,0.02503351842544423
1198,100,0.02691915172622703
1199,100,0.025764351734419936
1200,100,0.025719268535633152
1201,100,0.025208790512396034
1202,100,0.02582298945587587
1203,100,0.0255048694335869
1204,100,0.025298768439144872
1205,100,0.025544967952853506
1206,100,0.0254050814688132
1207,100,0.025478631906269193
1208,100,0.025725818591338784
1209,100,0.025951758050031585
1210,100,0.02533406452393286
1211,100,0.025786827904438432
1212,100,0.0252804152671801
1213,100,0.026166620839221374
1214,100,0.025502763318595197
1215,100,0.02529244615826959
1216,100,0.026080530643053094
1217,100,0.025411725647340653
1218,100,0.02528585950130501
1219,100,0.024812827101639366
1220,100,0.025325113835900154
1221,100,0.026505213660743786
1222,100,0.026102914089813706
1223,100,0.02498974542861731
1224,100,0.025994338571779164
1225,100,0.025418881082273505
1226,100,0.025355618418869078
1227,100,0.025394259879112594
1228,100,0.025908570757216035
1229,100,0.025231285556910947
1230,100,0.025830281463794864
1231,100,0.02557613508377248
1232,100,0.026016836052833656
1233,100,0.025746665570167394
1234,100,0.025588140869038035
1235,100,0.025499014839052182
1236,100,0.025752609818111505
1237,100,0.02545519621958224
1238,100,0.02553778731214296
1239,100,0.02552826878458911
1240,100,0.025661886631337023
1241,100,0.02601722610026189
1242,100,0.025786607137438293
1243,100,0.02559260847107074
1244,100,0.026143403516956897
1245,100,0.02563713904978848
1246,100,0.0259152795294081
1247,100,0.02592689078890061
1248,100,0.026013118857218135
1249,100,0.025831023187399188
1250,100,0.025338083737501627
1251,100,0.02593155841092798
1252,100,0.02516987464588766
1253,100,0.025460446209534318
1254,100,0.025376148904485456
1255,100,0.025586409121844445
1256,100,0.02616667471801749
1257,100,0.02577854040847003
1258,100,0.025642426229991553
1259,100,0.025382323876869423
1260,100,0.025790235679352742
1261,100,0.025630900097773093
1262,100,0.02540897147796131
1263,100,0.025311669941150017
1264,100,0.02617858201125471
1265,100,0.025709694496841212
1266,100,0.025823123055425477
1267,100,0.025698456026470744
1268,100,0.02590781943927719
1269,100,0.02551053155586206
1270,100,0.025872395833680294
1271,100,0.025714710199473623
1272,100,0.02593268093002301
1273,100,0.02545713121833165
1274,100,0.025875606739571688
1275,100,0.025558754538566045
1276,100,0.02522439786123392
1277,100,0.02589857684043539
1278,100,0.02516706741956988
1279,100,0.02580966385345081
1280,100,0.02612050048425259
1281,100,0.02587767161079024
1282,100,0.02556887162993897
1283,100,0.025250235182413823
1284,100,0.025224603939021057
1285,100,0.02592582444414977
1286,100,0.025656575396169248
1287,100,0.0257632656211403
1288,100,0.026009712995442826
1289,100,0.026209928157455663
1290,100,0.026152644184998273
1291,100,0.02611411381264739
1292,100,0.025919007894226725
1293,100,0.02593595634712591
1294,100,0.02599665312139032
1295,100,0.0257020975431769
1296,100,0.02548560031576386
1297,100,0.02536428247040055
1298,100,0.025344857688137146
1299,100,0.02549505512484705
1300,100,0.026166068442786915
1301,100,0.025680949719634517
1302,100,0.025399611535382997
1303,100,0.0254939009477888
1304,100,0.026150569269266115
1305,100,0.025983513294617903
1306,100,0.02581364179232517
1307,100,0.025235282597061082
1308,100,0.026045537214077454
1309,100,0.025126110520491452
1310,100,0.026112711145906353
1311,100,0.025568322461294736
1312,100,0.026043054678776684
1313,100,0.025653131277303638
1314,100,0.02563981017942995
1315,100,0.025509775512318034
1316,100,0.025586792880933667
1317,100,0.025878909155204573
1318,100,0.025747201690854708
1319,100,0.02586007071102564
1320,100,0.025439262239690612
1321,100,0.025811791261056906
1322,100,0.02540595062333367
1323,100,0.026121588392417225
1324,100,0.025280347950024165
1325,100,0.025613608942670715
1326,100,0.025979979910111764
1327,100,0.026133259980033963
1328,100,0.02558746059284668
1329,100,0.025723721275985902
1330,100,0.024984430313430544
1331,100,0.025145735637862626
1332,100,0.025735785666116617
1333,100,0.02570765012560069
1334,100,0.0254503240970376
1335,100,0.02638755258596366
1336,100,0.025457655239263487
1337,100,0.025465283933340657
1338,100,0.026161475065094694
1339,100,0.02486814902891384
1340,100,0.02579047457998339
1341,100,0.02558376554350545
1342,100,0.02571930639959396
1343,100,0.025577255663544966
1344,100,0.025827284693668125
1345,100,0.025472350026474813
1346,100,0.025368276805466262
1347,100,0.025906219563753496
1348,100,0.02582119664388232
1349,100,0.02557807965092438
1350,100,0.02606879177047629
1351,100,0.02575084234075561
1352,100,0.025831715768230307
1353,100,0.025214548682803765
1354,100,0.025522632504209716
1355,100,0.02585612294427875
1356,100,0.025993909125855592
1357,100,0.025487330619188068
1358,100,0.025591886916342108
1359,100,0.025472043674840045
1360,100,0.025479353214082345
1361,100,0.02610459991085167
1362,100,0.025796279172807954
1363,100,0.025155688894882903
1364,100,0.026228165489471766
1365,100,0.02528059740901456
1366,100,0.025453869787981143
1367,100,0.025481217943690654
1368,100,0.02585483912720207
1369,100,0.025677309251120106
1370,100,0.025788440174689536
1371,100,0.025502923091162713
1372,100,0.025782680301108054
1373,100,0.025799613839162294
1374,100,0.025143596366918413
1375,100,0.02583710896858782
1376,100,0.02611887702888111
1377,100,0.025591584717118972
1378,100,0.026438976838072767
1379,100,0.02568763044575425
1380,100,0.025775567900431572
1381,100,0.02627614417045994
1382,100,0.02521567872168874
1383,100,0.02570083710302546
1384,100,0.025983171278407918
1385,100,0.025574536652254107
1386,100,0.025359012174350628
1387,100,0.02549991897755031
1388,100,0.026113656678071567
1389,100,0.02570628597841567
1390,100,0.025864860353358863
1391,100,0.025240032196953293
1392,100,0.025418147870728377
1393,100,0.025034406188619695
1394,100,0.025890390870442884
1395,100,0.02601836806840049
1396,100,0.026022113800008545
1397,100,0.025802577752642605
1398,100,0.025944977055106164
1399,100,0.025801987275721073
1400,100,0.025862538095254718
1401,100,0.025531375896196258
1402,100,0.026202472586782082
1403,100,0.02571657560781349
1404,100,0.025494936574092863
1405,100,0.02545156673972545
1406,100,0.025482914403532335
1407,100,0.025448228127537137
1408,100,0.02554966827829279
1409,100,0.025845265570508535
1410,100,0.025472611351391634
1411,99,0.02520552981440298
1412,99,0.024961949783194014
1413,99,0.02608872542087865
1414,99,0.02514339463117429
1415,99,0.026124599842478786
1416,99,0.02527789971391546
1417,99,0.02586991291147989
1418,99,0.02529905550837145
1419,99,0.025268526358066132
1420,99,0.02531844604501905
1421,99,0.025282332708876108
1422,99,0.02529050716974999
1423,99,0.025402029282352252
1424,99,0.02528318724854118
1425,99,0.02501486393813094
1426,99,0.025279050796771833
1427,99,0.02473052221871102
1428,99,0.025529284106550365
1429,99,0.02560690764222391
1430,99,0.02572824158222964
1431,99,0.026185774555126048
1432,99,0.02545758700484254
1433,99,0.025636425672535726
1434,99,0.0261663550925405
1435,99,0.025887251955404204
1436,99,0.02503596162484855
1437,99,0.024851480964128297
1438,99,0.02636737921808225
1439,99,0.025291311734217347
1440,99,0.025484937397752937
1441,99,0.02536601942484696
1442,99,0.02585331220403332
1443,99,0.025835706643313514
1444,99,0.025297868152134476
1445,99,0.025811280296934726
1446,99,0.025139968655327097
1447,99,0.02558715964192611
1448,99,0.02567808011200607
1449,99,0.025763462754317516
1450,99,0.025359889791155697
1451,99,0.02556764132598895
1452,99,0.025158015867265373
1453,99,0.02526741063795596
1454,99,0.02601656786248362
1455,99,0.025095234485988032
1456,99,0.025433988618325076
1457,99,0.02606376415657971
1458,99,0.025822685090550263
1459,99,0.025508432159614684
1460,99,0.025713997224614725
1461,99,0.02466540421634978
1462,99,0.02588700424726632
1463,99,0.025987500980709823
1464,99,0.02533929155462434
1465,99,0.025268118982018112
1466,99,0.02558163653038021
1467,99,0.025399157217629285
1468,99,0.02491260238312311
1469,99,0.025455246923687985
1470,99,0.02561253702560263
1471,99,0.025747509215830373
1472,99,0.025555790639949807
1473,99,0.025313307755294133
1474,99,0.025889946965768892
1475,99,0.025860851799820565
1476,99,0.02528717335135779
1477,99,0.0257076590703742
1478,99,0.02538469804869001
1479,99,0.025233536686803584
1480,99,0.025222505434912203
1481,99,0.025735942393063666
1482,99,0.025284116201938545
1483,99,0.02476202867747545
1484,99,0.025229417565398544
1485,99,0.025519828019851712
1486,99,0.02540681344680051
1487,99,0.02547444919190134
1488,99,0.025149145511872875
1489,99,0.025557002043595223
1490,99,0.02569060293688193
1491,99,0.02571036338512823
1492,98,0.024959331357692016
1493,97,0.025390305597127242
1494,97,0.02543977208069553
1495,97,0.025038902724622978
1496,97,0.025363458284821134
1497,97,0.024734379237117826
1498,96,0.025037869503084297
1499,96,0.02436650003866698
1500,96,0.024260784860019976
1501,96,0.02522697564868489
1502,96,0.02460647712660436
1503,96,0.02450709640631452
1504,96,0.02483599934958822
1505,96,0.02516737238782183
1506,96,0.0248455752374351
1507,96,0.024526608960626996
1508,96,0.024906508393496667
1509,96,0.02480468642247989
1510,96,0.024727182607979535
1511,96,0.02460885068852501
1512,96,0.025119260845108304
1513,96,0.02478005368854094
1514,96,0.024941154753935674
1515,96,0.024747001088456858
1516,96,0.0244151154241508
1517,96,0.02482544775222801
1518,96,0.02526673264543197
1519,96,0.024845998671833465
1520,96,0.024721432572821788
1521,96,0.024767972111278604
1522,96,0.024965945994814834
1523,96,0.024794701760912835
1524,96,0.024892303058310365
1525,96,0.024865720238490284
1526,96,0.024943017312095684
1527,96,0.0244035648811617
1528,96,0.02453924499423684
1529,96,0.024306815689642235
1530,96,0.02418573562843263
1531,96,0.025116663089658188
1532,96,0.0247639786745395
1533,96,0.025028321648151698
1534,96,0.02458519166115556
1535,96,0.0247285276396043
1536,96,0.024627862286707238
1537,96,0.025068562297826228
1538,96,0.024419843657849737
1539,96,0.025046992422318986
1540,96,0.024446122340973975
1541,96,0.025135034457622246
1542,96,0.024779422386429762
1543,96,0.024913200467429137
1544,96,0.024227844457550062
1545,96,0.024681183140569506
1546,96,0.024775545210053644
1547,96,0.025239011885805136
1548,96,0.024690055612004845
1549,96,0.024917858110319338
1550,96,0.024985940946956477
1551,96,0.02475449276429805
1552,96,0.02457366551627956
1553,96,0.02461641641024784
1554,96,0.0243507268241765
1555,96,0.02476001991241919
1556,96,0.024939679584043695
1557,96,0.025029203269485774
1558,96,0.02460170649232178
1559,96,0.025120520326239296
1560,96,0.025089522654951225
1561,96,0.024579696356264003
1562,96,0.025022919750045704
1563,96,0.024818533173812298
1564,96,0.024360214420507224
1565,96,0.024749068726385753
1566,96,0.02490421758084224
1567,96,0.025016384600012848
1568,96,0.024644966305973057
1569,96,0.024800037533680326
1570,96,0.025266205435421414
1571,96,0.024636673829941946
1572,96,0.024178564287817457
1573,96,0.024737253871933634
1574,96,0.024961710814754914
1575,96,0.02425883332498029
1576,96,0.024964910996794504
1577,96,0.024705977018093923
1578,96,0.025176664458524553
1579,96,0.024929989976965924
1580,96,0.024941864100772013
1581,96,0.024334629252148684
1582,96,0.025415814302933416
1583,96,0.024222899138531824
1584,96,0.024448206250172813
1585,96,0.0242576742115408
1586,96,0.02522669890360356
1587,96,0.02508692558223666
1588,96,0.02480652332097248
1589,96,0.02473002807750947
1590,96,0.02470424381839277
1591,96,0.0241254681948927
1592,96,0.02461685206982119
1593,96,0.024038116299035777
1594,96,0.024290544481169525
1595,96,0.024617220305828268
1596,96,0.025433719225683264
1597,96,0.02441650114090102
1598,96,0.025180318349256804
1599,96,0.025158611515572252
1600,96,0.024968905428198
1601,96,0.02496556646666258
1602,95,0.02436678669515944
1603,95,0.02438565479069983
1604,95,0.024592036009208416
1605,95,0.02455015855539692
1606,95,0.024918618487040748
1607,95,0.024041118420472175
1608,95,0.024620205509141378
1609,95,0.02443913155434778
1610,95,0.02457768910036699
1611,95,0.024818889132356046
1612,95,0.024019248047502287
1613,95,0.024368564991342836
1614,95,0.024902162242351415
1615,95,0.02455515198336252
1616,95,0.024841192644394716
1617,95,0.02518982505703043
1618,95,0.025000732016105774
1619,95,0.024257684175267618
1620,95,0.024459159462310125
1621,95,0.024675316611997254
1622,95,0.024679653908845064
1623,95,0.02470204404247142
1624,95,0.025175273261087403
1625,95,0.02437212385800871
1626,95,0.024990405789091834
1627,95,0.024728390940164838
1628,95,0.024569773175788054
1629,95,0.02501882934399109
1630,95,0.02408203307220027
1631,95,0.02436668006662332
1632,95,0.02406181135823175
1633,95,0.023970823509438348
1634,95,0.024952906967733064
1635,95,0.024759301932501747
1636,95,0.025045724026800602
1637,95,0.025553377653255594
1638,95,0.02454652389495064
1639,95,0.02480050363011045
1640,95,0.024352681828150813
1641,95,0.024928522242950463
1642,95,0.024961962297554475
1643,95,0.02507049502781432
1644,95,0.024703231534706726
1645,95,0.023984895177551382
1646,95,0.024279760159732655
1647,95,0.025216005116870104
1648,95,0.02483022323855142
1649,95,0.0247155664500662
1650,95,0.024452610783830857
1651,95,0.024753227612893385
1652,95,0.02456938456788546
1653,95,0.02458641633995681
1654,95,0.025186480554075637
1655,95,0.024941422621394437
1656,95,0.024355882021610254
1657,95,0.02454550001124469
1658,95,0.02481781722087782
1659,95,0.02414093446071315
1660,95,0.02473128049521751
1661,95,0.024334336596707282
1662,95,0.024558290613071555
1663,95,0.024310412901570263
1664,95,0.024413478515991505
1665,94,0.024796473230047193
1666,94,0.024269070069016963
1667,94,0.024538352078645485
1668,94,0.0244715081122653
1669,94,0.024633031514088834
1670,94,0.024058354337355436
1671,93,0.02428486421877968
1672,93,0.024127044960838
1673,93,0.023792157637825974
1674,93,0.023841239798502018
1675,93,0.023800200132553326
1676,93,0.023427464679263713
1677,93,0.024644188086166603
1678,93,0.02476290062840802
1679,93,0.024066009717354786
1680,93,0.02395220051976843
1681,93,0.02483762628396081
1682,93,0.024258805868565617
1683,93,0.024170214121094886
1684,93,0.023890639969215678
1685,93,0.02423841870797048
1686,93,0.023514750688717608
1687,93,0.023951713403728092
1688,93,0.02403744723748929
1689,93,0.024206535383847556
1690,93,0.024678714940724378
1691,93,0.02368611471255924
1692,92,0.023893697559793085
1693,92,0.023536290566312616
1694,92,0.024092957000701232
1695,92,0.02433393105870012
1696,92,0.023555258932769014
1697,92,0.023944549228522006
1698,92,0.02422617322103697
1699,92,0.023832460054082634
1700,92,0.023782260447794325
1701,92,0.023825650650594995
1702,92,0.024268024249643774
1703,92,0.02410812509424504
1704,92,0.023825824541089027
1705,91,0.02388461587784009
1706,91,0.023415575939462016
1707,91,0.024076157778007735
1708,91,0.023697966891649266
1709,91,0.024190744216637933
1710,91,0.024069721365511443
1711,91,0.023528546932509685
1712,91,0.022978263266087255
1713,91,0.023877864351092386
1714,91,0.023645093560392405
1715,91,0.02333141668669916
1716,91,0.024294324583711842
1717,91,0.024733623505501196
1718,91,0.023350556938968526
1719,91,0.02355983256845548
1720,90,0.0240922196772027
1721,89,0.023116171617524314
1722,89,0.02309817422274699
1723,89,0.02385132596219412
1724,89,0.022501325209974304
1725,88,0.022727919427089866
1726,88,0.02310996790261403
1727,88,0.02263113217196268
1728,88,0.02237462327371214
1729,88,0.023151509609535034
1730,88,0.023302048205357178
1731,88,0.023772863086346418
1732,88,0.023603901769412978
1733,88,0.023368083247739462
1734,88,0.023162160755348292
1735,88,0.02302539500741278
1736,88,0.023451506004870015
1737,88,0.023327649890130798
1738,88,0.022646535309886487
1739,88,0.02280819759973997
1740,88,0.022890791600592132
1741,88,0.02333198341232554
1742,88,0.02312753442108906
1743,88,0.02337932130151668
1744,88,0.02229034205980121
1745,88,0.022550690978005612
1746,88,0.022401714414213597
1747,88,0.023188703818999016
1748,88,0.022831427893669654
1749,88,0.023558807740397876
1750,88,0.023353885681665697
1751,88,0.02295077480412317
1752,88,0.02344682131448694
1753,88,0.022546098674121908
1754,88,0.022927735345027442
1755,88,0.022624177670943272
1756,87,0.023029587006923338
1757,87,0.022536690451631012
1758,87,0.022967539476292285
1759,87,0.022963907362677238
1760,87,0.022232463221807417
1761,87,0.02343070395251061
1762,87,0.022841529472327895
1763,87,0.022615669851108345
1764,87,0.02289015660227817
1765,87,0.022559444780940616
1766,87,0.023029392338639286
1767,87,0.022473113343947925
1768,87,0.02327837106095303
1769,87,0.02223722689964482
1770,87,0.022719695499953178
1771,87,0.022743537889587814
1772,87,0.023075731693979504
1773,87,0.022605251194941285
1774,87,0.02258636124278725
1775,87,0.021944819306946906
1776,87,0.023204342599679042
1777,87,0.02335146059809174
1778,87,0.023601390215372
1779,87,0.022795101978137434
1780,87,0.02201145377619095
1781,87,0.022834960758808913
1782,87,0.022926062201316884
1783,87,0.022078896097703075
1784,87,0.023120876346789585
1785,87,0.022772212927247897
1786,86,0.022670084300807292
1787,86,0.0224389941186617
1788,86,0.02319023255430772
1789,86,0.02247765541212538
1790,86,0.023533168675478073
1791,86,0.022699678434816475
1792,86,0.02343069873496049
1793,86,0.02305376107382577
1794,86,0.023298594856232608
1795,86,0.022402142405340608
1796,86,0.022094948010870516
1797,86,0.022122367350150163
1798,86,0.022812513912074422
1799,86,0.022312032165416627
1800,86,0.022485957945047708
1801,86,0.023288137752399782
1802,86,0.02275275758466215
1803,86,0.022994081687404983
1804,86,0.02273254506507384
1805,86,0.022514037141180682
1806,86,0.022386464945376664
1807,86,0.022806101942677376
1808,86,0.02311784935946804
1809,86,0.022694685526936008
1810,86,0.023105455588884678
1811,86,0.022376218812933727
1812,86,0.022688829879282377
1813,86,0.02204984569200632
1814,86,0.02236865396213887
1815,86,0.022374146062088783
1816,86,0.023211563812589844
1817,86,0.02240331977874227
1818,86,0.02319487402938204
1819,86,0.02241203690498364
1820,86,0.021959924526833062
1821,86,0.022436727827915833
1822,86,0.02389112819174837
1823,86,0.023207088167966818
1824,86,0.023057356927203135
1825,86,0.02233518354364673
1826,85,0.02255533785587073
1827,85,0.02226948156796666
1828,85,0.022850308480965486
1829,85,0.021964980312933143
1830,85,0.022805590138434043
1831,85,0.022072791316229856
1832,85,0.023022079249157522
1833,85,0.02258455361586018
1834,85,0.022906147598658135
1835,85,0.022581494125484856
1836,85,0.023292805937601222
1837,85,0.02246534263208672
1838,85,0.02268650404922044
1839,85,0.022360206722677804
1840,85,0.022808898835663723
1841,85,0.022775890658968893
1842,85,0.022615153158687545
1843,85,0.02200153362362821
1844,85,0.022207886333463763
1845,85,0.022758853784598656
1846,85,0.022223790613884853
1847,85,0.022150430755470168
1848,85,0.022470793521040144
1849,85,0.022846584375696137
1850,85,0.02278560103999228
1851,84,0.02279461345320482
1852,84,0.022021354290960526
1853,84,0.021769929470279465
1854,84,0.021418264287202247
1855,84,0.022790401170679517
1856,84,0.02158973822065322
1857,84,0.021509866492624315
1858,84,0.02218604664850114
1859,84,0.022678335454077325
1860,84,0.022683851818304162
1861,84,0.021728058960783104
1862,84,0.021864167846687956
1863,84,0.021920153527990996
1864,84,0.022316590256858393
1865,84,0.022128664562751345
1866,84,0.021764794117757027
1867,84,0.02235145274031773
1868,84,0.022038891164174745
1869,84,0.023731924668460427
1870,84,0.021060723370840907
1871,84,0.02211870787627492
1872,84,0.022294685897978714
1873,84,0.02266967908896623
1874,84,0.02322729900269537
1875,84,0.02292798424407682
1876,84,0.02225120487798495
1877,84,0.022481685322203245
1878,84,0.02214473470168821
1879,84,0.022421082173465015
1880,84,0.022302937286907434
1881,84,0.02160987196174242
1882,84,0.022550025109992405
1883,84,0.021789965990950677
1884,84,0.023011999620511436
1885,84,0.021894545335078792
1886,84,0.022318040607128387
1887,84,0.022908566098304443
1888,84,0.023441996602926354
1889,84,0.022015169981554894
1890,84,0.021804753191838222
1891,84,0.022832178939028884
1892,84,0.022231683373171232
1893,84,0.02218289731299703
1894,84,0.023074808140785594
1895,84,0.021903481319280438
1896,84,0.02220413751016812
1897,84,0.023042996026256615
1898,84,0.022214798011304434
1899,84,0.021295439237500324
1900,84,0.02202263875641839
1901,84,0.022106288524833588
1902,84,0.02212141412671579
1903,84,0.021699215158903367
1904,84,0.0225915826995782
1905,84,0.022008384006352476
1906,84,0.02194055383873545
1907,84,0.022786356241986442
1908,84,0.021759621435333828
1909,84,0.02157461750249299
1910,84,0.022171878586390834
1911,84,0.022080778599006406
1912,84,0.022724360774758142
1913,84,0.021863950701811394
1914,83,0.022335748948858015
1915,83,0.022193171340918926
1916,83,0.02200332862418968
1917,83,0.021519364814711815
1918,83,0.021975784879992376
1919,83,0.021886906054695485
1920,82,0.021808040286856886
1921,82,0.022848920831430183
1922,82,0.022444482479460084
1923,82,0.021408729905052062
1924,82,0.02183407215348305
1925,82,0.02146125224618963
1926,82,0.022450979120087023
1927,82,0.022142634910881104
1928,82,0.021365472487201772
1929,82,0.023575157925594784
1930,82,0.02173053482768349
1931,82,0.022258234035736235
1932,82,0.021994675028673562
1933,82,0.021986060275154495
1934,82,0.02314185198025906
1935,82,0.021798530981380827
1936,82,0.022075995815095138
1937,82,0.022757066551922993
1938,82,0.021793833270669076
1939,82,0.02148927376468854
1940,82,0.021696496032027376
1941,82,0.02230282556556552
1942,82,0.021063887542533067
1943,82,0.022106578503065313
1944,82,0.021604980685467207
1945,82,0.021549004680535416
1946,82,0.021757568372857326
1947,82,0.022677642343253243
1948,82,0.022971462605677825
1949,82,0.021262531149361667
1950,81,0.0217421120092992
1951,81,0.02192587387919433
1952,81,0.021648114262059127
1953,81,0.021504173924596602
1954,81,0.02168731723650606
1955,81,0.021399812873354213
1956,81,0.020671956767513086
1957,81,0.02223811010508443
1958,81,0.021524225769400676
1959,81,0.022236334710319678
1960,81,0.021715985550999416
1961,81,0.02161453275870715
1962,81,0.02085457119088773
1963,81,0.02175716366494745
1964,81,0.02101103569635222
1965,81,0.02091798375802678
1966,81,0.02171014908281875
1967,81,0.02301369977547759
1968,81,0.021827177880274103
1969,81,0.02118487398340278
1970,81,0.021438249802845248
1971,81,0.02213429141360803
1972,81,0.021287402309619282
1973,81,0.021975040787411797
1974,81,0.022945933370380957
1975,81,0.02153482578221257
1976,81,0.02211782663767598
1977,81,0.02109525258711871
1978,81,0.02218695373759746
1979,81,0.02145340394963628
1980,81,0.02120587957547366
1981,81,0.021819621507677762
1982,81,0.020929268953842176
1983,81,0.02197749997052719
1984,80,0.02176031228511706
1985,80,0.02139420222847003
1986,80,0.02118272361387466
1987,80,0.021524103710276455
1988,79,0.020930807661893286
1989,79,0.021391938000041463
1990,79,0.021659014923371803
1991,78,0.020937887704375338
1992,77,0.020761076670198716
1993,77,0.02071005873845664
1994,76,0.02272376800033727
1995,76,0.01995537972720072
1996,75,0.02134732658444241
1997,75,0.01997340927155224
1998,75,0.0211767067179907
1999,75,0.022000367515364317
2000,75,0.02161641432929312
2001,75,0.019475000587090438
2002,75,0.02059608702542192
2003,75,0.021632079155877268
2004,75,0.02153427093122005
2005,75,0.02139129269805467
2006,75,0.020850731422324298
2007,75,0.022204410206119764
2008,74,0.02045646627631699
2009,74,0.019720410206829877
2010,74,0.020951661399433844
2011,74,0.019921953659640165
2012,74,0.020453957323247465
2013,74,0.019046644414199797
2014,74,0.02034024498238662
2015,74,0.020864984786557135
2016,74,0.01947164634527422
2017,74,0.020989437802362454
2018,74,0.020556185059050082
2019,74,0.020585614076065684
2020,74,0.020714825366976105
1,100,0.02610531662863931
2,100,0.025440809991436886
3,100,0.025914713977886413
4,100,0.025838785308001554
5,100,0.02548640047163788
6,100,0.025859930571654883
7,100,0.025368033460777394
8,100,0.0260808001025816
9,100,0.02537108268385481
10,100,0.02622369784618367
11,100,0.025345990655244358
12,100,0.02523670097326242
13,100,0.025380453752001472
14,100,0.025753786049384785
15,100,0.02587452984162866
16,100,0.02555889394190552
17,100,0.025152728784167477
18,100,0.02552873178395025
19,100,0.025607850207330286
20,100,0.025190073818471343
21,100,0.025587908026329164
22,100,0.025455508355035107
23,100,0.025772387816602228
24,100,0.024913469174147492
25,100,0.026233771196054412
26,100,0.025256123057454012
27,100,0.025240347471905525
28,100,0.025717658433766562
29,100,0.025386418963672105
30,100,0.025660133534754957
31,100,0.025622047208739295
32,100,0.02541192906182269
33,100,0.025008473300939024
34,100,0.025203124169125353
35,100,0.025835055305294626
36,100,0.025840122790159657
37,100,0.02547270683805012
38,100,0.025742920103438247
39,100,0.0256713621562894
40,100,0.02590411704108547
41,100,0.025564521705010432
42,100,0.025485212264789676
43,100,0.025590812671349782
44,100,0.025851331000646297
45,100,0.02595425664552286
46,100,0.02640559651576835
47,100,0.02564323814346946
48,100,0.025461057544452145
49,100,0.02580225731251021
50,100,0.02512365595124397
51,100,0.02548887031796657
52,100,0.02540268738149142
53,100,0.024888487432799086
54,100,0.025234050033353456
55,100,0.025801091739619374
56,100,0.025117566254792886
57,100,0.026239131726107565
58,100,0.025766804239742813
59,100,0.025456221864879426
60,100,0.025400463976532294
61,100,0.02522460306888
62,100,0.02543103189856777
63,100,0.02582998922382221
64,100,0.0254234612111285
65,100,0.025758231993382667
66,100,0.02535533174898941
67,100,0.025257111876691246
68,100,0.026135088947159567
69,100,0.0256349154355144
70,100,0.025493971848677688
71,100,0.025400098074296718
72,100,0.025566321882490514
73,100,0.02552241836097578
74,100,0.025248527939662292
75,100,0.02544784010438717
76,100,0.025747171504269976
77,100,0.026355594802376626
78,100,0.025189870430098217
79,100,0.025892035051802723
80,100,0.025772376025841013
81,100,0.02564215802910899
82,100,0.02555089242034557
83,100,0.025745947554116466
84,100,0.025391252996007627
85,100,0.025706307427457355
86,100,0.026294599329371428
87,100,0.02541249188884183
88,100,0.02579203774871586
89,100,0.025998881749672128
90,100,0.025734943024388512
91,100,0.02598476366058214
92,100,0.025321332568491336
93,100,0.02540504958193982
94,100,0.026004318056542262
95,100,0.02565982707033678
96,100,0.025384757760693846
97,100,0.025722354600049017
98,100,0.025204621481996245
99,100,0.02546780905188009
100,100,0.025587008662932228
101,100,0.025320046312252577
102,100,0.025150941099324007
103,100,0.025598321412401502
104,100,0.02558505311949979
105,100,0.02575915874520527
106,100,0.025323682246803557
107,100,0.025439227025659795
108,100,0.026208586622155285
109,100,0.025590223236552214
110,100,0.025412730254462373
111,100,0.02547816395394754
112,100,0.025413148159545547
113,100,0.026469039721714504
114,100,0.025759968592190836
115,100,0.02539714174131768
116,100,0.02533968551565948
117,100,0.025448917797063077
118,100,0.025520081879583937
119,100,0.025811106591109502
120,100,0.026076980673450496
121,100,0.02528022031800335
122,100,0.025961370419248873
123,100,0.025971748152449844
124,100,0.0257055300365306
125,100,0.02598925460071199
126,100,0.025652249221847313
127,100,0.025263316280096634
128,100,0.025681101241435092
129,100,0.025670180951956462
130,100,0.025718647734157093
131,100,0.025783551752452855
132,100,0.025805581815902156
133,100,0.02582391190399843
134,100,0.025326001205132384
135,100,0.02540477495515547
136,100,0.025811419237829644
137,100,0.02584225759048014
138,100,0.02555748797490399
139,100,0.025354153839255628
140,100,0.02581515352448963
141,100,0.02552981892294354
142,100,0.025815155203601465
143,100,0.026000145278468806
144,100,0.02586816557760817
145,100,0.02590459900796567
146,100,0.02547522797519706
147,100,0.02552743027472402
148,100,0.025981977859593653
149,100,0.025331403438759115
150,100,0.026247905685042375
151,100,0.02537515401285498
152,100,0.02547680160203175
153,100,0.02501252008905888
154,100,0.025591648868320247
155,100,0.025155735785769268
156,100,0.025852764796881277
157,100,0.025719531936841206
158,100,0.025707179578015556
159,100,0.025478416438827364
160,100,0.024907222923929627
161,100,0.025305991585861085
162,100,0.025616829265991018
163,100,0.025337825867182133
164,100,0.025273807540761032
165,100,0.025504380232685215
166,100,0.025371939381684038
167,100,0.025564531752581773
168,100,0.025912595774852734
169,100,0.02574570148774009
170,100,0.025931357225051164
171,100,0.025803379696224323
172,100,0.025561318108890528
173,100,0.02559687054193845
174,100,0.025537815413557964
175,100,0.025924954066231187
176,100,0.025757318037681456
177,100,0.02587375940082878
178,100,0.02598251626226539
179,100,0.025492265750802805
180,100,0.025801853816411025
181,100,0.02542672129771209
182,100,0.025553196874362943
183,100,0.025784547182907458
184,100,0.025685497117971117
185,100,0.025175156980000245
186,100,0.025341143157071016
187,100,0.0257530020171273
188,100,0.025856951927061264
189,100,0.02550708656504995
190,100,0.02598163133943703
191,100,0.025746810237694595
192,100,0.025960034091839477
193,100,0.025869539696774302
194,100,0.025531974686913154
195,100,0.02550041894422063
196,100,0.025570206588529716
197,100,0.02566498511109114
198,100,0.02543860817805752
199,100,0.025541414844851718
200,100,0.026106991331156168
201,100,0.025183163468690904
202,100,0.025747637096824542
203,100,0.02571667693580937
204,100,0.025563780254819694
205,100,0.02558584237949547
206,100,0.025134823475010053
207,100,0.025515793663499188
208,100,0.02572876731274475
209,100,0.02547670851788078
210,100,0.02506085110114941
211,100,0.025632048458318332
212,100,0.02568856932845163
213,100,0.025520564085502337
214,100,0.025505026653371777
215,100,0.025924567164095722
216,100,0.02573163234900405
217,100,0.02563586854226329
218,100,0.025311138030876076
219,100,0.025712668905503215
220,100,0.025761983431689103
221,100,0.025922603070838515
222,100,0.025697642532242285
223,100,0.025740545633554053
224,100,0.02517765439212242
225,100,0.025215542846721874
226,100,0.02583314916665532
227,100,0.025352815782108865
228,100,0.02605754615272289
229,100,0.02551403191736234
230,100,0.026137959095172515
231,100,0.025713614470968264
232,100,0.026193797087611388
233,100,0.0255201462273878
234,100,0.025646687846247778
235,100,0.026359790604230705
236,100,0.026261020086251873
237,100,0.026115137076669532
238,100,0.025622468910702134
239,100,0.025771173016421175
240,100,0.025165067169659657
241,100,0.025740205609206483
242,100,0.0255952824438061
243,100,0.026030850048006822
244,100,0.02515446983366457
245,100,0.02569777055360713
246,100,0.02566215942712305
247,100,0.026019218707294133
248,100,0.025960041973243607
249,100,0.02497993295948682
250,100,0.025208827987540854
251,100,0.025774774703888344
252,100,0.025807681506275413
253,100,0.025624275580810606
254,100,0.02562796578664194
255,100,0.025714968279368113
256,100,0.02575383985185169
257,100,0.02588070318719347
258,100,0.02595740747530548
259,100,0.02599833362403125
260,100,0.025863936948382297
261,100,0.026317029630823024
262,100,0.025626185995159204
263,100,0.02569267489695743
264,100,0.025131919166602994
265,100,0.025988849910978357
266,100,0.025629040891776058
267,100,0.025369511844355763
268,100,0.025091572653232887
269,100,0.02549742735744768
270,100,0.02620557076581271
271,100,0.025798895631297163
272,100,0.025968126847809372
273,100,0.025304387371616426
274,100,0.025432699612920155
275,100,0.025621565996560416
276,100,0.0254246156885254
277,100,0.026172888505901083
278,100,0.025783458261501507
279,100,0.025573557980835455
280,100,0.025419938201746303
281,100,0.02578958644190173
282,100,0.025842974253367627
283,100,0.025493696308818967
284,100,0.025698712700661052
285,100,0.02573200643507445
286,100,0.025983587217658238
287,100,0.026155442362265108
288,100,0.02584967985993036
289,100,0.025374761357673022
290,100,0.02549962934997414
291,100,0.025909404287452677
292,100,0.025291272166413976
293,100,0.02524109768349489
294,100,0.025869841755811345
295,100,0.025257002409962516
296,100,0.025107639953532816
297,100,0.025716326933865226
298,100,0.025037096222720833
299,100,0.02567237643425856
300,100,0.02550648893832453
301,100,0.025574208119990786
302,100,0.025779019482790683
303,100,0.026335525041822617
304,100,0.025492204310217256
305,100,0.025596246140559678
306,100,0.02528887060571523
307,100,0.024965127237880403
308,100,0.025159177453311067
309,100,0.025646392646587607
310,100,0.02611394492299468
311,100,0.02570630896668631
312,100,0.02572384674768985
313,100,0.025260431782823518
314,100,0.025844227167095505
315,100,0.026194956552415233
316,100,0.02494319010472014
317,100,0.02509466503882168
318,100,0.025884905369228876
319,100,0.025572163040844406
320,100,0.02593089876348323
321,100,0.025123496718791227
322,100,0.025184166745241
323,100,0.025154655179731745
324,100,0.02530799518912761
325,100,0.02574954747388687
326,100,0.025317787371764468
327,100,0.02592711391363759
328,100,0.02524895956323265
329,100,0.026100538958408772
330,100,0.025521554494916603
331,100,0.0257917725262247
332,100,0.02563108858214328
333,100,0.025440849843007717
334,100,0.025921237955806423
335,100,0.02575396605929837
336,100,0.025427051082075745
337,100,0.025310340921791286
338,100,0.02576049739375005
339,100,0.025823043599356877
340,100,0.025719444565657217
341,100,0.02587457737511263
342,100,0.02583320822568181
343,100,0.025531209508157623
344,100,0.02548245761951702
345,100,0.025516252444146854
346,100,0.025930437343174476
347,100,0.02565687390354238
348,100,0.02577445787571963
349,100,0.02621495961821183
350,100,0.025406115524875327
351,100,0.02572343271550231
352,100,0.025836778525953376
353,100,0.025576505459140503
354,100,0.025304174744758497
355,100,0.02573902255228268
356,100,0.02557082606739653
357,100,0.02567760416051418
358,100,0.025438469738314547
359,100,0.025865214966166696
360,100,0.02501275564157911
361,100,0.025441809862105307
362,100,0.02573193050137713
363,100,0.02598630958308842
364,100,0.026242256861295166
365,100,0.02575362082286451
366,100,0.026134287324356555
367,100,0.025765199991979328
368,100,0.02587878303841587
369,100,0.02598073989144946
370,100,0.025829748976746048
371,100,0.024971770379611822
372,100,0.025473964985112087
373,100,0.025298515443244313
374,100,0.02543874258126811
375,100,0.026216290766781475
376,100,0.025552683802107297
377,100,0.025762608479991452
378,100,0.025746217137079707
379,100,0.025460255435674525
380,100,0.02612414424782843
381,100,0.026176004323086297
382,100,0.025165495638246157
383,100,0.025606768187362305
384,100,0.025355298648461665
385,100,0.025225972058457925
386,100,0.025682021144127546
387,100,0.025318241465423892
388,100,0.025516367159469235
389,100,0.02591464860620409
390,100,0.025487478383114277
391,100,0.024956546198616092
392,100,0.02563695778734309
393,100,0.02603069727680995
394,100,0.025376891176289617
395,100,0.02513648345838707
396,100,0.02548980824740901
397,100,0.026268052530101123
398,100,0.02521985239421926
399,100,0.025899638074612274
400,100,0.02551985505658073
401,100,0.02548306964452669
402,100,0.025420209550882155
403,100,0.026120535174966524
404,100,0.025209812649536603
405,100,0.025795350132987453
406,100,0.02573688155835125
407,100,0.025328967629869577
408,100,0.02577439154282867
409,100,0.0251320109051564
410,100,0.026117896045871003
411,100,0.025435498176638052
412,100,0.025459834215633963
413,100,0.025251550283664354
414,100,0.025154803998991854
415,100,0.025711494953043673
416,100,0.02603291663931029
417,100,0.02552707653925866
418,100,0.025535681560609147
419,100,0.0255429374377115
420,100,0.025157998462873424
421,100,0.02513080613517629
422,100,0.025212139098778476
423,100,0.02585148252094921
424,100,0.02540359480280031
425,100,0.025850803684372058
426,100,0.025519906836001558
427,100,0.025513628960796057
428,100,0.025252243612616035
429,100,0.025257007146276222
430,100,0.02554404071709767
431,100,0.025838977159130094
432,100,0.02574458466479248
433,100,0.02556259197977044
434,100,0.025356015255270384
435,100,0.025807583673379098
436,100,0.025692978979242782
437,100,0.02587350099382342
438,100,0.025721794779083196
439,100,0.02551057087153634
440,100,0.025618179416857675
441,100,0.026359047341764273
442,100,0.025582892740976134
443,100,0.026158225309892022
444,100,0.026118457426212334
445,100,0.026088726204917503
446,100,0.025705355620860685
447,100,0.02533758555436149
448,100,0.025710487812319813
449,100,0.025660948428953105
450,100,0.0256461001832812
451,100,0.02569512044600458
452,100,0.025313452859559236
453,100,0.025525618911634206
454,100,0.02534959635754301
455,100,0.025961486862940877
456,100,0.025669720257011714
457,100,0.025563554402118053
458,100,0.025266801456448627
459,100,0.025898269258130813
460,100,0.02551346348760712
461,100,0.025266074420791793
462,100,0.025845821247693978
463,100,0.025654974060430286
464,100,0.025528189172651258
465,100,0.02609047052959694
466,100,0.026052527258533967
467,100,0.025074660358199528
468,100,0.02620500934741195
469,100,0.02503091578514425
470,100,0.02554901814370282
471,100,0.02594464449060501
472,100,0.02561080562599907
473,100,0.025356063867051182
474,100,0.025754525397193993
475,100,0.025835338759712594
476,100,0.025494881669786938
477,100,0.025772148243428
478,100,0.025899067428571905
479,100,0.02592179620111825
480,100,0.026098587145623735
481,100,0.025309152038953925
482,100,0.025769292630223695
483,100,0.025783453388832065
484,100,0.02550224298063115
485,100,0.02541764336425255
486,100,0.025615591600086182
487,100,0.026194010339284424
488,100,0.025731259139033368
489,100,0.02550395245329492
490,100,0.025996037458744
491,100,0.02560635475637745
492,100,0.026066951406282665
493,100,0.025477879872578595
494,100,0.025639550660074274
495,100,0.02588825296935214
496,100,0.025534814722143008
497,100,0.025754330873871092
498,100,0.025440800768812045
499,100,0.02540140089291982
500,100,0.025346453870408788
501,100,0.025134589661408788
502,100,0.025305577475495385
503,100,0.02552715275796877
504,100,0.02562550196986141
505,100,0.025501288140778015
506,100,0.025593428590683386
507,100,0.02562456440606837
508,100,0.025677919169540434
509,100,0.025593987236406313
510,100,0.02531355060025304
511,100,0.025495544127485382
512,100,0.025381431506286564
513,100,0.025264801085516077
514,100,0.025579020216723425
515,100,0.025211563161730496
516,100,0.02582547431601563
517,100,0.025374908768606746
518,100,0.02575920071098752
519,100,0.025639387274045827
520,100,0.025548266387366982
521,100,0.025750311281221776
522,100,0.025809559520423152
523,100,0.025376715498593546
524,100,0.02536051577641759
525,100,0.025321911008269197
526,100,0.02569915608031876
527,100,0.025558019157205666
528,100,0.02550874173823843
529,100,0.025924753037729207
530,100,0.02633814765478447
531,100,0.025568068981135842
532,100,0.02573559239900469
533,100,0.02558512248126472
534,100,0.025866006796451464
535,100,0.02560037605059657
536,100,0.025356326429512147
537,100,0.02556442066567895
538,100,0.025490661966682537
539,100,0.025394081502399534
540,100,0.025685705840903815
541,100,0.025245830490585854
542,100,0.025588064586607746
543,100,0.025649478621365674
544,100,0.0249437238219434
545,100,0.02558206975065944
546,100,0.02558062951025102
547,100,0.025814448457374857
548,100,0.02585010080281823
549,100,0.025535370232914814
550,100,0.026216820313432254
551,100,0.02540877337967122
552,100,0.02525332106816124
553,100,0.025412186732201494
554,100,0.025483410347390437
555,100,0.0258935638060605
556,100,0.025690413458322188
557,100,0.02552239126447335
558,100,0.025264450723714558
559,100,0.02559472916510191
560,100,0.025559006493565944
561,100,0.025780056749409155
562,100,0.025342170443016725
563,100,0.025696958933997288
564,100,0.025322397389950107
565,100,0.025539519087438203
566,100,0.02603555377548272
567,100,0.026179158061827683
568,100,0.025745077302778946
569,100,0.025098409112204283
570,100,0.02554185708640668
571,100,0.025714875997494887
572,100,0.025323407085763357
573,100,0.025420693280020897
574,100,0.02613050818092733
575,100,0.025192936116448086
576,100,0.025393751037548058
577,100,0.02614927826140436
578,100,0.025679176814892853
579,100,0.02570518254101412
580,100,0.0254110558289513
581,100,0.02590757943762797
582,100,0.025256246429805153
583,100,0.025893793272726437
584,100,0.02592400053977058
585,100,0.025858091929974382
586,100,0.02576132114156479
587,100,0.025592865843374807
588,100,0.025490876332861907
589,100,0.025479785595586793
590,100,0.025255664266730593
591,100,0.02568349296897126
592,100,0.025836753343883627
593,100,0.025435992723906606
594,100,0.025138351643835124
595,100,0.02572764742310711
596,100,0.02543000507180255
597,100,0.025688936409195503
598,100,0.025962170347841276
599,100,0.025331341679567118
600,100,0.025945780017063592
601,100,0.02575679662758244
602,100,0.02520294825930594
603,100,0.025662984228869933
604,100,0.02573015955899933
605,100,0.025280720370005765
606,100,0.026245072869012835
607,100,0.024976534541849057
608,100,0.024950510381265865
609,100,0.025535946925786306
610,100,0.025489477016243843
611,100,0.026105176088709343
612,100,0.024724183877891114
613,100,0.02560845153399765
614,100,0.02496692146557724
615,100,0.02583465598402674
616,100,0.026071607806879726
617,100,0.025729838427894274
618,100,0.02574471909917023
619,100,0.02614534922338853
620,100,0.025317273770364843
621,100,0.025282473086240445
622,100,0.025322882288673305
623,100,0.02562615550445272
624,100,0.02630017619679453
625,100,0.025629588258906266
626,100,0.025701940848893542
627,100,0.025971740437662642
628,100,0.02542305659414923
629,100,0.025783549434128413
630,100,0.025383244345795437
631,100,0.02546252206555174
632,100,0.025403356526763936
633,100,0.025458830601568054
634,100,0.025611212338668657
635,100,0.02566244510351544
636,100,0.025547602243899327
637,100,0.025426330861824543
638,100,0.025844922333298364
639,100,0.02576748874120277
640,100,0.026068223473893884
641,100,0.025452072178517332
642,100,0.026127238858373685
643,100,0.025302998729528278
644,100,0.025558408658590662
645,100,0.025733523754435612
646,100,0.025703993759055653
647,100,0.025595686949018592
648,100,0.025804151140476437
649,100,0.02544711265367022
650,100,0.02587573671465261
651,100,0.02548898682344646
652,100,0.025519689977955062
653,100,0.025444277132129094
654,100,0.02602758004511391
655,100,0.025947945289951126
656,100,0.026229221132577276
657,100,0.025914497657717903
658,100,0.02571247484114346
659,100,0.025900319658962116
660,100,0.025718516294214636
661,100,0.025531530363992687
662,100,0.025161975747380074
663,100,0.025468664813372344
664,100,0.02538085511305984
665,100,0.024845143259190267
666,100,0.025406824302754406
667,100,0.02609831608253571
668,100,0.025351008267307542
669,100,0.025420190860761506
670,100,0.025311542352557812
671,100,0.02579955457235918
672,100,0.025382082202919497
673,100,0.025523993578604826
674,100,0.025655528509785995
675,100,0.02511150730625252
676,100,0.025577088825762265
677,100,0.025461990165323734
678,100,0.025975251795891437
679,100,0.025886879132545282
680,100,0.02574470519686478
681,100,0.025484758327600287
682,100,0.0258759966157635
683,100,0.025613258435566336
684,100,0.025627867111502986
685,100,0.025932949636396023
686,100,0.02548364012924986
687,100,0.02535409974680055
688,100,0.025592918813443995
689,100,0.02517594304461248
690,100,0.025514064647106514
691,100,0.025453173330260502
692,100,0.025681416465584125
693,100,0.02582717385252547
694,100,0.026352261458175093
695,100,0.025565347437539528
696,100,0.025866161653222718
697,100,0.025972193259809824
698,100,0.02556154305279906
699,100,0.025900131751514163
700,100,0.02542419825599302
701,100,0.025659135877689105
702,100,0.0253376408851645
703,100,0.02577982457370207
704,100,0.025423901414704048
705,100,0.025767045556788284
706,100,0.025340701302306937
707,100,0.02563403709500045
708,100,0.025477044847798624
709,100,0.02592684241406348
710,100,0.025883833554677514
711,100,0.02557184963639482
712,100,0.025887578450726322
713,100,0.02575780427294439
714,100,0.02584021466557327
715,100,0.025963736938546648
716,100,0.025622974504361136
717,100,0.025917690715534885
718,100,0.02561774299447855
719,100,0.025256701315108078
720,100,0.025109411322336156
721,100,0.025335144291803214
722,100,0.025319057410606548
723,100,0.02551114661671504
724,100,0.025523462231616924
725,100,0.025667062011071915
726,100,0.025566404341959302
727,100,0.025500145311113973
728,100,0.025356018978434383
729,100,0.025776621335556377
730,100,0.025941120161383134
731,100,0.025741484856705625
732,100,0.02569499257490648
733,100,0.025307210168414036
734,100,0.025792950996312264
735,100,0.025754354300104674
736,100,0.026011503169277486
737,100,0.025475833264886054
738,100,0.026283145128984255
739,100,0.025671057196493877
740,100,0.025524706573775775
741,100,0.02623454058943742
742,100,0.02530141910490813
743,100,0.02563734736906142
744,100,0.025837359657893147
745,100,0.025277595276368744
746,100,0.025717832304388035
747,100,0.02496269222723409
748,100,0.026086189159388883
749,100,0.025879408830945146
750,100,0.026016847910466104
751,100,0.026104272432527116
752,100,0.02532251455799584
753,100,0.025559334197935858
754,100,0.02597878089643841
755,100,0.02584986990056308
756,100,0.02604020488083185
757,100,0.025490897063071064
758,100,0.025871788376705604
759,100,0.02556374685863751
760,100,0.02543992660158486
761,100,0.02583003386155343
762,100,0.025414609441289836
763,100,0.02577442120759314
764,100,0.025476778251557617
765,100,0.025578077692118062
766,100,0.02548085260505748
767,100,0.02553811640047694
768,100,0.02645900514153345
769,100,0.025195085839051688
770,100,0.025892595327083053
771,100,0.02565882888577571
772,100,0.026245488655569825
773,100,0.025329601308283902
774,100,0.025222245835064164
775,100,0.0258551690433343
776,100,0.026144873853002175
777,100,0.025895573625713594
778,100,0.025707571051213806
779,100,0.025835360766597038
780,100,0.02547422241491412
781,100,0.025694477765086845
782,100,0.025873746609745302
783,100,0.025953925368564036
784,100,0.025192457602220223
785,100,0.025583258313708418
786,100,0.025070575883580273
787,100,0.025955154461336782
788,100,0.02512787695546348
789,100,0.02535376418227503
790,100,0.02578750712642523
791,100,0.025383540315939247
792,100,0.025887236983613674
793,100,0.025035287732271115
794,100,0.0253141642542161
795,100,0.025716104569650563
796,100,0.02553887497781092
797,100,0.025839130719564434
798,100,0.025579566837803422
799,100,0.025365056882292035
800,100,0.02529005448604259
801,100,0.02542441242181531
802,100,0.026025063595358295
803,100,0.02565421755956713
804,100,0.026133682919077708
805,100,0.025399015418609804
806,100,0.026077716013075358
807,100,0.02601138300651567
808,100,0.025827921616963446
809,100,0.02557991392216377
810,100,0.025604490990244224
811,100,0.025660874008154536
812,100,0.02537458021562733
813,100,0.02500273594363771
814,100,0.025330550797340666
815,100,0.02607033025326866
816,100,0.025948314156293496
817,100,0.025850313154507275
818,100,0.025346420692652964
819,100,0.02590425547595844
820,100,0.02559049071869165
821,100,0.025744845451074343
822,100,0.02570246511013609
823,100,0.025844652966999563
824,100,0.02551217172411511
825,100,0.0257039729006746
826,100,0.025401537352710012
827,100,0.025722733580202155
828,100,0.025957489025865782
829,100,0.02575599447173752
830,100,0.025878821824009614
831,100,0.02497121812191728
832,100,0.025532488428238444
833,100,0.02582276187096805
834,100,0.025753099419899613
835,100,0.025345900425500303
836,100,0.026518399592078558
837,100,0.02601912446132551
838,100,0.025501935399610723
839,100,0.025955412619134977
840,100,0.025672533901942234
841,100,0.025124607327487957
842,100,0.02520545724865589
843,100,0.02526253595574923
844,100,0.025571742531690325
845,100,0.025502068035439283
846,100,0.025126258542747214
847,100,0.02570473099890056
848,100,0.025665637878014548
849,100,0.025506041186627894
850,100,0.02491993728309813
851,100,0.025725659366261165
852,100,0.025967300559433585
853,100,0.026140929439301228
854,100,0.02545519692389561
855,100,0.02566720170451369
856,100,0.025532230743250034
857,100,0.02598734145674136
858,100,0.02588680134943433
859,100,0.025727172134570514
860,100,0.02499181039369002
861,100,0.02548236702787451
862,100,0.02483202510746003
863,100,0.025830066079155323
864,100,0.025734432364894887
865,100,0.025624339857557486
866,100,0.025731085480873415
867,100,0.025505960105636365
868,100,0.025413569219563458
869,100,0.025412195436202423
870,100,0.025588699658703
871,100,0.025168273276584406
872,100,0.026201307643853287
873,100,0.025347985668324254
874,100,0.025437406279902968
875,100,0.025961219200925638
876,100,0.025844951542980707
877,100,0.02553468127864331
878,100,0.025471134462105
879,100,0.025702241979482315
880,100,0.02632378601257616
881,100,0.02612524775199118
882,100,0.025117680692260662
883,100,0.025138815132339176
884,100,0.025706654552648985
885,100,0.025231968284732467
886,100,0.025176831571540697
887,100,0.025140896446129983
888,100,0.025506546823699853
889,100,0.02547970452727223
890,100,0.025650840059805488
891,100,0.02531063118127356
892,100,0.02562723756548944
893,100,0.026088220045101754
894,100,0.025580165099399532
895,100,0.025597364524329307
896,100,0.025382846573062053
897,100,0.025404759651893906
898,100,0.025772494377955108
899,100,0.026150347834303745
900,100,0.025519995160945372
901,100,0.025476590957499365
902,100,0.025840223649204665
903,100,0.02586687034526962
904,100,0.02579204567858959
905,100,0.02515237554969129
906,100,0.025865529718023136
907,100,0.02588145108804591
908,100,0.026081274191007878
909,100,0.02584264259581158
910,100,0.0252478410792666
911,100,0.025420789441127488
912,100,0.025589596801755328
913,100,0.025538029966427792
914,100,0.025629170889681613
915,100,0.025400470853463492
916,100,0.025859807030821164
917,100,0.025594045116476487
918,100,0.026143654016094937
919,100,0.025363370481476907
920,100,0.025145445932596183
921,100,0.024964222798530125
922,100,0.025646246980761702
923,100,0.025631229084771567
924,100,0.025938606126879045
925,100,0.02617632741837689
926,100,0.02532640573580216
927,100,0.025988334328497044
928,100,0.02530160557277427
929,100,0.025142025652933088
930,100,0.025428991420106142
931,100,0.025660766158364778
932,100,0.025357991444049384
933,100,0.025808926742533288
934,100,0.02596432095418755
935,100,0.02554147472669631
936,100,0.02566761901533902
937,100,0.025432180187832734
938,100,0.02538667036897261
939,100,0.02572802738171009
940,100,0.025347485923933332
941,100,0.02567048280297996
942,100,0.025607054924229815
943,100,0.02612275276416956
944,100,0.025499677963663356
945,100,0.025385554382202562
946,100,0.025757240242718568
947,100,0.025449631633050494
948,100,0.025632681512168715
949,100,0.025880588407118803
950,100,0.02514172754214883
951,100,0.026061320604966097
952,100,0.025384575473469027
953,100,0.02559365002815419
954,100,0.02526699907967332
955,100,0.0257727236841046
956,100,0.025432163491734383
957,100,0.025416407692499796
958,100,0.025914177824644054
959,100,0.026080843013678225
960,100,0.025243265868045595
961,100,0.025662778295585782
962,100,0.02538936504570637
963,100,0.02503736666990817
964,100,0.025808234659355396
965,100,0.02560628043626544
966,100,0.025729552495344088
967,100,0.025166096198363894
968,100,0.025712777518662536
969,100,0.025891711470790113
970,100,0.02583000543319991
971,100,0.02538394881196074
972,100,0.025662470453331927
973,100,0.025551468766079277
974,100,0.025484874569599095
975,100,0.025769192569389837
976,100,0.025613444638830994
977,100,0.024857721480915012
978,100,0.025744552572507788
979,100,0.025306499067779775
980,100,0.025367095941273097
981,100,0.025918995736214076
982,100,0.025611339610315385
983,100,0.025711541314685595
984,100,0.025297270639644754
985,100,0.02565462071516406
986,100,0.025018016726590184
987,100,0.025353186637006534
988,100,0.025184800362585035
989,100,0.025307837515125425
990,100,0.02562598988617829
991,100,0.0248973151771143
992,100,0.025345364027493246
993,100,0.02574501824947814
994,100,0.026023609305143382
995,100,0.02530880673980141
996,100,0.0254026529226097
997,100,0.02543230034305998
998,100,0.02545392350529831
999,100,0.025478374616990856
1000,100,0.025589545423230057
1001,100,0.025753945356772872
1002,100,0.02627776631365155
1003,100,0.025119090557666052
1004,100,0.025517208452530152
1005,100,0.02612510236342404
1006,100,0.02522663096276895
1007,100,0.02579740037348756
1008,100,0.026022009521061686
1009,100,0.025808205329025943
1010,100,0.02572550352353271
1011,100,0.025279442868986847
1012,100,0.025820940984408403
1013,100,0.025621912474877644
1014,100,0.025683517868220127
1015,100,0.025275292547876502
1016,100,0.025271151933805046
1017,100,0.02546593981222868
1018,100,0.025707723077966475
1019,100,0.025902173159304206
1020,100,0.025664515607792655
1021,100,0.02510026035645641
1022,100,0.025223297282991972
1023,100,0.026505122714072807
1024,100,0.026609090198631998
1025,100,0.025442652692838404
1026,100,0.025678357490666416
1027,100,0.025489096086382106
1028,100,0.025142629011734755
1029,100,0.02524306942829159
1030,100,0.02556979014509683
1031,100,0.025754557774779085
1032,100,0.02599550119139068
1033,100,0.025913490343689623
1034,100,0.025834546125273142
1035,100,0.025571374811285578
1036,100,0.025180039732866172
1037,100,0.026555165635910094
1038,100,0.02583618276054777
1039,100,0.02538866180424166
1040,100,0.02526680159729524
1041,100,0.02486099632876357
1042,100,0.026019365302295566
1043,100,0.025636495474121855
1044,100,0.026461895982922475
1045,100,0.024908429109458
1046,100,0.02563700774514564
1047,100,0.025711528086396852
1048,100,0.026260043350636135
1049,100,0.025222703212119585
1050,100,0.025732277426228852
1051,100,0.025351183123892854
1052,100,0.025718457613783278
1053,100,0.025658454629605844
1054,100,0.025347027775950753
1055,100,0.025682915541864
1056,100,0.025534647056934694
1057,100,0.025333890830624567
1058,100,0.0262221467086872
1059,100,0.02560807027837392
1060,100,0.025557208628404646
1061,100,0.025300960746452134
1062,100,0.02585542461560952
1063,100,0.025913820407738666
1064,100,0.02496035419434205
1065,100,0.026262299091887455
1066,100,0.026116535312499092
1067,100,0.025485239058910047
1068,100,0.025619402152424236
1069,100,0.02510390969789631
1070,100,0.025231323676943022
1071,100,0.02574403765439685
1072,100,0.02574689158040334
1073,100,0.026054753905368693
1074,100,0.02583602047404648
1075,100,0.0258789077165943
1076,100,0.026164168261310277
1077,100,0.025704073213505763
1078,100,0.025665770817639263
1079,100,0.025329662360615273
1080,100,0.02577636976023238
1081,100,0.025325958410670597
1082,100,0.02552150935566191
1083,100,0.025752215502396453
1084,100,0.02593797510297578
1085,100,0.026053070489453448
1086,100,0.02582082870443002
1087,100,0.025883854750981206
1088,100,0.025267125507293375
1089,100,0.025420970079012496
1090,100,0.02596045502155486
1091,100,0.025265565603841616
1092,100,0.02553818583762999
1093,100,0.025502896659509635
1094,100,0.025146060464282062
1095,100,0.025253193387731843
1096,100,0.025708951346077542
1097,100,0.025790500784277123
1098,100,0.02542104631794433
1099,100,0.025878792581210053
1100,100,0.025587826613947325
1101,100,0.02567864139686024
1102,100,0.025742367047794836
1103,100,0.02506864973366105
1104,100,0.02621779408145964
1105,100,0.025200845329460424
1106,100,0.026118654507570623
1107,100,0.025373517855033646
1108,100,0.02559713961920444
1109,100,0.025604293071368415
1110,100,0.02542213007894921
1111,100,0.025790884007349284
1112,100,0.025625749638797955
1113,100,0.025969159168729352
1114,100,0.025798272654602078
1115,100,0.025137500669748535
1116,100,0.02576233283472203
1117,100,0.025809568873401318
1118,100,0.025971712152929503
1119,100,0.02596253801590132
1120,100,0.025882415019008065
1121,100,0.025550603294402355
1122,100,0.025756066722337156
1123,100,0.025218845346006658
1124,100,0.0259809681204245
1125,100,0.025570400237996036
1126,100,0.025192560796840267
1127,100,0.02598939091577287
1128,100,0.0257604212770361
1129,100,0.02614952401415157
1130,100,0.025308882971995315
1131,100,0.025306929346650364
1132,100,0.025685765068092694
1133,100,0.025553643364682938
1134,100,0.02539598082285471
1135,100,0.025708040009829364
1136,100,0.025910367919262257
1137,100,0.025958521665323604
1138,100,0.024967138827242764
1139,100,0.02584374307675382
1140,100,0.025631937416826116
1141,100,0.02590446339240741
1142,100,0.02577293155126487
1143,100,0.025159830443295585
1144,100,0.02545474815523631
1145,100,0.025856122796923144
1146,100,0.025973900706152523
1147,100,0.025608713348495824
1148,100,0.02581642700022987
1149,100,0.025869968538979868
1150,100,0.026110214350111932
1151,100,0.02557227708332023
1152,100,0.025849875944646876
1153,100,0.02566953807562289
1154,100,0.02576000453805383
1155,100,0.025987139365271594
1156,100,0.025546962621564223
1157,100,0.025240051939757507
1158,100,0.025480364061546277
1159,100,0.025921390032818657
1160,100,0.02581927714706592
1161,100,0.025082932506871786
1162,100,0.025242192626328156
1163,100,0.02508531878135382
1164,100,0.025408172866461246
1165,100,0.0259659096240194
1166,100,0.025396905932154237
1167,100,0.02569652929409235
1168,100,0.025861770772017328
1169,100,0.024952910330520627
1170,100,0.025695262764535473
1171,100,0.02557823727446982
1172,100,0.025219479743985192
1173,100,0.025663774737468097
1174,100,0.025967984831021973
1175,100,0.025317701917177582
1176,100,0.025525031171537385
1177,100,0.025250420214825164
1178,100,0.025147596738790263
1179,100,0.025652702631024486
1180,100,0.025482903718734566
1181,100,0.025240200692140002
1182,100,0.02547160013551967
1183,100,0.02589547569901202
1184,100,0.025372534776867108
1185,100,0.026169265168216403
1186,100,0.02556102685833459
1187,100,0.025714856889644543
1188,100,0.02566939461887118
1189,100,0.025714624795184826
1190,100,0.025567048019569365
1191,100,0.025723567192396275
1192,100,0.02584220600624657
1193,100,0.025656423399271395
1194,100,0.02680673430581502
1195,100,0.025650867087759283
1196,100,0.025928023172317866
1197,100,0.025425598202492263
1198,100,0.025735674108209997
1199,100,0.02582746700512355
1200,100,0.025626201301635374
1201,100,0.02564444336389074
1202,100,0.025773268989160412
1203,100,0.02565914145953143
1204,100,0.02526477903211889
1205,100,0.02595238282698633
1206,100,0.025555903220193396
1207,100,0.025846296282249086
1208,100,0.02553437702065241
1209,100,0.025302271618338153
1210,100,0.025848771181480684
1211,100,0.02599740318140552
1212,100,0.02498609927661603
1213,100,0.025678331941278002
1214,100,0.02551281651415019
1215,100,0.025987693673701445
1216,100,0.026389305057800076
1217,100,0.02573497789509597
1218,100,0.025850537897522854
1219,100,0.025705983354608702
1220,100,0.026139856836758603
1221,100,0.025876632132465154
1222,100,0.025374082611743107
1223,100,0.02581228356935114
1224,100,0.02628380983263758
1225,100,0.025344711857039383
1226,100,0.02581996103064227
1227,100,0.025822867866612177
1228,100,0.02547950512983577
1229,100,0.02587303727390234
1230,100,0.025353014640964552
1231,100,0.02592185079132166
1232,100,0.025684758719555924
1233,100,0.025501927283690176
1234,100,0.025199513566558043
1235,100,0.025444848239622377
1236,100,0.02598433039012019
1237,100,0.025730911941298583
1238,100,0.02498852358898742
1239,100,0.025687225916262844
1240,100,0.026082430146124762
1241,100,0.026118626736906073
1242,100,0.02491086974743898
1243,100,0.02567635281287514
1244,100,0.024834362495984585
1245,100,0.026123298477332052
1246,100,0.02551072290982729
1247,100,0.025244096330867064
1248,100,0.025649032045593982
1249,100,0.0258483786476333
1250,100,0.025733699927353314
1251,100,0.02596124801446637
1252,100,0.02597970216047228
1253,100,0.025551848747329613
1254,100,0.026525191846923226
1255,100,0.025830994286465913
1256,100,0.025866544479104466
1257,100,0.026068584648775765
1258,100,0.025124287946185105
1259,100,0.025704187199883377
1260,100,0.02539771116551282
1261,100,0.02582133771527816
1262,100,0.025543869071590453
1263,100,0.026040693103579204
1264,100,0.0252481922918563
1265,100,0.025364678627696098
1266,100,0.025915934438613918
1267,100,0.025603818572481184
1268,100,0.02581314573659259
1269,100,0.025689785511528458
1270,100,0.0259234715642714
1271,100,0.025417006661579356
1272,100,0.026083911142154862
1273,100,0.02548885241609315
1274,100,0.025415969159114375
1275,100,0.025750624977568498
1276,100,0.024890606108476154
1277,100,0.025499878132647317
1278,100,0.025733932208797133
1279,100,0.025767131158174944
1280,100,0.02580279535130964
1281,100,0.025350340123800632
1282,100,0.02571377102550035
1283,100,0.025483645346605296
1284,100,0.02538825775726014
1285,100,0.02550335330211171
1286,100,0.025663524347084573
1287,100,0.02560387256075654
1288,100,0.025659890558925584
1289,100,0.025997346581728163
1290,100,0.02588541279016126
1291,100,0.026374492746110687
1292,100,0.025441827629827843
1293,100,0.025790245347968983
1294,100,0.025497367241763463
1295,100,0.025300128256453256
1296,100,0.0258073128290897
1297,100,0.025953143995500978
1298,100,0.025693948328695572
1299,100,0.025708094839839907
1300,100,0.0254674758881236
1301,100,0.025545959807415055
1302,100,0.025787601170328495
1303,100,0.025725123806701798
1304,100,0.025743218725166692
1305,100,0.02619255081424246
1306,100,0.02528753457430633
1307,100,0.02537017206430065
1308,100,0.024876253890035015
1309,100,0.02551217618253947
1310,100,0.026209287502271018
1311,100,0.02558986222503937
1312,100,0.025838057655723782
1313,100,0.025967209665039518
1314,100,0.025543394795273476
1315,100,0.026002060123743523
1316,100,0.0258497422416396
1317,100,0.025321066840341695
1318,100,0.025452320034227746
1319,100,0.025742805168611983
1320,100,0.025958144104196237
1321,100,0.025762212877946254
1322,100,0.02587160905442823
1323,100,0.025287563725523352
1324,100,0.02565286048463377
1325,100,0.025479967280790775
1326,100,0.02549622921398525
1327,100,0.02549772292176162
1328,100,0.025387911362652775
1329,100,0.026091142661182856
1330,100,0.02593627194187643
1331,100,0.02656784219680555
1332,100,0.025936374131268466
1333,100,0.025605832979537942
1334,100,0.025216482252699873
1335,100,0.026056715067716837
1336,100,0.02553297842482446
1337,100,0.025776756735390698
1338,100,0.026072169070349992
1339,100,0.025378576926348297
1340,100,0.02493910820165967
1341,100,0.025536949595370208
1342,100,0.025278942569850433
1343,100,0.02604709259854599
1344,100,0.02528843149630891
1345,100,0.02583745059790434
1346,100,0.025237617105407166
1347,100,0.025509736024519985
1348,100,0.026294890957523954
1349,100,0.025774243793217074
1350,100,0.025738127864339298
1351,100,0.025755550232440548
1352,100,0.025501977962110064
1353,100,0.025884133512627142
1354,100,0.02581438868054068
1355,100,0.025823072338726973
1356,100,0.025809741008646605
1357,100,0.02552026942460247
1358,100,0.02588474000817758
1359,100,0.025615120158541983
1360,100,0.026014740027788003
1361,100,0.025868205095459434
1362,100,0.02562045856479782
1363,100,0.02549821698458829
1364,100,0.025613783610480105
1365,100,0.025418617932371722
1366,100,0.025066211853972512
1367,100,0.0257682778005168
1368,100,0.02578073591596143
1369,100,0.02584163416272522
1370,100,0.026213501726018672
1371,100,0.025464682832556436
1372,100,0.02595398117435228
1373,100,0.02494466052964902
1374,100,0.025938544457481
1375,100,0.026124439399800962
1376,100,0.025176322658544567
1377,100,0.025833444707844024
1378,100,0.02551264457010851
1379,100,0.026381520925092463
1380,100,0.02566675312558979
1381,100,0.026332599511563467
1382,100,0.02547149005046653
1383,100,0.02595547108433549
1384,100,0.026019715321204093
1385,100,0.025638724531626675
1386,100,0.025532621264035976
1387,100,0.026123581529148277
1388,100,0.025581011787219717
1389,100,0.025874408910500846
1390,100,0.025712933224331002
1391,100,0.02536846908318941
1392,100,0.025486130047140412
1393,100,0.025859180384227066
1394,100,0.025505225967645633
1395,100,0.026026446840335102
1396,100,0.025339695522232402
1397,100,0.02576286760108787
1398,100,0.02562492053406333
1399,100,0.025224204002507467
1400,100,0.02563332852821029
1401,100,0.02549574987417135
1402,100,0.02537284850849962
1403,100,0.025799523486463173
1404,100,0.025763251058383847
1405,100,0.02612705109943407
1406,100,0.02523780205877142
1407,100,0.025490779084914567
1408,99,0.025434048559742486
1409,99,0.025534825392098393
1410,99,0.025390902627979193
1411,99,0.025426928015799183
1412,99,0.026022669375632072
1413,99,0.02496735690787599
1414,99,0.024775340120948813
1415,99,0.025545997459150413
1416,99,0.025106958819749725
1417,99,0.025540915900244102
1418,99,0.025027168900478833
1419,99,0.025317698550311393
1420,99,0.025285462608569523
1421,99,0.025734919064558857
1422,99,0.025936820520330608
1423,99,0.025231365177452704
1424,99,0.025289796552859695
1425,99,0.02541705401390786
1426,99,0.02536280966445832
1427,99,0.025509571597533254
1428,99,0.025623876443862794
1429,99,0.025689325435667675
1430,99,0.02532038531323316
1431,99,0.025229071478358175
1432,99,0.025659857476659855
1433,99,0.02547833479699416
1434,99,0.025798553188520902
1435,99,0.025743763032895918
1436,99,0.025554644012839526
1437,99,0.02518096786266962
1438,99,0.02512894115984909
1439,99,0.025582804682502267
1440,99,0.025586684988257998
1441,99,0.025001566490823964
1442,99,0.025387178673583265
1443,99,0.025010675394205373
1444,99,0.025624883489819134
1445,99,0.025391132859010915
1446,99,0.025549237759689834
1447,99,0.02529273463096185
1448,99,0.02495992018115921
1449,99,0.024921852383287646
1450,99,0.025142549448062428
1451,99,0.025121618647617954
1452,99,0.025633610848078598
1453,99,0.025261925095936076
1454,99,0.025507995425432937
1455,99,0.02546139939130739
1456,99,0.025613959945355518
1457,99,0.02576188852735597
1458,99,0.025465376364626566
1459,99,0.02552712109325132
1460,99,0.025457780119980362
1461,99,0.025577867171059605
1462,99,0.025565933599045073
1463,99,0.025533260125764814
1464,99,0.025833829285260984
1465,99,0.02519534296674275
1466,99,0.02477860669199651
1467,99,0.02528769002485696
1468,99,0.025581605706032753
1469,99,0.025235712486783093
1470,99,0.026435272686447527
1471,99,0.026100556503854212
1472,99,0.02564230866337894
1473,98,0.025843304072444295
1474,98,0.02551305005236281
1475,98,0.025309713412308393
1476,98,0.025487593094289895
1477,98,0.025097092060312548
1478,98,0.025667683144361096
1479,98,0.02455260357564211
1480,98,0.02658713118091423
1481,98,0.02465251830652969
1482,98,0.025500562802553146
1483,98,0.025361116899418303
1484,98,0.025241927010637558
1485,98,0.025547321541200613
1486,98,0.025073320773050318
1487,98,0.025585417955858798
1488,98,0.025419194818423085
1489,98,0.024766240900243375
1490,98,0.02564748200569082
1491,98,0.025073916538458398
1492,98,0.02480809927638235
1493,98,0.025233467141983337
1494,98,0.025060528007464177
1495,98,0.025137782930168315
1496,98,0.024671638437830656
1497,98,0.025099132583045775
1498,98,0.02495984865856046
1499,98,0.02529886329557681
1500,98,0.02486562194255281
1501,98,0.025325949997492523
1502,98,0.02467127739186395
1503,98,0.025090599843388222
1504,98,0.02534313869438791
1505,98,0.025520380991349373
1506,98,0.025308823449675017
1507,98,0.025798046542805646
1508,98,0.02515905586684983
1509,98,0.025104095003200246
1510,98,0.025746062029420633
1511,98,0.025506752837861725
1512,98,0.024922067109383265
1513,98,0.025272775851068758
1514,98,0.025189349798657293
1515,98,0.025849875076658077
1516,98,0.025673730936801444
1517,98,0.025959630575929434
1518,98,0.02477341153437953
1519,98,0.0246319206884882
1520,98,0.024830505353634732
1521,98,0.025155375597659888
1522,98,0.02481838709645732
1523,98,0.025033400972700397
1524,98,0.02534710463815602
1525,98,0.02537126755066492
1526,98,0.025147816727764782
1527,98,0.025223742667266437
1528,98,0.02512882499887061
1529,98,0.02495423133396623
1530,98,0.025144626666048456
1531,98,0.0253180738021003
1532,98,0.02575024106505663
1533,98,0.024956188138523985
1534,98,0.025449143228570975
1535,98,0.025244407348774672
1536,97,0.025151817172370663
1537,97,0.02507709077554694
1538,97,0.024699635441410166
1539,97,0.025028593913217045
1540,97,0.02485300240929076
1541,96,0.024875623611568455
1542,96,0.02462141829316632
1543,96,0.02515541441924597
1544,96,0.024689647268271525
1545,96,0.02497117336750541
1546,96,0.02467098935605978
1547,95,0.024875428928505097
1548,95,0.02399063591502639
1549,95,0.024304054905662877
1550,95,0.025070076011305606
1551,95,0.024511931723603657
1552,95,0.024337514280339225
1553,95,0.02477438477500128
1554,95,0.024597905465834832
1555,95,0.02440556371508444
1556,95,0.024583022261733128
1557,95,0.02479159933506658
1558,95,0.024473904606318944
1559,95,0.023882345441827026
1560,95,0.024470094684229685
1561,95,0.024732730343492566
1562,95,0.024318841584567957
1563,95,0.024245750462273615
1564,95,0.02464363465649661
1565,95,0.024586273323265587
1566,95,0.024723216887756368
1567,95,0.024644268470193655
1568,95,0.024758766080160425
1569,95,0.024571676244885758
1570,95,0.02402518899813458
1571,95,0.02407906620161108
1572,95,0.024164940083302083
1573,95,0.024532121756854472
1574,95,0.024747247535694492
1575,95,0.024181203556283646
1576,94,0.02471826165018827
1577,94,0.02393673558278195
1578,94,0.02392619705178785
1579,94,0.023821507765096967
1580,94,0.024300876020081883
1581,94,0.024642375907624303
1582,94,0.02452069267046233
1583,94,0.024042950680063662
1584,94,0.023957835027946548
1585,94,0.023653574430369202
1586,94,0.024382378721954187
1587,94,0.02342535829253181
1588,94,0.02478975474509457
1589,94,0.024315349581847407
1590,94,0.024742223598200927
1591,94,0.023698870732277385
1592,94,0.024497990282484134
1593,94,0.024215369066914086
1594,94,0.02446866933633189
1595,94,0.02475896270922928
1596,94,0.024920767954658214
1597,94,0.024078680022673424
1598,94,0.02439236723635417
1599,94,0.024692892766573986
1600,94,0.02444908271996501
1601,94,0.024194163563340997
1602,94,0.024590721793200834
1603,94,0.023966824840484957
1604,94,0.024294204536092212
1605,94,0.024673273130648928
1606,94,0.024571259186609344
1607,94,0.024459984174075185
1608,94,0.02425989927774056
1609,94,0.02420263895096572
1610,94,0.02469606631920683
1611,94,0.024364374696046447
1612,94,0.02505642115831285
1613,94,0.024159231851369527
1614,94,0.024275253360433173
1615,94,0.02433486153553939
1616,94,0.02408977652393932
1617,94,0.023917947818963805
1618,94,0.024690012150248564
1619,94,0.024640929873670555
1620,94,0.02451515055829434
1621,94,0.024550051094307586
1622,94,0.023979241778680566
1623,94,0.023981889621211908
1624,94,0.02388771656286632
1625,94,0.02368655773141976
1626,94,0.024457137407389615
1627,94,0.02409929416914446
1628,94,0.02440104313111533
1629,94,0.024444190304961002
1630,94,0.02477872400265888
1631,94,0.023975510833094488
1632,94,0.02475443057980216
1633,94,0.024081834470339646
1634,94,0.024583052704543452
1635,94,0.024215230142843498
1636,94,0.025006419179933126
1637,94,0.024447356403751883
1638,94,0.02395132984931215
1639,94,0.02429976479390901
1640,94,0.024145125178934416
1641,94,0.024242597981475815
1642,94,0.024638491929682194
1643,94,0.024244382315345054
1644,94,0.02422081336292148
1645,94,0.023944743552159704
1646,94,0.02456586455975824
1647,94,0.024686322804344768
1648,94,0.024845168561326795
1649,94,0.024118610776991203
1650,94,0.02429266573201204
1651,94,0.023743394914725106
1652,94,0.02462548850651104
1653,94,0.024896884388029228
1654,94,0.02381637283528849
1655,94,0.0251288110242642
1656,93,0.0247872564730793
1657,93,0.024279089967098513
1658,93,0.023855420789015886
1659,93,0.02373885495911859
1660,93,0.02417096461568831
1661,92,0.02355366690808156
1662,92,0.024096990623261094
1663,92,0.02372711811632149
1664,92,0.024337672177935206
1665,92,0.023379970673451936
1666,92,0.023742515462697712
1667,92,0.023607821400500023
1668,92,0.023387643473171148
1669,92,0.02350265320507067
1670,92,0.02368771844594703
1671,92,0.02456920639185908
1672,92,0.02357620918022557
1673,92,0.02388342250106421
1674,92,0.02426800353455918
1675,90,0.023995164868676824
1676,90,0.023457285729054866
1677,90,0.023375487581951876
1678,90,0.023682609612532598
1679,90,0.023528776811228745
1680,90,0.023252271321071362
1681,90,0.023650295348564086
1682,90,0.024275665801375673
1683,90,0.02313534674410018
1684,90,0.02278252022655088
1685,90,0.0233988427077918
1686,90,0.023176335244227905
1687,90,0.023645167637438003
1688,90,0.02354768516953142
1689,90,0.023089449102842458
1690,90,0.023153380432941923
1691,90,0.024107473176434857
1692,90,0.023499381398857815
1693,89,0.022746099551764758
1694,89,0.022789729334773717
1695,89,0.024385940305622578
1696,89,0.022886886354005646
1697,89,0.022946216620426615
1698,89,0.02352970167237061
1699,89,0.02367330777313551
1700,89,0.02285128741227477
1701,89,0.02302661782463723
1702,89,0.023943907084837124
1703,89,0.023594284256431425
1704,89,0.022728811588266326
1705,89,0.022967104774382945
1706,89,0.023777494470756572
1707,89,0.023425407707705317
1708,89,0.023309045870789677
1709,89,0.022776774487074863
1710,89,0.02337353111452567
1711,89,0.022629575961621462
1712,89,0.02310925987241658
1713,89,0.022930997310408333
1714,89,0.02323120725944381
1715,89,0.023337908710981473
1716,89,0.023280404226926683
1717,89,0.02348273614208424
1718,89,0.0230433102125701
1719,89,0.022834485375670913
1720,89,0.023163861708933066
1721,89,0.02357906077292169
1722,89,0.02316524035739011
1723,89,0.02379764729178492
1724,89,0.023341969656893072
1725,88,0.023293795680311792
1726,88,0.022370714073624447
1727,88,0.023404308807138265
1728,88,0.023396168448026073
1729,88,0.022737778046693243
1730,88,0.022512645647042605
1731,88,0.023442937743189098
1732,88,0.022780160473355415
1733,88,0.022954852716259817
1734,88,0.023074101040690725
1735,88,0.02337411600875937
1736,88,0.023027718204732914
1737,88,0.022758745252243605
1738,88,0.02297664104408171
1739,87,0.022721052060874138
1740,87,0.02264318188351341
1741,87,0.022764504035742806
1742,87,0.021843052264057545
1743,87,0.022765319726875177
1744,87,0.02307140619252224
1745,87,0.023428744550253802
1746,87,0.02255495934797193
1747,87,0.02299763376008948
1748,87,0.022926626008071424
1749,87,0.02243373590228543
1750,87,0.02308705352557506
1751,87,0.023097426335410513
1752,87,0.023731218971560056
1753,87,0.02290156801213814
1754,87,0.02305900476837393
1755,87,0.023680546975614388
1756,87,0.023148770094900406
1757,87,0.022115424696755506
1758,87,0.023231252493671875
1759,87,0.022899870335971587
1760,87,0.02270835660021965
1761,87,0.022524332430214875
1762,87,0.02356395863585395
1763,87,0.023150077674006803
1764,87,0.022920915187686394
1765,87,0.02274627887945642
1766,87,0.022083643958284896
1767,87,0.023134231238196423
1768,87,0.022827867694176454
1769,87,0.022426357403884534
1770,87,0.023351865105179576
1771,87,0.02348138415937833
1772,87,0.022376418077866722
1773,87,0.023346247265069228
1774,87,0.023003677834798265
1775,87,0.023770175348711065
1776,87,0.022181021734905007
1777,87,0.022404559581756647
1778,87,0.02271380094266059
1779,87,0.02324620524911262
1780,87,0.02306325587595251
1781,87,0.023728040765121035
1782,87,0.023269931566239195
1783,87,0.022846413059364176
1784,87,0.022517333515626892
1785,87,0.022436640418003223
1786,87,0.023211490365236908
1787,87,0.022818484730206173
1788,87,0.02296932354072663
1789,87,0.022287029602737766
1790,87,0.02314416048621556
1791,87,0.023324728228601276
1792,87,0.02346751458913165
1793,87,0.023448606706978417
1794,87,0.022322157465866486
1795,87,0.02277728618888714
1796,87,0.022333204827784177
1797,87,0.022616745334396504
1798,87,0.022740474940465525
1799,87,0.02247408568289042
1800,87,0.022629101819636246
1801,87,0.022106192240341965
1802,87,0.02283932049422342
1803,87,0.022812248552542977
1804,87,0.023241567414499002
1805,87,0.022328839313289803
1806,87,0.022666460290530772
1807,87,0.023112941238866373
1808,87,0.023331542792388055
1809,87,0.02269932684506464
1810,87,0.02244187206644434
1811,87,0.02308273331337066
1812,87,0.022986982359686572
1813,87,0.02328628307816247
1814,87,0.022573877136084452
1815,87,0.023311622613108977
1816,87,0.022585343256968083
1817,87,0.02227996635160124
1818,87,0.023004565066161397
1819,87,0.02278662055259035
1820,87,0.022339604228601
1821,87,0.023342135727084625
1822,87,0.022558775318540437
1823,87,0.023558566209954206
1824,87,0.022911148998393253
1825,87,0.02248366051189608
1826,87,0.023351878505360732
1827,87,0.023220048526030837
1828,87,0.02356681366357246
1829,87,0.022791781098107703
1830,87,0.023023277636846064
1831,87,0.022625973875941452
1832,87,0.022637311075960814
1833,87,0.02306032609039478
1834,87,0.022263664925276098
1835,87,0.02231381052586206
1836,87,0.023333422644784604
1837,87,0.022492479045135728
1838,87,0.022899307143993717
1839,87,0.023090767409523254
1840,87,0.022570031052796372
1841,87,0.022623441869949964
1842,87,0.02262740990004542
1843,87,0.022554567651600032
1844,87,0.02283833567918991
1845,87,0.022454659849957228
1846,87,0.02320500901790289
1847,87,0.023251997839457198
1848,87,0.02274121544870919
1849,87,0.0238583447271446
1850,87,0.022442712547732824
1851,87,0.023081305286919495
1852,87,0.023056564259115026
1853,87,0.022899549632260714
1854,87,0.022537612432473066
1855,86,0.02213967930255556
1856,86,0.022119023945757342
1857,86,0.022372209209640562
1858,86,0.02248128295696365
1859,86,0.022535526353655425
1860,86,0.023117618324790704
1861,86,0.02290900749056238
1862,86,0.022652453271467206
1863,86,0.02219325105007701
1864,85,0.02342698899392466
1865,85,0.02288401365875896
1866,85,0.022564889675449167
1867,85,0.02291202115204919
1868,85,0.02157019037773916
1869,85,0.021547025861045354
1870,85,0.02274127073164639
1871,85,0.02203784361236775
1872,85,0.02218588684409898
1873,85,0.02167074417311788
1874,85,0.022278285521490956
1875,85,0.02422582413176399
1876,85,0.022250208454211638
1877,84,0.022203765020217616
1878,84,0.021909837423638417
1879,84,0.02187035967420269
1880,84,0.02200662166239061
1881,84,0.02157914198651455
1882,84,0.02260431537406169
1883,84,0.022253056507275347
1884,84,0.022492544483957877
1885,84,0.022602364041968234
1886,84,0.02226098489740595
1887,84,0.022257627189750072
1888,84,0.022180766294677755
1889,84,0.022014402178150955
1890,84,0.02158587224151502
1891,84,0.022736063887067903
1892,84,0.022200084637858112
1893,84,0.02181407047074465
1894,84,0.022833677190977848
1895,84,0.021961421170515145
1896,84,0.023041744945463908
1897,84,0.022100890752265255
1898,84,0.02265420169240489
1899,84,0.021941986445882064
1900,84,0.02293896061032445
1901,84,0.022022685672410267
1902,84,0.022251319121821288
1903,84,0.023067979148461242
1904,84,0.023601869558161338
1905,84,0.022910542277617917
1906,84,0.021823926001797982
1907,84,0.021832386628387785
1908,84,0.022205214617646733
1909,84,0.022647629753056675
1910,84,0.021933292890873306
1911,84,0.02218528747007445
1912,83,0.022196275925125648
1913,83,0.021653953626845343
1914,83,0.022653388552467794
1915,83,0.022558626963036843
1916,83,0.021791242076350435
1917,83,0.02178227524144047
1918,83,0.022289861351792038
1919,83,0.02158756030997584
1920,83,0.022674178097012127
1921,83,0.022638355022743143
1922,83,0.022285663727137476
1923,83,0.021861083247925576
1924,83,0.021408791020362233
1925,82,0.02212017986475597
1926,82,0.021438488049778416
1927,82,0.02197035164835689
1928,82,0.02154786827880852
1929,82,0.021278008653855374
1930,81,0.022359777695905567
1931,81,0.02124515005736376
1932,81,0.021912785249245652
1933,81,0.022211727424999998
1934,81,0.021216690363272693
1935,81,0.022046812701762723
1936,81,0.022342169260606778
1937,81,0.02228671414565512
1938,79,0.02158844997407986
1939,79,0.020332624907360056
1940,79,0.020934103497092203
1941,79,0.021265612573255203
1942,79,0.021406538278137065
1943,79,0.020557273582405642
1944,79,0.02173352280711955
1945,79,0.02095190829411117
1946,79,0.020499575830325686
1947,79,0.021486741281166014
1948,78,0.020593388278102136
1949,78,0.02049736041850172
1950,78,0.021370337894448397
1951,78,0.02034837452251859
1952,78,0.021154793656224382
1953,78,0.02077088086381934
1954,78,0.021240479324467192
1955,78,0.021112242802485606
1956,78,0.02154331620397439
1957,78,0.020662987720158527
1958,78,0.020413048656713343
1959,78,0.02247353551880454
1960,78,0.0212044220295573
1961,78,0.020803353054766854
1962,78,0.02179162737936438
1963,78,0.021941573000297417
1964,78,0.021078403159998208
1965,78,0.022458069589801646
1966,78,0.019991738033205305
1967,78,0.02125390585954992
1968,78,0.021424775204526337
1969,78,0.020793229513998267
1970,78,0.02098894175932138
1971,78,0.02240867224793219
1972,78,0.020881482334352393
1973,78,0.020507189395349384
1974,78,0.02076234265467435
1975,78,0.02002994062786909
1976,78,0.020677336666100374
1977,78,0.02073232870418381
1978,78,0.022082541986461406
1979,78,0.021278794283401896
1980,78,0.02326442659039639
1981,78,0.02121740138256163
1982,78,0.021473726090661494
1983,78,0.02077193834142687
1984,78,0.020453951447882212
1985,77,0.0216146958721064
1986,77,0.020593368217347474
1987,77,0.021681190323813486
1988,77,0.020324011388397935
1989,77,0.020874202236496844
1990,77,0.020919576015322343
1991,77,0.021369743865563163
1992,77,0.0206080441304463
1993,77,0.021498952414502195
1994,77,0.021046418476515272
1995,77,0.02052116190770434
1996,77,0.021543403602003294
1997,76,0.020596632964154843
1998,76,0.020495710708661304
1999,76,0.019553482531910967
2000,76,0.02042996012208888
2001,76,0.022149351056589925
2002,76,0.02082135695042426
2003,76,0.02040439755637964
2004,76,0.021902633229537317
2005,76,0.02032848447618238
2006,76,0.020290797096453667
2007,76,0.020973657530992194
2008,76,0.02110204549930184
2009,76,0.02086546212478486
2010,76,0.02115975296472855
1,100,0.02572710163255489
2,100,0.02567270605765339
3,100,0.025128762165057952
4,100,0.025068279557661333
5,100,0.025062061533213633
6,100,0.02505951921495661
7,100,0.025427726214651527
8,100,0.02561795298327844
9,100,0.025196250268222142
10,100,0.02545790643693521
11,100,0.024784299566499215
12,100,0.025276141432382975
13,100,0.0253866928276877
14,100,0.025305894058243017
15,100,0.024871309447056754
16,100,0.02567010905861139
17,100,0.02553281056912033
18,100,0.02511083589508016
19,100,0.02550109731439359
20,100,0.025400312208155258
21,100,0.025047322556599402
22,100,0.024844846617877784
23,100,0.02541064072038685
24,100,0.02526590913312475
25,100,0.02476482054568292
26,100,0.025095103806652058
27,100,0.02558249807256594
28,100,0.025161100085578363
29,100,0.025166236788093658
30,100,0.024928466807232694
31,100,0.02485087476297827
32,100,0.024416723283491183
33,100,0.025011270323293398
34,100,0.02463360554502392
35,100,0.02556008577175326
36,100,0.025649455748354644
37,100,0.025073915161705533
38,100,0.026066166046818204
39,100,0.025681264889940394
40,100,0.024800448896230145
41,100,0.025205530982140494
42,100,0.02521807937553807
43,100,0.025350956151084514
44,100,0.025891151193860526
45,100,0.02566922835942308
46,100,0.02526348902882151
47,100,0.025496072980134975
48,100,0.024841974893462945
49,100,0.025173084466349537
50,100,0.025233541971398224
51,100,0.02535995126239368
52,100,0.025102908260828203
53,100,0.02549473111509538
54,100,0.024958580471722447
55,100,0.02487077046904506
56,100,0.025391004928926476
57,100,0.02492943491977851
58,100,0.02515695753963517
59,100,0.025415752950647647
60,100,0.02504242527770876
61,100,0.025776834222332904
62,100,0.02503118959210412
63,100,0.024710279795174
64,100,0.02584503265877126
65,100,0.02489697212296276
66,100,0.024879166521287598
67,100,0.025764261189074544
68,100,0.02536263183088864
69,100,0.02571804743510363
70,100,0.025891911513050356
71,100,0.025495326934740818
72,100,0.025194785444747046
73,100,0.025872509454937773
74,100,0.02553310001016884
75,100,0.025397197510629417
76,100,0.02524866430065528
77,100,0.025598721921481753
78,100,0.02524928400017159
79,100,0.025830129014163532
80,100,0.025649236387303473
81,100,0.0257667589008078
82,100,0.025214410020466708
83,100,0.02529633631431903
84,100,0.025296862881465088
85,100,0.025698807784242175
86,100,0.025286151267807404
87,100,0.024918034755156852
88,100,0.025359323755073715
89,100,0.02482499453949651
90,100,0.025424246977519473
91,100,0.02481269365254935
92,100,0.025585869647985933
93,100,0.025515502631859473
94,100,0.02527546205684719
95,100,0.024992904020982677
96,100,0.025583783610438143
97,100,0.02538941037191777
98,100,0.025350332238763373
99,100,0.025569638213588267
100,100,0.025033081810514182
101,100,0.025383987714427493
102,100,0.02505226294021031
103,100,0.025167817274629366
104,100,0.025334327872150706
105,100,0.02543401705073506
106,100,0.024966099708135597
107,100,0.025166858730719277
108,100,0.0249601501919283
109,100,0.025218117227236672
110,100,0.025143799580452087
111,100,0.025493880585634628
112,100,0.02531625519889379
113,100,0.025529214067154127
114,100,0.02557534180953348
115,100,0.02536526073453967
116,100,0.025124178094568617
117,100,0.02505500103765518
118,100,0.024627479624215458
119,100,0.02482892178223089
120,100,0.02523203261708167
121,100,0.025355815452443576
122,100,0.02506895096716653
123,100,0.025466757060934198
124,100,0.024989113404263467
125,100,0.025564360210743677
126,100,0.024731193322602374
127,100,0.02517988160132579
128,100,0.025028575698105585
129,100,0.025098530342154163
130,100,0.025377431336613764
131,100,0.025474195034601684
132,100,0.025220349431158463
133,100,0.02468063094787853
134,100,0.02507154318715206
135,100,0.025188635843880324
136,100,0.02559528832384054
137,100,0.02538545037396762
138,100,0.025584073573943534
139,100,0.025110144064680505
140,100,0.025013326207095853
141,100,0.024931404491520332
142,100,0.02508488386663342
143,100,0.024884406696755876
144,100,0.025568182382345143
145,100,0.025829337248560253
146,100,0.02547389806033829
147,100,0.025396898500810876
148,100,0.025221992777487115
149,100,0.025006739387136257
150,100,0.025025983865467352
151,100,0.0255895731831566
152,100,0.025396892797763707
153,100,0.0252280548612907
154,100,0.025104180041433843
155,100,0.025096669080909097
156,100,0.024913964023327972
157,100,0.025237307549252425
158,100,0.02534325629503063
159,100,0.025862647353954004
160,100,0.02542224743137232
161,100,0.02539587742488365
162,100,0.02561869443101098
163,100,0.025641723042584746
164,100,0.024904905695946392
165,100,0.025411450223289535
166,100,0.025513071290946522
167,100,0.025469894278166944
168,100,0.0254245236662872
169,100,0.025024206581795362
170,100,0.025362071233414975
171,100,0.024927232568864297
172,100,0.0253452288906196
173,100,0.0254398094422615
174,100,0.025292685856574924
175,100,0.02545522139132193
176,100,0.026162037682303435
177,100,0.024728351160970826
178,100,0.025261956244951273
179,100,0.025351283455476863
180,100,0.02503709252915081
181,100,0.025277718036128275
182,100,0.02545582824088931
183,100,0.024860056325116
184,100,0.024948918029078164
185,100,0.025126987633879164
186,100,0.02467735593142646
187,100,0.024991949315279732
188,100,0.025758836330969665
189,100,0.02550758772185622
190,100,0.025093111057511167
191,100,0.024997045226329485
192,100,0.025312837942188464
193,100,0.02525478534320206
194,100,0.02501606431158984
195,100,0.024886816844116824
196,100,0.02595154573495592
197,100,0.02552136794265133
198,100,0.025008771491038553
199,100,0.02510396650720709
200,100,0.025216591450613772
201,100,0.02521282879415521
202,100,0.02483924847167576
203,100,0.025560036277457454
204,100,0.025327214098740686
205,100,0.02509208777810923
206,100,0.02591836801010514
207,100,0.02545342369764522
208,100,0.024934134865474227
209,100,0.02521088386480748
210,100,0.02586309504330997
211,100,0.02567475871695378
212,100,0.024996456230599137
213,100,0.02528953481078374
214,100,0.025246039649110034
215,100,0.02507988013757121
216,100,0.02495977525947012
217,100,0.02546621318091361
218,100,0.024905016541075718
219,100,0.0254008150699556
220,100,0.025387604790274146
221,100,0.025567779799361277
222,100,0.02472907691681607
223,100,0.024824552241775003
224,100,0.025238136639431957
225,100,0.025652982957161088
226,100,0.025171276350151824
227,100,0.02556383450263779
228,100,0.02567606142510453
229,100,0.02521129831511496
230,100,0.025179894832951768
231,100,0.02545108081806346
232,100,0.02618508747291393
233,100,0.025734449599091345
234,100,0.025414495284562223
235,100,0.025370523639622583
236,100,0.025511213569562343
237,100,0.025131390530999203
238,100,0.025512258762780758
239,100,0.025415770217154472
240,100,0.02513745325262478
241,100,0.025317153143827542
242,100,0.025364397889619417
243,100,0.025500090531136905
244,100,0.025356694917683324
245,100,0.025289997350186628
246,100,0.02514420204978713
247,100,0.02557469440396351
248,100,0.025262198645931752
249,100,0.025086172754491
250,100,0.02542106592775004
251,100,0.025948138700447206
252,100,0.025010836081663452
253,100,0.025293791550144565
254,100,0.025532677649302532
255,100,0.02548181943180229
256,100,0.025406701954900666
257,100,0.025344426216939976
258,100,0.02545568007958523
259,100,0.025158750852475344
260,100,0.02513541850666761
261,100,0.02526203987429652
262,100,0.02538262282834669
263,100,0.02526402668121871
264,100,0.02536864413415532
265,100,0.024811834198775726
266,100,0.025799895257120998
267,100,0.024841724379815494
268,100,0.02526849231952603
269,100,0.025646376087891245
270,100,0.024812945401783096
271,100,0.02540682162201487
272,100,0.025225659615153374
273,100,0.025415627935253288
274,100,0.026089016259925105
275,100,0.025766924531764133
276,100,0.025407956288435816
277,100,0.025327591936690916
278,100,0.025218531236981333
279,100,0.024996527571729488
280,100,0.024973933656457874
281,100,0.025335021503633745
282,100,0.02557988639432783
283,100,0.02513893797025898
284,100,0.02488085193220044
285,100,0.02472935332375192
286,100,0.0252366630139441
287,100,0.025285157185149093
288,100,0.025353989026340853
289,100,0.024997301052630427
290,100,0.025596165049291224
291,100,0.02508875975462102
292,100,0.02545452295671873
293,100,0.02556957825916248
294,100,0.025235410215046376
295,100,0.0248818661595634
296,100,0.024739476897361848
297,100,0.025196631943044022
298,100,0.02528702464093833
299,100,0.025161293467522067
300,100,0.02560007981176802
301,100,0.025409999369374537
302,100,0.025496717543070032
303,100,0.025718455077228836
304,100,0.025593535455649324
305,100,0.025522329537536338
306,100,0.024920678007916575
307,100,0.025396932118333316
308,100,0.02539270681215823
309,100,0.025372818241389743
310,100,0.02512866668384145
311,100,0.02570182298243991
312,100,0.02509359214396922
313,100,0.02532172298273756
314,100,0.025339038702451966
315,100,0.02531501407707009
316,100,0.025174681488229884
317,100,0.025327821710507906
318,100,0.02513206108643564
319,100,0.025624042468806868
320,100,0.02507708104230735
321,100,0.025455314728197335
322,100,0.0256783430259795
323,100,0.02564164215074824
324,100,0.025752946198866197
325,100,0.025528962960921928
326,100,0.025604661148989714
327,100,0.025129654112715505
328,100,0.02574084838676088
329,100,0.0251527448047938
330,100,0.025231962357787536
331,100,0.02519859336477748
332,100,0.025612354503698413
333,100,0.02534433932141402
334,100,0.02529741018400157
335,100,0.024638286186977405
336,100,0.02481885091165445
337,100,0.025047221350617287
338,100,0.02502854578899453
339,100,0.025361665536773312
340,100,0.02477817638906235
341,100,0.02537667677319798
342,100,0.024933945669303136
343,100,0.024797166002240835
344,100,0.024988409321285824
345,100,0.025071638254778296
346,100,0.0251983707884431
347,100,0.025179256883131367
348,100,0.025514296148687166
349,100,0.024912238318671273
350,100,0.025319282841181436
351,100,0.025232483057734824
352,100,0.025726546443147327
353,100,0.02499222274367375
354,100,0.02571565304299936
355,100,0.025529408854694253
356,100,0.025007363442824244
357,100,0.025035332056757183
358,100,0.024818637504077673
359,100,0.024664819500429154
360,100,0.025249544357697367
361,100,0.025272886430842714
362,100,0.025341415716285367
363,100,0.02473153923635766
364,100,0.0252702964700318
365,100,0.025415019473818315
366,100,0.025164274536782046
367,100,0.024949744568485983
368,100,0.025295603588687317
369,100,0.02540465569713725
370,100,0.02511886516775048
371,100,0.025029866348301986
372,100,0.02521254949453041
373,100,0.024784865560174354
374,100,0.02556248933952473
375,100,0.02525274822638962
376,100,0.024884040454203785
377,100,0.025476654778988018
378,100,0.0257371932845454
379,100,0.025269825220422485
380,100,0.025182980262449955
381,100,0.025269552068044855
382,100,0.02537845353156759
383,100,0.025764681861690203
384,100,0.02522867077238612
385,100,0.02568624086209471
386,100,0.025867729449725325
387,100,0.025208141950214452
388,100,0.025288056795956446
389,100,0.02582960991281768
390,100,0.025383926399978576
391,100,0.0258001142084899
392,100,0.024904066474424783
393,100,0.02520131896325974
394,100,0.025310590473539583
395,100,0.02552842234232361
396,100,0.02502648916907262
397,100,0.025457043043696323
398,100,0.02510872796493168
399,100,0.02525722763902318
400,100,0.025614169944544178
401,100,0.02524465658333001
402,100,0.02562447389919003
403,100,0.025758937926851105
404,100,0.02534360978347569
405,100,0.025648248606939737
406,100,0.025428948629054652
407,100,0.024981525176094543
408,100,0.025731571457829203
409,100,0.02505345263607172
410,100,0.025468329483809043
411,100,0.024964942234660645
412,100,0.025049200685238995
413,100,0.02557610905466716
414,100,0.02560540189457754
415,100,0.02497697361879281
416,100,0.02561301161414351
417,100,0.025866807448380963
418,100,0.025322342889352513
419,100,0.024984171096215795
420,100,0.02551877482354098
421,100,0.024994356564778997
422,100,0.025200476633671674
423,100,0.02512449435645575
424,100,0.025429889749248282
425,100,0.025750923209582638
426,100,0.025552048801187197
427,100,0.024830937561829112
428,100,0.02527437377541143
429,100,0.025618443628961266
430,100,0.02452359604820166
431,100,0.02613673635913355
432,100,0.02556999819705883
433,100,0.025260072789765785
434,100,0.025662905400720235
435,100,0.025337079918319138
436,100,0.025327376231314265
437,100,0.02555789958903724
438,100,0.025643185108015755
439,100,0.024912293864213446
440,100,0.025405126443050083
441,100,0.02520962308600763
442,100,0.025393004706520818
443,100,0.025102618904420695
444,100,0.024859004393009566
445,100,0.025095224892428408
446,100,0.02501332115274694
447,100,0.025060265729378126
448,100,0.025264394187305462
449,100,0.025542448951121854
450,100,0.02550986258762711
451,100,0.02528943622673358
452,100,0.025682883577663226
453,100,0.025187685970785797
454,100,0.024829106784440242
455,100,0.025244514271445074
456,100,0.02514075050842694
457,100,0.0254246491460013
458,100,0.024768452733717097
459,100,0.025732163550494153
460,100,0.02561701636067655
461,100,0.02500094211928807
462,100,0.024717228723599424
463,100,0.025719569210472006
464,100,0.025054547592818943
465,100,0.025456894489795358
466,100,0.025526210543137626
467,100,0.025741133950010757
468,100,0.025527437115736677
469,100,0.02554937804751267
470,100,0.025194293652773377
471,100,0.025605160560443235
472,100,0.025467516381964032
473,100,0.02537176824879309
474,100,0.024925662137629517
475,100,0.024990332072227336
476,100,0.025671678845824587
477,100,0.025357649523318065
478,100,0.025969119442131757
479,100,0.02521275242349138
480,100,0.025184348987104022
481,100,0.025817003770753886
482,100,0.025233039613549516
483,100,0.025102222356377792
484,100,0.025052574399831263
485,100,0.025903105481395527
486,100,0.024699569891583475
487,100,0.02495531242851532
488,100,0.025096155809631232
489,100,0.025341717308065705
490,100,0.02505389654862311
491,100,0.025345776483171437
492,100,0.02559450490189301
493,100,0.025189319061916463
494,100,0.025451875943677607
495,100,0.025724921209714376
496,100,0.024955314592508528
497,100,0.024873075859869247
498,100,0.025169917128249772
499,100,0.024929539897539328
500,100,0.025484304236340283
501,100,0.024993841764674195
502,100,0.024639570914209565
503,100,0.02509821632368147
504,100,0.025041562742520403
505,100,0.025459945228475115
506,100,0.024907793951246142
507,100,0.02486630443226273
508,100,0.025072424165007372
509,100,0.02520517597779677
510,100,0.02541945178246193
511,100,0.02545015721107017
512,100,0.02521375546972975
513,100,0.025339265547226347
514,100,0.025431627323313038
515,100,0.0260569663427035
516,100,0.025621942386201902
517,100,0.026160055835443726
518,100,0.025731632835976993
519,100,0.025039111694428177
520,100,0.02529199121633966
521,100,0.02605718990299434
522,100,0.02526839090917075
523,100,0.02516935026479986
524,100,0.025244327029109653
525,100,0.02546972217862516
526,100,0.025144177731041942
527,100,0.025031313906693685
528,100,0.02517331453383748
529,100,0.025051535352859103
530,100,0.024551190133966592
531,100,0.025617635524514244
532,100,0.02478016363635907
533,100,0.025887390618680055
534,100,0.025179685127061566
535,100,0.02560973702767243
536,100,0.025009255649584505
537,100,0.025397521374755504
538,100,0.024943553645633765
539,100,0.02600136338121401
540,100,0.024856586191843055
541,100,0.025504678800928667
542,100,0.02510907150873292
543,100,0.025859987938433984
544,100,0.025560701486410764
545,100,0.0247677942809329
546,100,0.024871916138429716
547,100,0.025206891872585697
548,100,0.02529882281559277
549,100,0.025661975435298443
550,100,0.025125295535530043
551,100,0.025503749955151787
552,100,0.025275425811163862
553,100,0.025454467499080886
554,100,0.025209440651761793
555,100,0.02488346680703635
556,100,0.02479113861473063
557,100,0.025218714661116113
558,100,0.025700931979945035
559,100,0.025343758276486453
560,100,0.02493346281630519
561,100,0.02567627868534206
562,100,0.025119598653304317
563,100,0.024969328908425525
564,100,0.025587876986149227
565,100,0.025193937635180897
566,100,0.025488657325287368
567,100,0.02505677038044865
568,100,0.02472516139907187
569,100,0.02543506309016018
570,100,0.025251371112958377
571,100,0.025054464651318126
572,100,0.02545195925171801
573,100,0.025061324778900742
574,100,0.025515060703773212
575,100,0.025225152145188112
576,100,0.025378368159442923
577,100,0.02543393649546919
578,100,0.024798529063271096
579,100,0.025015739375413588
580,100,0.025574768470339643
581,100,0.025165238513096905
582,100,0.025126149353336534
583,100,0.025733373557557723
584,100,0.02520243577512341
585,100,0.02630148195609489
586,100,0.024718537595801157
587,100,0.024826853173544418
588,100,0.025578975193594814
589,100,0.02549751116345953
590,100,0.025229515352024594
591,100,0.02494027411972866
592,100,0.025504618622900807
593,100,0.02538024520056737
594,100,0.025600012602715865
595,100,0.025360910934146982
596,100,0.025327312243356884
597,100,0.025529463561568287
598,100,0.02543974972321009
599,100,0.025189648447633894
600,100,0.025452701101420058
601,100,0.02506902850910439
602,100,0.02487755433853875
603,100,0.02549222172422542
604,100,0.02530047577006459
605,100,0.025655829280744436
606,100,0.025258703347957396
607,100,0.025247129121047183
608,100,0.025952548694583515
609,100,0.025033857039394654
610,100,0.02562445831021242
611,100,0.02521690365061532
612,100,0.025264246016688675
613,100,0.02537864898322004
614,100,0.025229633864791264
615,100,0.02595021828026637
616,100,0.025532368925128758
617,100,0.025472763172024005
618,100,0.024708489402988903
619,100,0.025630215407217313
620,100,0.025475931971344123
621,100,0.025024340769529804
622,100,0.025047703929107497
623,100,0.025375018748009185
624,100,0.02565414843878578
625,100,0.025827011636460787
626,100,0.02532059688108068
627,100,0.025212447198460382
628,100,0.024962291080555973
629,100,0.025178365443584812
630,100,0.025717077389063044
631,100,0.024709465674856327
632,100,0.025464303117083673
633,100,0.025450263724627272
634,100,0.02582727526170282
635,100,0.025394392580827777
636,100,0.02521096732257939
637,100,0.024521370487979706
638,100,0.025268673853208752
639,100,0.02524483259479112
640,100,0.02551806650859302
641,100,0.024993856457711554
642,100,0.025571525987193547
643,100,0.025312836407659047
644,100,0.02553023107182451
645,100,0.024831025295779654
646,100,0.02545375792460121
647,100,0.0255834849370803
648,100,0.024636032805747717
649,100,0.025460064571282488
650,100,0.02510248326228257
651,100,0.025458161716787744
652,100,0.02511699010470521
653,100,0.025284520945190687
654,100,0.02507188790929222
655,100,0.025727875747745224
656,100,0.02538326859155477
657,100,0.025608333204184326
658,100,0.02558256277049968
659,100,0.025373326250447782
660,100,0.025329248307660535
661,100,0.02501255204671408
662,100,0.024847847216658458
663,100,0.025440812627322163
664,100,0.024945527089648624
665,100,0.025957985849080798
666,100,0.024667539859000366
667,100,0.025234195622366402
668,100,0.025459334201943504
669,100,0.02504901540813095
670,100,0.02506713268634073
671,100,0.02464708587036881
672,100,0.025217101766772863
673,100,0.024912240124085817
674,100,0.02506848800679194
675,100,0.025031478027218383
676,100,0.02490514859920219
677,100,0.02607922626340258
678,100,0.025178683443934077
679,100,0.02579752795406265
680,100,0.02570201327263847
681,100,0.025108289741819736
682,100,0.024977194931489644
683,100,0.025429462701372477
684,100,0.02576063751014014
685,100,0.025519837615820343
686,100,0.025085509046538296
687,100,0.02569122352179765
688,100,0.02525000997322973
689,100,0.02525609915732384
690,100,0.024878632786801504
691,100,0.02529072983686912
692,100,0.0249005082712837
693,100,0.02554565310100427
694,100,0.025462081059348465
695,100,0.025678335121944663
696,100,0.025258655785801446
697,100,0.02561427649307699
698,100,0.025525604570345743
699,100,0.02547033235694517
700,100,0.025526711964187765
701,100,0.024966891097386312
702,100,0.025928017950339565
703,100,0.025681966099461346
704,100,0.02556190823671807
705,100,0.025604089522222453
706,100,0.025292738076188193
707,100,0.02531365555341538
708,100,0.02533844940572434
709,100,0.024799111080106566
710,100,0.025683850808838383
711,100,0.025430585075684593
712,100,0.025624388590841485
713,100,0.025283861862495552
714,100,0.02505921908100679
715,100,0.026350775619912583
716,100,0.025269076757034183
717,100,0.025070008475764148
718,100,0.025078078265640284
719,100,0.02560154930186759
720,100,0.02550620448111913
721,100,0.02541016087392557
722,100,0.0251475278456719
723,100,0.02488756439698666
724,100,0.024994072764422413
725,100,0.02536655275315395
726,100,0.025131108427003744
727,100,0.02492976222813887
728,100,0.025475214877678856
729,100,0.025700454609957575
730,100,0.025308971237814618
731,100,0.025030460709087453
732,100,0.025819983208176456
733,100,0.025282574923837925
734,100,0.025740311493808204
735,100,0.02575295364720235
736,100,0.02521683423100436
737,100,0.025474389413354323
738,100,0.02520034618184782
739,100,0.024961168404874046
740,100,0.025320446202310852
741,100,0.025231989973080807
742,100,0.025117566785339274
743,100,0.02478657610251279
744,100,0.02542845404194046
745,100,0.02552205224344205
746,100,0.025370472571963638
747,100,0.02476172159483845
748,100,0.02546177963336594
749,100,0.025752921521027868
750,100,0.025804841520240655
751,100,0.02505258111493642
752,100,0.025915650440152788
753,100,0.025282636937100374
754,100,0.024993332317148797
755,100,0.024926527174090347
756,100,0.02574488088215531
757,100,0.025196055744087346
758,100,0.025487354893489855
759,100,0.025030200454643752
760,100,0.025141547078500158
761,100,0.02501634974109617
762,100,0.0258930231775535
763,100,0.025199066767548368
764,100,0.025196631977280604
765,100,0.02514304157966475
766,100,0.02511569265701236
767,100,0.0253363129953443
768,100,0.025805647042951865
769,100,0.02550173795271992
770,100,0.025975071697426362
771,100,0.025064433825620094
772,100,0.025189688336492155
773,100,0.02530274464585693
774,100,0.02555808052300597
775,100,0.024762163190428902
776,100,0.025141528262650877
777,100,0.02515693468323592
778,100,0.025040148075318732
779,100,0.024887841117158502
780,100,0.025389034165795264
781,100,0.025773152424701316
782,100,0.02539558172724454
783,100,0.02569298236064531
784,100,0.02551845558836349
785,100,0.02567299519489655
786,100,0.02505946573399249
787,100,0.02512383188219369
788,100,0.025134844616042918
789,100,0.024974171380364434
790,100,0.025331356327466425
791,100,0.02533894148775384
792,100,0.02493387138982666
793,100,0.025433202255903547
794,100,0.025182940720753333
795,100,0.02543103525093889
796,100,0.025449557318342062
797,100,0.024854148851575726
798,100,0.02516257038264368
799,100,0.025397328784636665
800,100,0.02481567007394366
801,100,0.025130596129250133
802,100,0.025283470494886478
803,100,0.0252275142968755
804,100,0.025907032427660327
805,100,0.025735528166592123
806,100,0.025695740212289438
807,100,0.02482358510434381
808,100,0.02534916353290499
809,100,0.025649059774996014
810,100,0.025970796053029037
811,100,0.025716539310836128
812,100,0.025749748350303504
813,100,0.025835425298716186
814,100,0.025550033441832338
815,100,0.025136577368739872
816,100,0.02511705160611868
817,100,0.025395840019168628
818,100,0.025506251226978187
819,100,0.025340228932170764
820,100,0.025474716071692435
821,100,0.025104500719166117
822,100,0.025224304568499965
823,100,0.0253282019544561
824,100,0.025715112017206117
825,100,0.025625781522130953
826,100,0.025238024703120327
827,100,0.02531139531499827
828,100,0.024702576796246413
829,100,0.025351133933416724
830,100,0.02513381427789101
831,100,0.0254071745041401
832,100,0.025071113722731003
833,100,0.024976752006659084
834,100,0.02512799317665905
835,100,0.025334542474855573
836,100,0.02527165216402683
837,100,0.02567076973105728
838,100,0.025532339120855934
839,100,0.025341339568627635
840,100,0.025456445458329383
841,100,0.02593659753471058
842,100,0.025127223988368242
843,100,0.025314935441567286
844,100,0.02525571583804619
845,100,0.02541138268621203
846,100,0.0255105768631364
847,100,0.025432650598233707
848,100,0.02551247343024498
849,100,0.02571572882494847
850,100,0.02529099315613816
851,100,0.02594337949667554
852,100,0.025126027983976933
853,100,0.025508008324760786
854,100,0.025173877953360676
855,100,0.02601264076681846
856,100,0.02556291061306575
857,100,0.02530479183571579
858,100,0.025161792333151148
859,100,0.02536648764276757
860,100,0.025311746063156854
861,100,0.025512026253750843
862,100,0.024941999709343396
863,100,0.02542847969985764
864,100,0.025634792876570923
865,100,0.02535520341827349
866,100,0.02554247288816445
867,100,0.025195535691878074
868,100,0.02551819491904212
869,100,0.025430224573831997
870,100,0.026493252137501002
871,100,0.02464012082260577
872,100,0.0253733387882485
873,100,0.025349784332178025
874,100,0.02514814439758399
875,100,0.02519405192074156
876,100,0.025274507106503922
877,100,0.02549394338324231
878,100,0.025684542529913618
879,100,0.025269943856599884
880,100,0.02498551385871797
881,100,0.025714809741325527
882,100,0.025474690105267983
883,100,0.025580765169086975
884,100,0.025121485140245634
885,100,0.025971076424589994
886,100,0.025649760023263062
887,100,0.02521741998316968
888,100,0.025606552661853733
889,100,0.02549396667711095
890,100,0.025385156411270787
891,100,0.02525290322031468
892,100,0.0253332738637412
893,100,0.024941413919210915
894,100,0.025586542533600633
895,100,0.025656945279411706
896,100,0.02560830226761477
897,100,0.024807991064076582
898,100,0.025583435092063032
899,100,0.024972584423046423
900,100,0.02480493625620349
901,100,0.025173599226440288
902,100,0.024729982290064588
903,100,0.025154626949685614
904,100,0.025536390070360952
905,100,0.025820919981149888
906,100,0.0249737838863668
907,100,0.024896985578378314
908,100,0.025043188404789432
909,100,0.025419120592455772
910,100,0.024907180275574047
911,100,0.025254105969863102
912,100,0.02577376801818854
913,100,0.02497182292085086
914,100,0.02534198255294215
915,100,0.025127282622591535
916,100,0.02490712282445801
917,100,0.0255886428400008
918,100,0.025353715441352228
919,100,0.025243945370819594
920,100,0.02555225535732248
921,100,0.025705440096651183
922,100,0.02545743835455047
923,100,0.02567583129675889
924,100,0.025188597439980205
925,100,0.025577504530221562
926,100,0.025665450782595724
927,100,0.024296400321351774
928,100,0.025238382756125208
929,100,0.025578839241488592
930,100,0.025167928164907913
931,100,0.025384458193823525
932,100,0.024622517335399916
933,100,0.025207768167789687
934,100,0.025362604979342864
935,100,0.025524993549081013
936,100,0.02485602810546027
937,100,0.025569456862073618
938,100,0.025310946847397986
939,100,0.025445977676689043
940,100,0.025447379692498003
941,100,0.02541543314799326
942,100,0.025361731325964854
943,100,0.025491336720881465
944,100,0.025255318852061885
945,100,0.02565663463365046
946,100,0.025487269451952177
947,100,0.02513938035958325
948,100,0.025562034358779604
949,100,0.0251206513563897
950,100,0.024795918052390904
951,100,0.02556752172774755
952,100,0.025689753473218776
953,100,0.025403524464294516
954,100,0.025374905201961437
955,100,0.02540085662485837
956,100,0.025553832233566973
957,100,0.02508421260313421
958,100,0.02543392445006473
959,100,0.025184973302154648
960,100,0.024776162095647522
961,100,0.025476825662846213
962,100,0.025500873785573898
963,100,0.025277473762238614
964,100,0.025162461756265655
965,100,0.02509309516283536
966,100,0.025037416286816362
967,100,0.025259359678626817
968,100,0.025112738228958556
969,100,0.02540934824094173
970,100,0.024590563892191802
971,100,0.024993523079559602
972,100,0.025774875865863744
973,100,0.0256500386759915
974,100,0.024668801286289878
975,100,0.024690647773077144
976,100,0.025613271378895304
977,100,0.025268675156066015
978,100,0.025211486241665405
979,100,0.025373072684413835
980,100,0.02545579646164145
981,100,0.025559279908048117
982,100,0.025210313517222086
983,100,0.02563746645727477
984,100,0.02539510698206876
985,100,0.025399029417561246
986,100,0.024867189409778834
987,100,0.025423601691950425
988,100,0.025636618588466786
989,100,0.025270831847173575
990,100,0.025845231908204272
991,100,0.025602246197306146
992,100,0.025024609698597596
993,100,0.02552658152430675
994,100,0.025337006407076472
995,100,0.02496259599179726
996,100,0.02555016135156077
997,100,0.02524174439236496
998,100,0.025753230850694295
999,100,0.025680311068025687
1000,100,0.025021575485344918
1001,100,0.025604411037075392
1002,100,0.025690553075922412
1003,100,0.025695561739574775
1004,100,0.025761147784464797
1005,100,0.02524676072321801
1006,100,0.025890903045030732
1007,100,0.025000796507147326
1008,100,0.025436302914321553
1009,100,0.025270661596100454
1010,100,0.024825333078830846
1011,100,0.02518983447578392
1012,100,0.025481742128208123
1013,100,0.025021659489008138
1014,100,0.02579321724704979
1015,100,0.025317080669243323
1016,100,0.02566814519647995
1017,100,0.025118803128243324
1018,100,0.024879852533574602
1019,100,0.025658258761609383
1020,100,0.024771934237906353
1021,100,0.025486963434142015
1022,100,0.02521054392259822
1023,100,0.02572007467075285
1024,100,0.0254626487520004
1025,100,0.025422487360362546
1026,100,0.025289833573441375
1027,100,0.025979068100238662
1028,100,0.025304296136697255
1029,100,0.025674010665635114
1030,100,0.02522462487943831
1031,100,0.02552976245867541
1032,100,0.025236643764769213
1033,100,0.025003949088422163
1034,100,0.025271258366820096
1035,100,0.025295457666730532
1036,100,0.025847245020473208
1037,100,0.025378430578946284
1038,100,0.025533373605591672
1039,100,0.025374621080759545
1040,100,0.025401657187314658
1041,100,0.025416474355170478
1042,100,0.025684782852559197
1043,100,0.02493722612009895
1044,100,0.02567444907200693
1045,100,0.02512585845182593
1046,100,0.02504598184194177
1047,100,0.025422748126323627
1048,100,0.025112599309065918
1049,100,0.02482677923713477
1050,100,0.02492430606318365
1051,100,0.025540355473337027
1052,100,0.025525044873897174
1053,100,0.025273605733070602
1054,100,0.02563549174876488
1055,100,0.025357839974895685
1056,100,0.02536563706223055
1057,100,0.025478448272310487
1058,100,0.02545761296940551
1059,100,0.025319390108595994
1060,100,0.024612385734437754
1061,100,0.02520327139728671
1062,100,0.025298362785950417
1063,100,0.025567017402630277
1064,100,0.02534655342991147
1065,100,0.025562124021787723
1066,100,0.024870164681034868
1067,100,0.025055168302224002
1068,100,0.024763603532191928
1069,100,0.024802410357762535
1070,100,0.025810984326529045
1071,100,0.025566455375528065
1072,100,0.025258735067240905
1073,100,0.024926932045957313
1074,100,0.02525920722092489
1075,100,0.025571225160036393
1076,100,0.024831425277561953
1077,100,0.025265772964215304
1078,100,0.024891769791765637
1079,100,0.025837788086076105
1080,100,0.025131300927104323
1081,100,0.024929025744845068
1082,100,0.02579593778927333
1083,100,0.025398901533996713
1084,100,0.02564311130102946
1085,100,0.02460729831307406
1086,100,0.025165364961916632
1087,100,0.025312602068975426
1088,100,0.02516827398787779
1089,100,0.02531652222681862
1090,100,0.025367191798585122
1091,100,0.025312690764032607
1092,100,0.024991909715466047
1093,100,0.02562785378624022
1094,100,0.025414409825664397
1095,100,0.025021713811741127
1096,100,0.024769989299215943
1097,100,0.025573696485977005
1098,100,0.025853531431257713
1099,100,0.025135851490650053
1100,100,0.02501872264245691
1101,100,0.025602447630650532
1102,100,0.025037179618753493
1103,100,0.024428357821238818
1104,100,0.024584014697406727
1105,100,0.02579692035187999
1106,100,0.025300614472581077
1107,100,0.025425747767716726
1108,100,0.02582898537510247
1109,100,0.02512523526760299
1110,100,0.025163241801245788
1111,100,0.025004268932112227
1112,100,0.025062438175137043
1113,100,0.02480610111930228
1114,100,0.025089781807932247
1115,100,0.024645462663043127
1116,100,0.024871182307120085
1117,100,0.025563692512022104
1118,100,0.025024213682697905
1119,100,0.025422418634805766
1120,100,0.02457866095783464
1121,100,0.02505849934717937
1122,100,0.025131735633385912
1123,100,0.024793010515920005
1124,100,0.02522866445626007
1125,100,0.024999969709439927
1126,100,0.0258117390314517
1127,100,0.025298112802603048
1128,100,0.025715086459699336
1129,100,0.025279821197078806
1130,100,0.02497334184983073
1131,100,0.025388071485907528
1132,100,0.02573609756124442
1133,100,0.0258736797241488
1134,100,0.025836773472882383
1135,100,0.025319239190118862
1136,100,0.025415274462961976
1137,100,0.025543875297761826
1138,100,0.025624551347424765
1139,100,0.025277768587831703
1140,100,0.02544791115380612
1141,100,0.024903418253677465
1142,100,0.02526785859471173
1143,100,0.025510250682961817
1144,100,0.025646232820418793
1145,100,0.0254813556870935
1146,100,0.025697372980478188
1147,100,0.02482647947361935
1148,100,0.025088236152957487
1149,100,0.025152118243768506
1150,100,0.025683478045362477
1151,100,0.025409205386713728
1152,100,0.02575449163214684
1153,100,0.02571172123541497
1154,100,0.025854275097164453
1155,100,0.026161645611421747
1156,100,0.025131365179425852
1157,100,0.025628094111564612
1158,100,0.025609825796301507
1159,100,0.02535651104606941
1160,100,0.025180559075067718
1161,100,0.025728685242204685
1162,100,0.024752949482878844
1163,100,0.025168452459501695
1164,100,0.025274462590933
1165,100,0.02615423471310582
1166,100,0.025533225352394686
1167,100,0.025654429147084726
1168,100,0.02546313598191598
1169,100,0.02480813246562024
1170,100,0.0251209905495456
1171,100,0.025915905473016317
1172,100,0.025155078150136442
1173,100,0.02576388873552105
1174,100,0.025412427003881105
1175,100,0.02524213659287329
1176,100,0.025312578187789498
1177,100,0.025529936622206005
1178,100,0.02584339365514084
1179,100,0.024550063215493773
1180,100,0.025422923831035203
1181,100,0.024809791126136176
1182,100,0.02535003513307827
1183,100,0.025431934863872494
1184,100,0.025333850201557775
1185,100,0.025564025967399696
1186,100,0.025006151104764913
1187,100,0.025063773268748604
1188,100,0.024610795639809047
1189,100,0.025331102238252103
1190,100,0.025516785083930515
1191,100,0.025640397577392244
1192,100,0.02548955994191261
1193,100,0.025030633447616683
1194,100,0.025147612667770564
1195,100,0.024753382311291736
1196,100,0.025370417026442625
1197,100,0.02517565930172787
1198,100,0.02566595864630057
1199,100,0.024682885762200915
1200,100,0.025366299343044695
1201,100,0.025473114117831416
1202,100,0.02526483832952196
1203,100,0.025465586379891627
1204,100,0.0251031978293544
1205,100,0.025351448268899457
1206,100,0.025114371502702838
1207,100,0.024924355704141414
1208,100,0.025097254163051124
1209,100,0.024798293519955966
1210,100,0.025049530693862725
1211,100,0.025220525968532175
1212,100,0.025114897146856944
1213,100,0.02624166573760171
1214,100,0.025495293245167954
1215,100,0.024961136699309817
1216,100,0.025428607539427904
1217,100,0.02484582556776874
1218,100,0.025701915029019064
1219,100,0.026089732674827393
1220,100,0.025684432043704315
1221,100,0.024691642938230122
1222,100,0.025580321788832593
1223,100,0.025106686056963284
1224,100,0.025281764778427925
1225,100,0.02558779573359441
1226,100,0.025071969278279163
1227,100,0.025329142554510055
1228,100,0.02549897868513533
1229,100,0.02508176811131368
1230,100,0.02523271510529131
1231,100,0.025305929348208918
1232,100,0.025731755746951336
1233,100,0.02517969201104894
1234,100,0.02558868153162783
1235,100,0.025179769317189727
1236,100,0.025456492480923628
1237,100,0.024885760183650265
1238,100,0.025574277554110632
1239,100,0.02572428657906417
1240,100,0.025499165058018764
1241,100,0.02533781927175189
1242,100,0.025197902445590916
1243,100,0.025513615737666508
1244,100,0.025390572485848424
1245,100,0.02526783177028429
1246,100,0.02525135071825656
1247,100,0.02533377273106093
1248,100,0.02491158683052967
1249,100,0.025692697123491967
1250,100,0.024938254066684276
1251,100,0.024972508938221463
1252,100,0.025189520306704006
1253,100,0.02509952803499753
1254,100,0.02492066359884163
1255,100,0.026489193803289943
1256,100,0.02515803448067559
1257,100,0.02529438161028665
1258,100,0.024938688482795162
1259,100,0.025125373872479564
1260,100,0.0252060574310674
1261,100,0.025031930828435994
1262,100,0.025177658411459962
1263,100,0.025545491298343548
1264,100,0.025864206285887967
1265,100,0.025356675740188496
1266,100,0.025771195020530706
1267,100,0.025419558526683077
1268,100,0.025235348374600546
1269,100,0.02578506965993847
1270,100,0.025828529153248396
1271,100,0.02577682103136634
1272,100,0.024905103220751575
1273,100,0.025286270103023995
1274,100,0.02533903589442922
1275,100,0.025316532247042292
1276,100,0.025036579362683088
1277,100,0.02557071480707352
1278,100,0.02558325952023147
1279,100,0.025892264005290832
1280,100,0.02534624439993573
1281,100,0.0256832534242339
1282,100,0.025223453298343964
1283,100,0.02477834755994731
1284,100,0.02526940141525723
1285,100,0.025395598988200475
1286,100,0.025992950694635485
1287,100,0.02573743171758226
1288,100,0.0254932140159896
1289,100,0.024965252623757518
1290,100,0.024988331331584266
1291,100,0.025430656953140753
1292,100,0.025881958654730298
1293,100,0.02551734820489939
1294,100,0.025560418812524088
1295,100,0.025405139963593112
1296,100,0.02548213536632417
1297,100,0.025539074369032837
1298,100,0.025321949453215288
1299,100,0.025638163157559346
1300,100,0.025753565395127593
1301,100,0.02531372296580521
1302,100,0.025377127973075085
1303,100,0.025975269518101255
1304,100,0.025121961199103544
1305,100,0.025764092176840465
1306,100,0.025234654256015957
1307,100,0.025422739353319252
1308,100,0.024783877176943064
1309,100,0.02537181511252998
1310,100,0.02536950330048381
1311,100,0.025254758032403977
1312,100,0.0253991589901679
1313,100,0.025351905195878176
1314,100,0.024567330343482307
1315,100,0.025013397359423466
1316,100,0.025472730084272668
1317,100,0.02581362771092501
1318,100,0.02522900299973581
1319,100,0.025131095750952275
1320,100,0.025151921429907825
1321,100,0.025110062486802327
1322,100,0.025736873914138134
1323,100,0.025504779354954796
1324,100,0.025261146344967886
1325,100,0.02528054781860263
1326,100,0.025116370428363698
1327,100,0.025228777467874695
1328,100,0.02604200282490685
1329,100,0.02532740790419782
1330,100,0.025802393849295672
1331,100,0.0250296974573161
1332,100,0.025446981192928514
1333,100,0.025845769894171654
1334,100,0.025111456015127487
1335,100,0.025320751244685174
1336,100,0.02554208651802542
1337,100,0.025323083646990315
1338,100,0.025090623028336246
1339,100,0.025176405900887863
1340,100,0.024914095790363834
1341,100,0.02587953813397516
1342,100,0.025549323823134393
1343,100,0.02519093379578012
1344,100,0.02552063171204716
1345,100,0.025308931388626627
1346,100,0.025474352271155836
1347,100,0.02525934883965351
1348,100,0.02526470494541079
1349,100,0.025076537843839918
1350,100,0.025487317036986964
1351,100,0.025013443191382212
1352,100,0.025215763123346127
1353,100,0.02536507824783476
1354,100,0.02525554841618605
1355,100,0.025440802767556905
1356,100,0.025140400580802934
1357,100,0.025118445710075047
1358,100,0.02512579339378237
1359,100,0.025269556484065613
1360,100,0.025497298475780746
1361,100,0.025361071014721556
1362,100,0.025238322310273002
1363,100,0.025593821182583604
1364,100,0.025421646681529422
1365,100,0.02460414229648733
1366,100,0.025420213072333796
1367,100,0.025409626579921178
1368,100,0.025448209301844042
1369,100,0.025212389161947613
1370,100,0.025430195309867433
1371,100,0.025329422155080623
1372,100,0.02523266540295955
1373,100,0.025632877334687464
1374,100,0.025021470158255073
1375,100,0.025988767353648284
1376,100,0.024905952955138505
1377,100,0.025303434546565775
1378,100,0.025222850652964656
1379,100,0.02468093970522461
1380,100,0.02503139523203663
1381,100,0.025158923783067073
1382,100,0.025560946034775357
1383,100,0.02517635470837819
1384,100,0.02564562131877166
1385,100,0.025245149861955526
1386,100,0.02578210267819043
1387,100,0.025354782662966632
1388,100,0.02513841645878628
1389,100,0.02535723185503025
1390,100,0.025449592226964968
1391,100,0.024941454529012645
1392,100,0.02522813055120443
1393,100,0.025562060988408374
1394,100,0.025712430845208564
1395,100,0.02536539506624641
1396,100,0.025381116884950747
1397,100,0.025236639768294232
1398,100,0.02576753011898037
1399,100,0.025586580408524837
1400,100,0.025062014172491546
1401,100,0.024827782709237682
1402,100,0.025447912429849857
1403,100,0.02605205737795925
1404,100,0.02526535403591638
1405,100,0.025382609885863997
1406,100,0.024853752118598315
1407,100,0.025393944319195484
1408,100,0.024677112920595157
1409,100,0.02545010705896068
1410,100,0.02517612181717171
1411,100,0.025984128971320224
1412,100,0.02517497216637732
1413,100,0.02496829493621716
1414,100,0.02469590817248095
1415,100,0.02528653606781848
1416,100,0.026083547637243146
1417,100,0.026094788235629558
1418,100,0.025954237731600164
1419,100,0.0257192392134739
1420,100,0.025736440100346376
1421,100,0.025242377322445983
1422,100,0.025518519721326512
1423,100,0.025201155032808273
1424,100,0.025390961162173948
1425,100,0.025551006832760067
1426,100,0.025858581343700504
1427,100,0.024973059271415483
1428,100,0.024720154484485064
1429,100,0.025139098767187795
1430,100,0.025223463728178713
1431,100,0.025087385813706918
1432,100,0.025517020798565927
1433,100,0.026001759613633754
1434,100,0.025664835490254202
1435,100,0.025809539413347498
1436,100,0.02573607610670087
1437,100,0.025769561230844056
1438,100,0.025172991466430365
1439,100,0.02500689306433522
1440,100,0.026004226654128153
1441,100,0.025398964087626007
1442,100,0.025218005274440795
1443,100,0.0254565916637767
1444,100,0.02513232837434679
1445,100,0.0254372346452759
1446,100,0.025349578757485256
1447,100,0.02510709364000474
1448,100,0.025420974799113007
1449,99,0.025730192657686952
1450,99,0.02618855022143024
1451,99,0.02533950315582117
1452,99,0.025149822940904298
1453,99,0.025600584974291605
1454,99,0.024588586279269683
1455,99,0.025241367644652093
1456,99,0.02567687901145792
1457,99,0.025140145875026314
1458,99,0.025614572038935066
1459,99,0.025137889943745897
1460,99,0.024949788597472853
1461,99,0.024925720418210076
1462,99,0.025390543549977884
1463,99,0.02443191942461282
1464,99,0.02472230357741279
1465,99,0.02580016362488577
1466,99,0.025229170017851143
1467,99,0.025460452919568624
1468,99,0.02597495257324014
1469,99,0.0251797858324562
1470,99,0.02524563723771652
1471,99,0.02539505656962221
1472,99,0.025480918013449507
1473,99,0.024761777518599076
1474,99,0.025227770743216117
1475,99,0.024864107821147053
1476,99,0.025584503107470635
1477,99,0.025386051574008174
1478,99,0.025538266635958446
1479,99,0.025083960302683242
1480,99,0.025403898955267415
1481,99,0.025786716456152426
1482,99,0.02550240541376504
1483,99,0.02523050140819155
1484,99,0.025442399733604962
1485,99,0.02488980603004914
1486,99,0.025277709040621002
1487,99,0.02531950007648238
1488,99,0.024477520763928097
1489,99,0.024898879983692754
1490,98,0.025772226603714043
1491,97,0.02462709803804439
1492,97,0.024648771665749192
1493,97,0.025118361549705672
1494,97,0.02546456420041047
1495,97,0.025265144852082352
1496,97,0.024294221849764652
1497,97,0.02480426230898965
1498,97,0.025069931280979906
1499,97,0.02450690852555617
1500,97,0.025360069813578252
1501,97,0.025067301757838133
1502,97,0.024802318363495397
1503,97,0.024667381350719962
1504,97,0.02509885473678723
1505,97,0.025232013535390615
1506,97,0.024660459641873453
1507,97,0.02488831159974027
1508,97,0.024976701400919725
1509,97,0.024987514054235334
1510,97,0.024616440304213606
1511,97,0.024750322297642388
1512,97,0.02504724072004376
1513,97,0.024709608055780406
1514,97,0.025067610082972806
1515,97,0.0249637219902395
1516,97,0.02520361467930466
1517,97,0.024754893613196022
1518,97,0.024576584848792958
1519,97,0.024385014863534917
1520,97,0.02461967497192968
1521,97,0.024964001869036294
1522,97,0.024941197491386038
1523,97,0.024225874840405365
1524,97,0.024895954398433787
1525,97,0.0249664021865104
1526,97,0.02480841739090655
1527,97,0.025424838481342985
1528,97,0.02476502373771514
1529,97,0.025301771055329353
1530,97,0.024470901726959177
1531,97,0.024687015151003175
1532,97,0.02436343168151137
1533,97,0.024779540984827757
1534,97,0.02438658508528023
1535,97,0.024479469612803693
1536,97,0.024288975969132834
1537,97,0.024957147752383734
1538,97,0.024683681074919056
1539,97,0.024920608898969975
1540,97,0.025593580465376773
1541,97,0.025392697526039128
1542,97,0.024942150911479274
1543,97,0.02482898068119515
1544,97,0.024568624455062745
1545,97,0.024297707051542616
1546,97,0.024710380304191114
1547,97,0.02485250699398775
1548,97,0.025187313910558295
1549,97,0.024877980691725567
1550,97,0.025334139086561715
1551,97,0.024701052886380692
1552,97,0.02495030819996245
1553,97,0.024688861767799147
1554,97,0.024341668199047484
1555,97,0.025043647062626326
1556,97,0.024761054973335386
1557,97,0.02456049656137988
1558,96,0.024991814026578487
1559,96,0.02457284205505587
1560,96,0.024578531871898998
1561,96,0.02537210107037011
1562,96,0.025048274257816316
1563,96,0.024616259612522187
1564,96,0.02456486779269112
1565,96,0.024428508963079253
1566,96,0.023953970715440073
1567,96,0.02479407115136498
1568,96,0.024408680570214492
1569,96,0.024685120799553224
1570,96,0.02373775576292823
1571,96,0.024489395936399337
1572,95,0.024780949711091984
1573,95,0.023975141214113482
1574,95,0.02473581975245022
1575,95,0.024139721301521387
1576,95,0.024513023111408273
1577,95,0.024167621621851
1578,95,0.024621312477755532
1579,95,0.023457531957490164
1580,95,0.025118876339382645
1581,95,0.024228538962208217
1582,95,0.02400596922142643
1583,95,0.024682846889583308
1584,95,0.024219418213077753
1585,95,0.024475441911189073
1586,95,0.02403367582992002
1587,95,0.02449659815521449
1588,95,0.024123402942694147
1589,95,0.02482707104696432
1590,95,0.024340294459096076
1591,95,0.02349181861805282
1592,95,0.024367629905794677
1593,95,0.024172023342120624
1594,95,0.02478694889924662
1595,95,0.02449740617123728
1596,95,0.024624044644222326
1597,95,0.024160715074142088
1598,95,0.023863259007916183
1599,95,0.0241699010454304
1600,95,0.02452462477188231
1601,95,0.024489304786336742
1602,95,0.02478477225012982
1603,95,0.02481209054566493
1604,95,0.023995081369332347
1605,95,0.025050701321449206
1606,95,0.02478394628293457
1607,95,0.024749558424950538
1608,95,0.023428170434857013
1609,95,0.024088863316034305
1610,95,0.024336309985181652
1611,94,0.02413055224957556
1612,94,0.02408996863823069
1613,94,0.024487772675868033
1614,94,0.0240628326334716
1615,94,0.024394780931863397
1616,94,0.024162046709920313
1617,94,0.02484846357763971
1618,94,0.024262505978960583
1619,94,0.023638711233556806
1620,94,0.023981864819516086
1621,94,0.02375257237181937
1622,94,0.024039785386947135
1623,94,0.024464060263323803
1624,94,0.02401479726479928
1625,94,0.024291278800910303
1626,94,0.02399157631482103
1627,94,0.024221995052809014
1628,94,0.024182674403215042
1629,94,0.023675089480109306
1630,94,0.024630064167457135
1631,93,0.02369265295862513
1632,93,0.023617390178899765
1633,93,0.023720330520758056
1634,93,0.023869395680671014
1635,93,0.024537549618937636
1636,93,0.02442188513012531
1637,93,0.024193329271057794
1638,93,0.024021422459084053
1639,93,0.02373058101557881
1640,93,0.02389968735845996
1641,93,0.024331082856170198
1642,93,0.023389930271622107
1643,93,0.02366767832614379
1644,93,0.023463768098105953
1645,93,0.02385948414238078
1646,93,0.023624867240410602
1647,93,0.024954898939912692
1648,93,0.02435961531190478
1649,93,0.024052431975577476
1650,93,0.02409596691941587
1651,93,0.024362444093488967
1652,93,0.023888499462030123
1653,93,0.023702923997925392
1654,93,0.02386518922124814
1655,93,0.0238608885937639
1656,93,0.023975372915389526
1657,93,0.024434554581321873
1658,93,0.024488162047471174
1659,93,0.024330285822484716
1660,93,0.02400486300041622
1661,93,0.023863228758595922
1662,92,0.023802994398149504
1663,92,0.02314816524004078
1664,92,0.02406696244876637
1665,92,0.023717703917176616
1666,92,0.023956335075030533
1667,92,0.023783603787216136
1668,92,0.02380554768426872
1669,92,0.023836629791159535
1670,92,0.02382653137310478
1671,92,0.023455296803424674
1672,92,0.024371254982587305
1673,92,0.023904542224453894
1674,92,0.023266449616397133
1675,92,0.02413413056590724
1676,92,0.023772503526583093
1677,92,0.02457948912087688
1678,92,0.023525937655395845
1679,92,0.023752557698615374
1680,92,0.02413054476492084
1681,92,0.02361160961954238
1682,92,0.023421052379468513
1683,92,0.023992686209189255
1684,92,0.023207280571995476
1685,92,0.0227998125188123
1686,92,0.02372736266363568
1687,92,0.023859338342651602
1688,92,0.024375502986020217
1689,92,0.024080302401684038
1690,92,0.023557887470472
1691,92,0.02345308612034823
1692,92,0.024167441969263067
1693,92,0.023437657616577193
1694,92,0.022937173440663136
1695,92,0.02378218426185309
1696,92,0.024179502821327928
1697,92,0.023524613235817633
1698,92,0.02383885249216298
1699,92,0.0231350104584328
1700,92,0.02337629005963913
1701,92,0.02380195900895666
1702,92,0.023721636272798708
1703,92,0.02362623976104732
1704,92,0.023508011089068446
1705,92,0.024381605783284015
1706,92,0.02366923710372612
1707,92,0.023904132186624783
1708,92,0.02398710929736197
1709,92,0.023619453338160075
1710,92,0.023770398083715935
1711,92,0.023493029310039524
1712,92,0.024279504662371002
1713,92,0.023864547738092066
1714,92,0.023726423435703612
1715,92,0.023293151173026425
1716,91,0.023259289370281443
1717,91,0.023259439469728926
1718,91,0.023412556760056408
1719,90,0.02356900090414747
1720,90,0.02290632376276129
1721,90,0.023398844591310742
1722,90,0.023183075024960312
1723,90,0.02325199684277606
1724,90,0.022905735842097073
1725,90,0.02309748592751678
1726,90,0.02280567144031058
1727,90,0.023586394030184647
1728,90,0.022628792192139317
1729,90,0.023635068270672605
1730,90,0.022858776761094546
1731,90,0.023722846386243595
1732,90,0.02324378160917763
1733,90,0.022714634205430052
1734,90,0.023402912235175884
1735,90,0.023139344773997837
1736,90,0.023458484698334205
1737,90,0.023629782263629696
1738,90,0.023411726359423336
1739,90,0.02288451308234725
1740,89,0.022865838664116334
1741,89,0.023227606520221798
1742,89,0.023196495763455782
1743,89,0.023519597629152636
1744,89,0.023020700622201382
1745,89,0.02300920486557529
1746,89,0.022887409112890483
1747,89,0.022598270639972474
1748,89,0.02288533753727532
1749,89,0.02361211757866084
1750,89,0.02256902588161202
1751,89,0.023261466479505326
1752,89,0.022726976705718376
1753,89,0.0228038482536681
1754,89,0.023204695036744525
1755,89,0.023253800201449615
1756,89,0.022816777065465255
1757,89,0.02272081095461217
1758,89,0.02325395406342536
1759,89,0.022540788398109808
1760,89,0.022780066689208057
1761,89,0.02322083477143572
1762,89,0.023168696735148778
1763,89,0.022670152380236227
1764,89,0.023232108068968034
1765,89,0.023313037832627698
1766,89,0.02247388168257196
1767,89,0.023297164211483062
1768,89,0.023016586354444073
1769,88,0.02259474309324853
1770,88,0.022948495917140217
1771,88,0.022571759938883565
1772,88,0.022936461328960135
1773,88,0.02338182250754783
1774,88,0.02298946444204569
1775,88,0.022934315938607057
1776,88,0.022900524401820756
1777,88,0.0223410711904808
1778,88,0.02336202820984795
1779,88,0.02305227828968458
1780,88,0.023324399122573516
1781,88,0.023140366429359176
1782,88,0.022827085688935638
1783,88,0.022863983175525706
1784,88,0.022834659475018518
1785,88,0.022991349094992865
1786,88,0.022954405818633297
1787,88,0.023165536757591473
1788,88,0.022885103129965383
1789,88,0.0229903894594447
1790,88,0.02238780649600258
1791,88,0.02318705857722366
1792,88,0.023071082740701715
1793,88,0.02275471428039734
1794,88,0.023603557524433442
1795,88,0.022776446182851254
1796,88,0.022457713127875582
1797,88,0.02283660614962693
1798,88,0.022763971488240407
1799,88,0.02228298471346654
1800,88,0.02264082018106941
1801,88,0.022813411696259743
1802,88,0.0229681633534797
1803,88,0.02356516395577613
1804,88,0.022676378812272184
1805,87,0.022696426184824918
1806,86,0.02264850394556432
1807,86,0.0223087477396397
1808,86,0.022092224661384472
1809,86,0.02244166368338076
1810,86,0.022098983768674266
1811,86,0.023000299968054208
1812,86,0.02228695677596129
1813,86,0.021811150675151065
1814,86,0.022422503884014636
1815,86,0.022385900492903017
1816,86,0.022312411614361163
1817,86,0.022177008408546518
1818,86,0.02215474810014848
1819,86,0.022241934845612054
1820,86,0.022394407130184445
1821,86,0.022294330712834962
1822,86,0.022248991795196127
1823,86,0.02314817803947499
1824,86,0.022695538037073092
1825,86,0.02266123780080114
1826,86,0.022241608845384106
1827,86,0.02245293540048232
1828,86,0.02230358901106496
1829,86,0.022510994842312407
1830,86,0.022413812854861357
1831,85,0.022450213560504632
1832,83,0.021376342241828356
1833,83,0.021403774402225326
1834,83,0.02169022884782982
1835,83,0.02096374481220669
1836,83,0.021552471105645222
1837,83,0.02180410006472066
1838,83,0.021355669079868966
1839,83,0.021608228886851467
1840,83,0.02152696622077658
1841,82,0.02147469168311283
1842,82,0.021455643243063427
1843,82,0.021785864162291516
1844,82,0.021713233018384837
1845,82,0.021795813851612625
1846,82,0.02186113693391726
1847,82,0.021646299824873007
1848,82,0.021602288198135314
1849,82,0.021397261527215362
1850,82,0.021052613447508146
1851,82,0.021846602595726582
1852,82,0.021301092916279376
1853,82,0.021810739715844622
1854,82,0.021301234225974346
1855,82,0.02161258820849501
1856,82,0.021472915157674462
1857,82,0.021576029641295107
1858,82,0.022054284161077038
1859,82,0.020995926958636932
1860,82,0.022370883196506947
1861,82,0.021638652581342132
1862,82,0.02133087423353032
1863,82,0.021730906890631615
1864,82,0.02208391359248081
1865,82,0.02133712587847737
1866,82,0.02157135657314536
1867,82,0.021461489234003612
1868,82,0.021766561402883734
1869,82,0.022255583487129853
1870,82,0.022241618352802025
1871,82,0.021364923459965032
1872,82,0.02139976999527412
1873,82,0.02152183463872009
1874,82,0.02167414204640153
1875,82,0.021735652396461455
1876,82,0.021680079483338086
1877,82,0.021909536454168748
1878,82,0.022017406903395934
1879,82,0.021829437668045
1880,82,0.02129882382309754
1881,82,0.021228495804200557
1882,82,0.021578899874965366
1883,82,0.021663392802381054
1884,82,0.022341447793338076
1885,82,0.02115526285858554
1886,82,0.02171363787046115
1887,82,0.021100421687610938
1888,82,0.021611428456398574
1889,82,0.021263015364919945
1890,82,0.02155186361472682
1891,82,0.021884326790671378
1892,82,0.021469608336993753
1893,82,0.021159545306886803
1894,82,0.021960120723245703
1895,82,0.022087529164003535
1896,82,0.022208777672876007
1897,82,0.02164783472784402
1898,82,0.021522389784331405
1899,82,0.021109981498685523
1900,82,0.021381736818169354
1901,82,0.02194360374085617
1902,82,0.021762736509389025
1903,82,0.021443718870371095
1904,82,0.02247341716822044
1905,82,0.02136918287513351
1906,82,0.020886930143176698
1907,82,0.021000176281711556
1908,82,0.022270125135624954
1909,82,0.021317630240698437
1910,82,0.02133412005160356
1911,82,0.02174400420083541
1912,82,0.02147309561689605
1913,82,0.02213029574197788
1914,81,0.02143930508459423
1915,81,0.021505392746882825
1916,81,0.021636012179203662
1917,81,0.021410557966311736
1918,81,0.021194846091842814
1919,81,0.022036147393371883
1920,81,0.021123239364308703
1921,81,0.021173339582894135
1922,81,0.021147939315577912
1923,81,0.0213582348481773
1924,81,0.020874699931510542
1925,81,0.022040481371787008
1926,81,0.021276555773360423
1927,81,0.020436666109646152
1928,81,0.02124783726422943
1929,81,0.02138708973199214
1930,81,0.020701113788989915
1931,81,0.02102669767217546
1932,81,0.021312168583752324
1933,81,0.021365336718737492
1934,81,0.021441660526837405
1935,81,0.021739408411866664
1936,81,0.021638874770701137
1937,80,0.021103752302151096
1938,80,0.021380447795905307
1939,80,0.020541950840389345
1940,80,0.02044568356649747
1941,80,0.020671418439388158
1942,80,0.021583014308533658
1943,80,0.021384999127035738
1944,80,0.020629324231363114
1945,80,0.020953220782661652
1946,80,0.021214861362876966
1947,80,0.02125243028156321
1948,80,0.020556814882812843
1949,80,0.0213397373765539
1950,80,0.020960945795752764
1951,80,0.02114629442799168
1952,80,0.020837568293636966
1953,80,0.020862282224981342
1954,80,0.021500710484643377
1955,80,0.020916847582597358
1956,80,0.02124911030127967
1957,80,0.0211208404004117
1958,80,0.020813220266909946
1959,80,0.02105760192979078
1960,80,0.02095057675754458
1961,80,0.021076214339633848
1962,80,0.020357412687400725
1963,80,0.020505366839418056
1964,80,0.020838930102362922
1965,80,0.02093650658173976
1966,80,0.021844652095157385
1967,80,0.021183675749317725
1968,80,0.020760467169082916
1969,80,0.020359084611735967
1970,80,0.021705970976413216
1971,80,0.020952182366713645
1972,80,0.020915874086729923
1973,80,0.021260465148178143
1974,80,0.020990008947015
1975,80,0.020597680375615296
1976,80,0.02060592302546242
1977,80,0.020738438578143614
1978,80,0.021448863363052066
1979,80,0.021711753336147308
1980,80,0.020786197916387354
1981,80,0.020974921456334658
1982,80,0.02071292100946937
1983,80,0.02159825335296303
1984,80,0.020795706407915667
1985,80,0.02092291715484973
1986,79,0.021948533725270423
1987,79,0.02064991051140445
1988,79,0.020995637700502712
1989,78,0.02106270728974902
1990,78,0.02040559199989946
1991,78,0.02130997333204537
1992,78,0.02109178861771413
1993,78,0.020992033092775315
1994,78,0.020526491270681464
1995,78,0.020471367883310096
1996,78,0.020611231745996623
1997,78,0.020438071019261674
1998,78,0.020710006981045345
1999,78,0.02128056379732514
2000,78,0.02093875282817848
2001,78,0.020812381567998656
2002,78,0.0208561015568357
2003,78,0.020775030631757386
2004,78,0.02066602190153661
2005,78,0.019987524274739182
2006,78,0.020703502516149958
2007,78,0.020498289895082393
2008,78,0.020555293882606896
2009,78,0.020490925077547448
2010,78,0.02075365631548993
2011,78,0.019957665050997307
2012,78,0.02058081183219069
2013,78,0.0203184356956314
2014,78,0.020793528615847504
2015,78,0.020862542739243508
2016,78,0.020872470357910268
2017,78,0.020597961720842137
2018,78,0.02001855076124273
2019,78,0.02015908763329191
2020,78,0.02097895290806913
2021,78,0.020864550201943173
2022,78,0.021078324011520468
2023,78,0.020967820497924283
2024,78,0.020773521607123868
2025,78,0.021014595628839942
2026,78,0.02094541484708186
2027,78,0.021937463419499502
2028,78,0.02078625352793191
2029,78,0.02082251913242753
2030,78,0.020788533910705724
2031,78,0.020801045803018434
2032,78,0.020415974646397207
2033,78,0.021051727860962058
2034,78,0.021027155716299487
2035,78,0.02060368189001972
2036,78,0.020477106193885812
2037,78,0.021125672688743814
2038,78,0.020576630088681908
2039,78,0.02109662428200132
2040,78,0.021478096634281726
2041,78,0.020557465748488234
2042,78,0.020788898211018886
2043,78,0.020386755345309815
2044,78,0.020356869686672482
2045,78,0.020920915119010054
2046,78,0.020784208095664374
2047,78,0.020373727405204965
2048,78,0.020424226784353187
2049,78,0.021147780133577692
2050,78,0.020206169792157617
2051,78,0.02141398696551443
2052,78,0.020350188599957145
2053,78,0.020904549469040728
2054,78,0.02049192234889955
2055,78,0.02145768231486319
2056,77,0.02053930359728824
2057,77,0.02012602912351688
2058,77,0.020449640544269017
2059,77,0.021027419538950397
2060,77,0.02084583558761717
2061,77,0.020463786344017333
2062,77,0.020357475951557482
2063,77,0.02009255146698522
2064,76,0.020474978438248925
2065,76,0.0203824533467891
2066,76,0.020889465583918687
2067,76,0.020093097512702572
2068,76,0.02034566029869784
2069,76,0.020602576231599556
2070,76,0.02054515097901278
2071,76,0.01980703581205837
2072,76,0.01942327255656892
2073,76,0.019984792916184747
2074,76,0.02052770202357952
2075,76,0.02053865151043561
2076,76,0.020386190375050586
2077,76,0.02009958307836477
2078,76,0.020422717947650694
2079,76,0.01983942821861648
2080,76,0.02039254335482751
2081,76,0.02004630907987061
2082,76,0.020944298198217047
2083,75,0.020642633121094867
2084,75,0.02028201007010042
2085,74,0.02064568275541688
2086,74,0.02067691218729319
2087,74,0.02010970350055198
2088,74,0.01937968549398363
2089,74,0.019421168678192744
2090,73,0.019590998809578403
2091,73,0.01952918124167769
2092,73,0.019303666060051287
2093,73,0.020094564112079667
2094,71,0.0193281728593578
2095,71,0.019451354909235177
2096,71,0.019787620905241148
2097,71,0.01925059581749064
2098,71,0.019078897784098204
2099,71,0.01984281096445846
2100,71,0.019123499887286226
2101,71,0.01876465330579967
2102,71,0.019058792547220097
2103,71,0.019159177616763442
2104,71,0.01939374371158306
2105,71,0.019208393136461815
2106,71,0.018534737028175874
2107,71,0.018525441654818876
2108,71,0.020137675211363133
2109,71,0.019903673464985203
2110,71,0.01901914309267219
2111,71,0.01971303307884037
2112,71,0.018334910426092966
2113,71,0.01918295067782084
2114,71,0.020005057587492794
2115,71,0.019054192397898833
2116,71,0.020855078201389328
2117,71,0.018795526345960337
2118,70,0.020044570361087848
2119,70,0.019658102567003493
2120,70,0.018682532297774532
2121,70,0.018737518118214492
2122,70,0.01880861220121194
2123,69,0.018808325014983647
2124,69,0.01880268251050137
2125,69,0.01856167539897526
2126,69,0.01871035872436528
2127,69,0.019081018772770575
2128,69,0.01948260397895894
2129,69,0.018852763471394286
2130,69,0.01878751807833241
2131,69,0.018477909200953026
2132,69,0.018927529160136985
2133,69,0.018299227729995787
2134,69,0.018744351385009312
2135,69,0.01911323708411187
2136,69,0.01904862169426079
2137,69,0.019059692123611263
2138,69,0.018570490978077413
2139,69,0.019119402703224462
2140,69,0.018210594872151563
2141,69,0.01926380324991612
2142,69,0.018606296154992038
2143,69,0.019109696371399556
2144,69,0.019622137861314122
2145,69,0.018403907310312263
2146,69,0.018892701261711064
2147,69,0.018639478980965223
2148,69,0.018670615601662048
2149,69,0.018471001267869044
2150,69,0.018563143758218607
2151,69,0.018602831206060898
2152,69,0.01826459880752796
2153,69,0.018830995451182855
2154,69,0.018624476863145528
2155,69,0.018585268817287243
2156,69,0.018959942850164727
2157,69,0.01889175116654186
2158,69,0.01867418928465313
2159,69,0.019085906184885128
2160,69,0.01883676535465766
2161,69,0.019600445771685546
2162,69,0.018331684052591907
2163,69,0.019183437981708337
2164,69,0.019170650161555662
2165,69,0.019626963524430874
2166,69,0.01868041978267606
2167,69,0.019116303221352725
2168,69,0.019294804318406637
2169,68,0.01870208263213817
2170,68,0.01903289749959769
2171,68,0.018214834091349486
2172,68,0.019009705163938
2173,68,0.018979680168970024
2174,66,0.01914650728297442
2175,66,0.018386274868022457
2176,66,0.01940924714482329
2177,66,0.020474126455814624
2178,66,0.018491223607133275
2179,66,0.018280774942521467
2180,66,0.01741764169351496
2181,66,0.019042824896225823
2182,66,0.018592059675023715
2183,65,0.017100571667250423
2184,65,0.016987778673160373
2185,65,0.019431288866736316
2186,65,0.01843038295384304
2187,65,0.01797816192221674
2188,65,0.018500213518849496
2189,65,0.018563748636203546
2190,65,0.01815220508961522
2191,65,0.0173547357800135
2192,64,0.018463651566986327
2193,64,0.01788671401938596
2194,64,0.017840794007821174
2195,64,0.018211216242093205
2196,63,0.017522661477592818
2197,63,0.01818716632711224
2198,63,0.01847893291757949
2199,63,0.018132560775581123
2200,63,0.016976933227024003
2201,63,0.017310468969551004
2202,62,0.018403612527091974
2203,62,0.018960083016197338
2204,62,0.01792640455192173
2205,62,0.01722810946737463
2206,62,0.01879554358010305
2207,62,0.01750159602064662
2208,62,0.01676666334828191
2209,62,0.016480028497578226
2210,62,0.017698684823997154
2211,61,0.01738904537436649
2212,61,0.018113042233989997
2213,61,0.01614192534380255
2214,61,0.018211391679484247
2215,61,0.01663313213193002
1,100,0.0249811646437158
2,100,0.02529888563121949
3,100,0.02485788136538778
4,100,0.02507390764362181
5,100,0.025196885057157843
6,100,0.025132680667884058
7,100,0.025420172747147838
8,100,0.025535973475840336
9,100,0.025338872842344436
10,100,0.025046772059381755
11,100,0.025281408756831415
12,100,0.02534162947437936
13,100,0.026058677396280497
14,100,0.025175068083430445
15,100,0.025416107897097626
16,100,0.02531701005711537
17,100,0.02468996789414102
18,100,0.02539860442314848
19,100,0.025058733349695786
20,100,0.024460058578724523
21,100,0.025138220324337397
22,100,0.024905914245925476
23,100,0.026136379957396188
24,100,0.025721562779061475
25,100,0.025214117788659812
26,100,0.024918394952323224
27,100,0.025232404654509894
28,100,0.02531120492745933
29,100,0.025806932540001562
30,100,0.02480567351142822
31,100,0.024867685117516847
32,100,0.025521607797200627
33,100,0.02537004979225015
34,100,0.025097777771625446
35,100,0.02552577996998907
36,100,0.024902350384334988
37,100,0.0249472065413508
38,100,0.025308721110303797
39,100,0.025272217356234278
40,100,0.02544067490334201
41,100,0.025280311117277805
42,100,0.025296311635262223
43,100,0.025537325275538036
44,100,0.02492985920160563
45,100,0.025018176140737897
46,100,0.024926392360137457
47,100,0.025041393347564247
48,100,0.025159243661698902
49,100,0.025521143787690787
50,100,0.025261115680928186
51,100,0.025558778661920595
52,100,0.025544938220726815
53,100,0.024794377352632492
54,100,0.025544225681385174
55,100,0.024838063736488322
56,100,0.025149225719313537
57,100,0.02534973792306052
58,100,0.02528879349024031
59,100,0.025728796003638397
60,100,0.024958146612204666
61,100,0.024940381778565845
62,100,0.025174387235271514
63,100,0.02517161445238847
64,100,0.025136365320498358
65,100,0.0251458551604439
66,100,0.0254530148859538
67,100,0.025354825067301374
68,100,0.025660700887580736
69,100,0.02584542380400725
70,100,0.02511433107728219
71,100,0.02523046118469344
72,100,0.025103222863801483
73,100,0.025473868037494893
74,100,0.025094702978346557
75,100,0.025244122182847176
76,100,0.025695003773400445
77,100,0.02494832281809664
78,100,0.025249868569123122
79,100,0.024378773367344238
80,100,0.025401771072196728
81,100,0.02487445182615462
82,100,0.02485134388724332
83,100,0.025481159819562504
84,100,0.025121769692534168
85,100,0.025362645161159315
86,100,0.024965748049186363
87,100,0.0249055141481179
88,100,0.025174157002349377
89,100,0.02510068796215163
90,100,0.02553457908354509
91,100,0.025342618846628157
92,100,0.025547627093951256
93,100,0.025162391687545634
94,100,0.025309530229987984
95,100,0.024911032559282023
96,100,0.025176345555281733
97,100,0.025317251670406743
98,100,0.024805013425339906
99,100,0.025691985471612527
100,100,0.025105146716194973
101,100,0.02434271534363849
102,100,0.025096014550625427
103,100,0.025167169340178673
104,100,0.025292134135583743
105,100,0.025252370311619546
106,100,0.02508125720764617
107,100,0.02530432928849167
108,100,0.025410797644525106
109,100,0.025646450918632744
110,100,0.0248147956941793
111,100,0.02496974652733909
112,100,0.02517612982261614
113,100,0.025035589296982876
114,100,0.024861188646930515
115,100,0.02574829539095539
116,100,0.025186487693834015
117,100,0.025264058898826484
118,100,0.02518398814728752
119,100,0.025430180681930786
120,100,0.025208658457964668
121,100,0.025062893067561202
122,100,0.02505304043950001
123,100,0.025420085487563276
124,100,0.025039940664555654
125,100,0.02549590245108865
126,100,0.025364958159267374
127,100,0.025623841764339256
128,100,0.0252750925242847
129,100,0.025458231841836487
130,100,0.025333993669665898
131,100,0.025751877287138573
132,100,0.025428219771734928
133,100,0.02559156494666989
134,100,0.025426673185454326
135,100,0.02533887320542078
136,100,0.025351431438478348
137,100,0.025174564139308412
138,100,0.025483734095787622
139,100,0.025583548519783342
140,100,0.02552501412183312
141,100,0.02565186241619917
142,100,0.025640992880412983
143,100,0.025346704441662232
144,100,0.02552111945659475
145,100,0.026201172527691715
146,100,0.024749525682539613
147,100,0.025072438135974384
148,100,0.025231702867771374
149,100,0.025174310302089543
150,100,0.025465382066794502
151,100,0.025470351943525517
152,100,0.025298854014995997
153,100,0.025727489632728903
154,100,0.02526421423011196
155,100,0.02568243949248695
156,100,0.025289487360523572
157,100,0.02549099523266999
158,100,0.02537918160868929
159,100,0.025628335000223965
160,100,0.024897610920868098
161,100,0.02500281845157
162,100,0.025215038693998253
163,100,0.02545917658988468
164,100,0.02597861379101267
165,100,0.025410590219523375
166,100,0.025222907369288797
167,100,0.025051446388264512
168,100,0.025380812859863502
169,100,0.02554007524755936
170,100,0.0251189528929714
171,100,0.025392811918437088
172,100,0.025555081097334446
173,100,0.025293314035208087
174,100,0.024837437247405572
175,100,0.02540747532084619
176,100,0.025347708162184783
177,100,0.024887433051426825
178,100,0.025031070349188004
179,100,0.025152790743383724
180,100,0.024768877094236853
181,100,0.02518084467041111
182,100,0.025007174042269955
183,100,0.0251274316549405
184,100,0.025507250719332585
185,100,0.025043833563099794
186,100,0.025038781908091688
187,100,0.025254469475926175
188,100,0.025589750255409386
189,100,0.025291894713982906
190,100,0.025191719624505997
191,100,0.02579653357365414
192,100,0.025490130952831393
193,100,0.02566829263813973
194,100,0.025468798832793984
195,100,0.025434663514984593
196,100,0.025255576701538406
197,100,0.025270632331227037
198,100,0.02505279503733212
199,100,0.025663706056471166
200,100,0.024904015980911735
201,100,0.024851916221527583
202,100,0.025464800734332417
203,100,0.025399483630386174
204,100,0.025205563171855842
205,100,0.025407925673932973
206,100,0.02538095430721559
207,100,0.024709795773789595
208,100,0.025351250775674492
209,100,0.025180321662655433
210,100,0.02535579456894183
211,100,0.02570601898571785
212,100,0.024683561721911232
213,100,0.02528753876547839
214,100,0.02466911655474054
215,100,0.024833555371191633
216,100,0.025578076335380395
217,100,0.025464563509952933
218,100,0.02508459601378133
219,100,0.025169295366131314
220,100,0.02505063006390283
221,100,0.024898893113980396
222,100,0.025210119649503187
223,100,0.025416046308698342
224,100,0.024952249679167763
225,100,0.025534219842318375
226,100,0.024845650595466368
227,100,0.025123129509415344
228,100,0.02503940198703115
229,100,0.025414320620180744
230,100,0.025751774578606033
231,100,0.02516646128579633
232,100,0.025202954253931566
233,100,0.025570327041302316
234,100,0.02515092555415129
235,100,0.02498108689290773
236,100,0.025410460003233055
237,100,0.025462669804610646
238,100,0.025629413434278162
239,100,0.02517309951145979
240,100,0.025898696294281622
241,100,0.025105544665113395
242,100,0.02546086650705909
243,100,0.02503837217791191
244,100,0.025274786034886955
245,100,0.025753565248958603
246,100,0.025303383830460074
247,100,0.02571491185551302
248,100,0.025051383521003164
249,100,0.02566056005992917
250,100,0.025381111961631043
251,100,0.024733626654717553
252,100,0.025308644194130533
253,100,0.02554324343535093
254,100,0.025403908190331698
255,100,0.025212880594901965
256,100,0.025131773593161082
257,100,0.025573308494081147
258,100,0.025283421193985006
259,100,0.025495420944337283
260,100,0.025500751700229748
261,100,0.02576697152279237
262,100,0.02560832828353723
263,100,0.025551306667842603
264,100,0.0258323478609722
265,100,0.025176799683244332
266,100,0.025387377911678825
267,100,0.025350561139377507
268,100,0.024996230906907693
269,100,0.02530767880716721
270,100,0.025055759042749832
271,100,0.02487530081209164
272,100,0.02564599658207274
273,100,0.024975456526716126
274,100,0.02484747664635644
275,100,0.025343574201627923
276,100,0.025638388810525804
277,100,0.025387213840082093
278,100,0.025599124558781303
279,100,0.025227956383078797
280,100,0.02485884734646788
281,100,0.024997385965280214
282,100,0.025950637574203392
283,100,0.025264732238769242
284,100,0.025610652838401436
285,100,0.025205503547285096
286,100,0.02544396960011774
287,100,0.02520838106427494
288,100,0.025120511548846668
289,100,0.025177444353857922
290,100,0.02488014385354505
291,100,0.02525096633779542
292,100,0.025598242945016877
293,100,0.02584383738952926
294,100,0.025135198634590496
295,100,0.02533972015485516
296,100,0.025360864674743175
297,100,0.02510186322729273
298,100,0.0251206662976947
299,100,0.02524604661196233
300,100,0.025240956735993973
301,100,0.025265213622429852
302,100,0.025294009115899314
303,100,0.025260024253777602
304,100,0.025661846444756883
305,100,0.02552476884285011
306,100,0.02548086315476822
307,100,0.02601204579758094
308,100,0.025032809576927873
309,100,0.025553735354013007
310,100,0.025134878521811226
311,100,0.02592005640630749
312,100,0.0249259547282547
313,100,0.025000336854161878
314,100,0.025831203629321467
315,100,0.024893202091154722
316,100,0.02590332385355229
317,100,0.02487808241521378
318,100,0.02570257898219101
319,100,0.025111500259958414
320,100,0.02560666036454955
321,100,0.025735124158265316
322,100,0.025786242386353037
323,100,0.024709755457646882
324,100,0.02535916381370068
325,100,0.025417441575226195
326,100,0.02501847019293313
327,100,0.02540921840174148
328,100,0.02484625084990712
329,100,0.025470351966240267
330,100,0.024685161586006813
331,100,0.025340053874863884
332,100,0.025192423913982222
333,100,0.025454440265125368
334,100,0.025306084293639602
335,100,0.02527775665093064
336,100,0.025282682589595828
337,100,0.025238286202430665
338,100,0.025009169504058414
339,100,0.025723448794057368
340,100,0.025188839579425144
341,100,0.024696093917609997
342,100,0.025153296039033574
343,100,0.02558517013116825
344,100,0.025429318696330073
345,100,0.02555707375974134
346,100,0.024630526077024987
347,100,0.024964536692995087
348,100,0.025754389853428924
349,100,0.024695764905002908
350,100,0.025521596421891276
351,100,0.025686986059313865
352,100,0.0251827412307518
353,100,0.02514770986037715
354,100,0.025145054416459898
355,100,0.025358529125904174
356,100,0.02533777871797742
357,100,0.024798586242361028
358,100,0.025315021681556384
359,100,0.025640758745076424
360,100,0.025328157702617805
361,100,0.02519672997033229
362,100,0.025336141306763104
363,100,0.025128226265704268
364,100,0.024961555150205973
365,100,0.02494260720820198
366,100,0.025178410386324346
367,100,0.025409087332833934
368,100,0.024837384009178655
369,100,0.025010859447852994
370,100,0.025361453674394685
371,100,0.02517895285309566
372,100,0.024833344658005466
373,100,0.025469920535611368
374,100,0.025079484865681175
375,100,0.024845604767648986
376,100,0.024809391520968466
377,100,0.025579180122341724
378,100,0.025121076555399722
379,100,0.02527761875693615
380,100,0.025497480918675954
381,100,0.02529074746754556
382,100,0.025290163587055287
383,100,0.024886575928996003
384,100,0.02544181798093785
385,100,0.025288432793280486
386,100,0.025058504529875653
387,100,0.025053991501486097
388,100,0.025130229366807935
389,100,0.025254284071226336
390,100,0.025500972728030927
391,100,0.024934403949861513
392,100,0.025334263495172604
393,100,0.025512770839280333
394,100,0.02531948025295465
395,100,0.0250807262861883
396,100,0.02444136520483308
397,100,0.02516124391201307
398,100,0.02539445119665675
399,100,0.025231523061902208
400,100,0.025649223847532442
401,100,0.025428624264055462
402,100,0.025731419114076552
403,100,0.025354869280372522
404,100,0.024717460442724812
405,100,0.025084985086090125
406,100,0.025448552466357632
407,100,0.024808744750549422
408,100,0.02528050684548121
409,100,0.025259206620105557
410,100,0.02565184533296715
411,100,0.024916975231074733
412,100,0.025553116164549847
413,100,0.0256855641357603
414,100,0.025282221460797945
415,100,0.02545903582229181
416,100,0.025319099752400927
417,100,0.02523563331949316
418,100,0.02506647270760272
419,100,0.02528821914792335
420,100,0.025513300033305757
421,100,0.025056936336937563
422,100,0.025613276438620255
423,100,0.0257050060090642
424,100,0.025031980390857595
425,100,0.0255546743610471
426,100,0.025370685308274136
427,100,0.025170264243953324
428,100,0.02486410957987563
429,100,0.02524383309860509
430,100,0.025571795695206442
431,100,0.02530841687406831
432,100,0.02524219409568297
433,100,0.025432143710624647
434,100,0.025241119205064094
435,100,0.025035336668719967
436,100,0.02490956385423361
437,100,0.025381354089774797
438,100,0.025397001252726183
439,100,0.025210586037686993
440,100,0.025610297582846317
441,100,0.025508029112042984
442,100,0.025315501295493644
443,100,0.025588742960530503
444,100,0.024872991346992113
445,100,0.02546806029439172
446,100,0.025198672625966024
447,100,0.025663389149749347
448,100,0.02510323514992887
449,100,0.025158547823014712
450,100,0.025638988727179693
451,100,0.02523871912270857
452,100,0.02525685819187882
453,100,0.02508127737087737
454,100,0.025535479006886186
455,100,0.02572128828920251
456,100,0.025329420387613058
457,100,0.02477127009080072
458,100,0.025736458574979627
459,100,0.025221801995596923
460,100,0.025576363361776114
461,100,0.025217984501252354
462,100,0.025327188483695286
463,100,0.02493461377964239
464,100,0.025247052332564898
465,100,0.025283132705698964
466,100,0.02523491613257003
467,100,0.0251778705945763
468,100,0.025348981314457265
469,100,0.025478560794113984
470,100,0.025375495563831705
471,100,0.025085717476348652
472,100,0.024322191389882657
473,100,0.02508274581511396
474,100,0.02527634917689575
475,100,0.02542165592047719
476,100,0.02534457144551879
477,100,0.025542255614215685
478,100,0.025358372457772175
479,100,0.02496942070396152
480,100,0.025000822540692486
481,100,0.02490635674218865
482,100,0.02549027276134868
483,100,0.025612644887267774
484,100,0.02494447929790557
485,100,0.024914204447091273
486,100,0.02499969168852832
487,100,0.02473686385251985
488,100,0.025692726569913612
489,100,0.024960253137335284
490,100,0.025527052633744756
491,100,0.025539990261226053
492,100,0.02525059972290264
493,100,0.025251825794263688
494,100,0.025573796312597628
495,100,0.025076834858122635
496,100,0.024678505447817953
497,100,0.025542270446090486
498,100,0.02538763178437207
499,100,0.025180980221432205
500,100,0.02493655712265887
501,100,0.025564135225849178
502,100,0.025344252913650618
503,100,0.024947249110348065
504,100,0.025461301594572074
505,100,0.02547094681080473
506,100,0.025620260275037485
507,100,0.025838696238301827
508,100,0.025052435939050648
509,100,0.02560395779966217
510,100,0.024943888884134836
511,100,0.025078817659392325
512,100,0.024962544562505278
513,100,0.02604672532879043
514,100,0.025422728488896592
515,100,0.025800557227760652
516,100,0.025789015418904347
517,100,0.025444212021459772
518,100,0.025089089459649345
519,100,0.025455052431292063
520,100,0.024997638638082572
521,100,0.025801596937232135
522,100,0.025345282505280415
523,100,0.02574565631051477
524,100,0.025219461716115686
525,100,0.0251208944429754
526,100,0.025024161274259823
527,100,0.02593121972555698
528,100,0.025105641567045863
529,100,0.025074662678667044
530,100,0.025735257798556187
531,100,0.024757516692066515
532,100,0.025125041823798808
533,100,0.025471945253175275
534,100,0.025403726038938458
535,100,0.02566667516568861
536,100,0.024731158783217428
537,100,0.025240140268134377
538,100,0.025628459071190948
539,100,0.02559572552428562
540,100,0.025065527569541293
541,100,0.025399619003159183
542,100,0.025528984398319982
543,100,0.024845288926908016
544,100,0.025189618098747313
545,100,0.024791582520021727
546,100,0.024971477053209522
547,100,0.025497700880795476
548,100,0.025096109855907392
549,100,0.025408117775380663
550,100,0.02546542685693309
551,100,0.025043844177702973
552,100,0.02564077608291335
553,100,0.025720986026689065
554,100,0.025558552625192944
555,100,0.025392076500675993
556,100,0.02516817145557158
557,100,0.02545121711772305
558,100,0.025099117427355454
559,100,0.025314698812330533
560,100,0.02528954861784139
561,100,0.025342065106514208
562,100,0.02480763036043892
563,100,0.025122890849609232
564,100,0.025712317436793617
565,100,0.025828342167601732
566,100,0.025327498060981092
567,100,0.025116161142469926
568,100,0.02491150461873978
569,100,0.02576885708018455
570,100,0.025477111630494136
571,100,0.02539639332561465
572,100,0.025360791368167247
573,100,0.025541417779498067
574,100,0.025165126538713434
575,100,0.025007722056408506
576,100,0.02536642389427359
577,100,0.025491292555782
578,100,0.024769923349116943
579,100,0.0252270963101422
580,100,0.02596690284576088
581,100,0.025403785984684214
582,100,0.025104137322256772
583,100,0.025089046178852218
584,100,0.02627562378104964
585,100,0.024701226701282393
586,100,0.025712688696882383
587,100,0.0255718805410895
588,100,0.025228647492677614
589,100,0.025477162523241555
590,100,0.025414862496492104
591,100,0.025652074768894105
592,100,0.024935177699812218
593,100,0.02525115550010439
594,100,0.02508381715481648
595,100,0.025380608513216427
596,100,0.025691432055947722
597,100,0.025553573920414775
598,100,0.025290470333085836
599,100,0.02529180309663983
600,100,0.025508967661132843
601,100,0.025391962266023516
602,100,0.02591552848931003
603,100,0.025319778852603468
604,100,0.025172138655768086
605,100,0.024948651149301494
606,100,0.02545205194542211
607,100,0.025348027213347817
608,100,0.02521606830189944
609,100,0.02517719955294092
610,100,0.025645246717987173
611,100,0.02550556312313874
612,100,0.025274184689968428
613,100,0.02512259281385154
614,100,0.02518535064356514
615,100,0.024924444745774692
616,100,0.02527938293969343
617,100,0.02504555088798604
618,100,0.024851237521767884
619,100,0.02588343282340627
620,100,0.025566164975220514
621,100,0.02544759921976453
622,100,0.02533616409074664
623,100,0.02459967041981217
624,100,0.025350061571181172
625,100,0.025028015672064967
626,100,0.025499220630823997
627,100,0.025248516682114527
628,100,0.025825210012645736
629,100,0.025158131675116366
630,100,0.025272493119459002
631,100,0.025160159007035807
632,100,0.025176190871361238
633,100,0.02503936710110312
634,100,0.0254054878280837
635,100,0.02530793913560604
636,100,0.025949976118996295
637,100,0.02510714353259021
638,100,0.025043602484040268
639,100,0.025341455156529722
640,100,0.02569800681715504
641,100,0.025191582474624236
642,100,0.025380144320477627
643,100,0.024925495017938174
644,100,0.02537341355432881
645,100,0.025404286585301705
646,100,0.025473265475049016
647,100,0.026042258311379095
648,100,0.024727451295650273
649,100,0.025417292408287873
650,100,0.02526744882392277
651,100,0.025485119206500404
652,100,0.025198205579029142
653,100,0.025934609439418988
654,100,0.024828014371785907
655,100,0.025026840300411968
656,100,0.024906894592200857
657,100,0.0251392421832273
658,100,0.025546867225782626
659,100,0.025487524623115647
660,100,0.02564253864112253
661,100,0.02536751085930141
662,100,0.02515808377459828
663,100,0.024880634239848782
664,100,0.024922563091364897
665,100,0.02543827796928776
666,100,0.025219994402590103
667,100,0.025797581143234313
668,100,0.025236911076624475
669,100,0.025988617883682244
670,100,0.02500906789564252
671,100,0.025750252835754085
672,100,0.02520712685428509
673,100,0.025649152112406877
674,100,0.025097787154220084
675,100,0.025681016610305425
676,100,0.025143599282058268
677,100,0.025938123236008224
678,100,0.026139295588350347
679,100,0.02523797634614942
680,100,0.02519338355220367
681,100,0.025146667825288228
682,100,0.025407506279588425
683,100,0.025628441866436757
684,100,0.025665678216902917
685,100,0.02534875508492153
686,100,0.02536988342662031
687,100,0.0247548686093579
688,100,0.025637091422404484
689,100,0.025599254027969233
690,100,0.024898469095831363
691,100,0.024921051706741866
692,100,0.025341244453102988
693,100,0.0247331681958453
694,100,0.02495303522622471
695,100,0.02516049808739958
696,100,0.025130469682701516
697,100,0.025065513451215916
698,100,0.02552780416974132
699,100,0.025657554465750784
700,100,0.02474932219498614
701,100,0.025501189122116664
702,100,0.025379775338423224
703,100,0.025615060479794085
704,100,0.02537123115802642
705,100,0.025187978295531932
706,100,0.025441318489415294
707,100,0.025242166573147727
708,100,0.0257356362777704
709,100,0.025509532082861008
710,100,0.024798625293965246
711,100,0.025282526716070057
712,100,0.025424203859696768
713,100,0.02511463527593482
714,100,0.025713799477615703
715,100,0.02508360279072799
716,100,0.025737410922579952
717,100,0.025533368389506837
718,100,0.02510267183844904
719,100,0.02570454800689449
720,100,0.024716603925526062
721,100,0.02527779945150995
722,100,0.025691502165028003
723,100,0.02526192851223332
724,100,0.02546825871543606
725,100,0.025656650586342013
726,100,0.025832627954095622
727,100,0.02517041039591407
728,100,0.025387134477450352
729,100,0.02522932923575826
730,100,0.025073501391981057
731,100,0.02496019726703092
732,100,0.025710634126483885
733,100,0.025258425670881837
734,100,0.02525328348946436
735,100,0.025359151424252845
736,100,0.025336606826949448
737,100,0.025434629994077706
738,100,0.025963398098347017
739,100,0.025026353161895804
740,100,0.024973429407619666
741,100,0.02485657055774418
742,100,0.02522018419646733
743,100,0.025825384737473193
744,100,0.025493432489282757
745,100,0.025123508055713024
746,100,0.02487068691414927
747,100,0.025364468800949416
748,100,0.025237597233182633
749,100,0.025871362433553424
750,100,0.025280795805985877
751,100,0.024469499872501858
752,100,0.025659244607168848
753,100,0.025895085215367878
754,100,0.025402001204290092
755,100,0.02481806623598223
756,100,0.02517538462979631
757,100,0.025580341856809595
758,100,0.025177036272352377
759,100,0.024759781783494698
760,100,0.024914310844914904
761,100,0.025307197712028086
762,100,0.02560758978705375
763,100,0.025144753313318613
764,100,0.025194499861370713
765,100,0.024942349726993232
766,100,0.02510615637843119
767,100,0.02564495555202906
768,100,0.02547649703487395
769,100,0.025168489153748044
770,100,0.024878926514360813
771,100,0.025509309067987856
772,100,0.025092792752570828
773,100,0.024943168162095058
774,100,0.025664303184908605
775,100,0.025593212989830617
776,100,0.02526817420802693
777,100,0.02527533657830132
778,100,0.024809244234562152
779,100,0.025152400331148635
780,100,0.025211919737028875
781,100,0.025337187709878785
782,100,0.02505096366072524
783,100,0.024945004131221825
784,100,0.025173483000370294
785,100,0.02521076222112912
786,100,0.025503484374890605
787,100,0.02554179654387235
788,100,0.02582407477788595
789,100,0.02501659008425938
790,100,0.025186064255848916
791,100,0.024862202409876473
792,100,0.025102719436674973
793,100,0.024749609209035333
794,100,0.025045031402245073
795,100,0.02541682828119668
796,100,0.02532787732613363
797,100,0.025781781087674496
798,100,0.025370555036505073
799,100,0.025294377421202312
800,100,0.025128492924472844
801,100,0.025657822895547407
802,100,0.025408045313588833
803,100,0.02571707406155145
804,100,0.02533658922538404
805,100,0.02517271996434697
806,100,0.02572877435076503
807,100,0.025757023127235996
808,100,0.02482925514697461
809,100,0.02515035697536729
810,100,0.025475580464850177
811,100,0.025279199064924495
812,100,0.025429003429357076
813,100,0.025289323844150176
814,100,0.024716373004234314
815,100,0.02522588927033323
816,100,0.024893840319209475
817,100,0.024677070144328798
818,100,0.025028779457844243
819,100,0.025186852328068596
820,100,0.0255843095532367
821,100,0.025647309533497704
822,100,0.025979916641743664
823,100,0.025162852460734568
824,100,0.025034594120390587
825,100,0.025171505154493148
826,100,0.025291447180154622
827,100,0.025434057124495056
828,100,0.025777459828809635
829,100,0.025713559634844986
830,100,0.02520006734053946
831,100,0.025058409092698807
832,100,0.025209419889284778
833,100,0.02529080556463572
834,100,0.025515235698632593
835,100,0.025121687936732605
836,100,0.025465494746129243
837,100,0.02444889471144361
838,100,0.025379086424129265
839,100,0.025137669025242514
840,100,0.02538714054065602
841,100,0.025571376848642698
842,100,0.0246551107992494
843,100,0.025331048068565107
844,100,0.0253188921648361
845,100,0.02541756254981165
846,100,0.02498390705203669
847,100,0.025203035379253728
848,100,0.025018223578871134
849,100,0.025448395740847493
850,100,0.02513387061683701
851,100,0.025338366582689214
852,100,0.025200606022169218
853,100,0.025437233062127303
854,100,0.025378664661570398
855,100,0.025789788954186578
856,100,0.025292767812270283
857,100,0.024996726939270984
858,100,0.024924414432797425
859,100,0.025459968322648463
860,100,0.025144567741077848
861,100,0.024967126106757956
862,100,0.0256995149706986
863,100,0.02576498484510371
864,100,0.025582856495086938
865,100,0.025624220307724745
866,100,0.025558053745835238
867,100,0.025948392157760767
868,100,0.02528987458207932
869,100,0.02518656750017519
870,100,0.025526957517805877
871,100,0.02554943127220127
872,100,0.02532477370331317
873,100,0.02533404506756053
874,100,0.02481442903919987
875,100,0.02528516944635709
876,100,0.025973962800825413
877,100,0.025096312190168318
878,100,0.024928367482301907
879,100,0.025298511901774852
880,100,0.025443282697204233
881,100,0.02562695929243707
882,100,0.02556696930315404
883,100,0.025359853460179885
884,100,0.02525368596991984
885,100,0.0258076301221391
886,100,0.025438820253111505
887,100,0.02552313057158574
888,100,0.025016633177950998
889,100,0.025292768966506583
890,100,0.025287532157503796
891,100,0.025420705432904325
892,100,0.02568201586737339
893,100,0.02501960929892769
894,100,0.025008454991249866
895,100,0.025190616396301303
896,100,0.025216568845846173
897,100,0.025292852753018603
898,100,0.02525523728035951
899,100,0.025126885431621022
900,100,0.024936829850285277
901,100,0.02551723295043155
902,100,0.025752585462156155
903,100,0.025533886624718383
904,100,0.025649338956041188
905,100,0.025502258101534926
906,100,0.025544255726278556
907,100,0.02571055902729196
908,100,0.025266861978713896
909,100,0.026157189759520066
910,100,0.025046581565798365
911,100,0.02589712420854682
912,100,0.02505840153839548
913,100,0.024681829233856478
914,100,0.02548936312171731
915,100,0.02556220228381383
916,100,0.025146136490979545
917,100,0.025018836914871185
918,100,0.02568086008764134
919,100,0.02537742763165672
920,100,0.025258581456069382
921,100,0.02538385685708305
922,100,0.025023076087294753
923,100,0.024629026735281542
924,100,0.02587137161345472
925,100,0.025098388340664905
926,100,0.025599541859500717
927,100,0.025136683493564512
928,100,0.02555267905434801
929,100,0.025190474856731686
930,100,0.025067760159880773
931,100,0.025198588485434714
932,100,0.025681733833082813
933,100,0.025253096794330628
934,100,0.025326041490432792
935,100,0.02487326676514545
936,100,0.024703252083795556
937,100,0.025753388147557628
938,100,0.025662733283747425
939,100,0.02567815741665685
940,100,0.02505043267984113
941,100,0.024911441015183534
942,100,0.02554733862597434
943,100,0.025462828828757146
944,100,0.02565652538919677
945,100,0.02509164197499167
946,100,0.025665232906211
947,100,0.02560384876823805
948,100,0.024917749103530815
949,100,0.025839804975479302
950,100,0.02546240598265017
951,100,0.02524103938807939
952,100,0.024873976536353412
953,100,0.025142737866018356
954,100,0.02547695024184678
955,100,0.025863260158860056
956,100,0.024925267645428482
957,100,0.0259847517890846
958,100,0.025294043574708016
959,100,0.025856640365330447
960,100,0.025260652916726134
961,100,0.02513682871670611
962,100,0.024949523546539926
963,100,0.02550079735389382
964,100,0.025025271062846164
965,100,0.025258618984028244
966,100,0.025451256345325152
967,100,0.024918435288121005
968,100,0.025180980874491207
969,100,0.02541085100776943
970,100,0.025991604290873153
971,100,0.025405761599689818
972,100,0.02587662067682651
973,100,0.02515658830755734
974,100,0.025788277713246942
975,100,0.025365832619851942
976,100,0.02566086815441314
977,100,0.026130736392670887
978,100,0.024931090941090448
979,100,0.025448597016879144
980,100,0.025343611909265127
981,100,0.025953691024345176
982,100,0.025232861335172673
983,100,0.025366177015800958
984,100,0.025338014532458368
985,100,0.024791411400473567
986,100,0.02554835026828691
987,100,0.025357903812382124
988,100,0.02519633721639432
989,100,0.025042516518179937
990,100,0.025645368425426807
991,100,0.025520342672046413
992,100,0.02596754273787324
993,100,0.024977462895826835
994,100,0.025485666514742624
995,100,0.02499813820203469
996,100,0.025251063382703158
997,100,0.025195462117835365
998,100,0.025313915330140678
999,100,0.025062294415872346
1000,100,0.02518631155288498
1001,100,0.02506742251308352
1002,100,0.025251854776864566
1003,100,0.025444424520554294
1004,100,0.0252181993686033
1005,100,0.02516841988857205
1006,100,0.025220077666722768
1007,100,0.02518496924468214
1008,100,0.025558731198207462
1009,100,0.02535104812111571
1010,100,0.025014375354568075
1011,100,0.025112175341933662
1012,100,0.025587495356442256
1013,100,0.025196326191651398
1014,100,0.024792151733612735
1015,100,0.02516209581649824
1016,100,0.025503205508026067
1017,100,0.02536770774812937
1018,100,0.025592645297787785
1019,100,0.025495541105996153
1020,100,0.025469348429563048
1021,100,0.025069939550354352
1022,100,0.025342382884702325
1023,100,0.025328717564844856
1024,100,0.02578131817472224
1025,100,0.025541768577406716
1026,100,0.025289621548590786
1027,100,0.025327690152390274
1028,100,0.025140323696592765
1029,100,0.02514657638329441
1030,100,0.025056716527011465
1031,100,0.025606955299980645
1032,100,0.025508659550531547
1033,100,0.025087054978250686
1034,100,0.02557677597055939
1035,100,0.02525012496581932
1036,100,0.02574696969789084
1037,100,0.02528164585255416
1038,100,0.025057268207183157
1039,100,0.025394647116475655
1040,100,0.025334054830975304
1041,100,0.025090400091554256
1042,100,0.025698373383427873
1043,100,0.025270137775400246
1044,100,0.02530972667547707
1045,100,0.024890061186818663
1046,100,0.02503619612854684
1047,100,0.02555811124399597
1048,100,0.02535554647747985
1049,100,0.025238879078616987
1050,100,0.0254435180211189
1051,100,0.025262090225843463
1052,100,0.02545006993964796
1053,100,0.025200088684661406
1054,100,0.024704332058503503
1055,100,0.02455107855450723
1056,100,0.0253611987188127
1057,100,0.025547923704860382
1058,100,0.025836232648098593
1059,100,0.02498913415134312
1060,100,0.025017407458511106
1061,100,0.02549300018887535
1062,100,0.025448215424303873
1063,100,0.025402068380104215
1064,100,0.0254778603108713
1065,100,0.025881680550105285
1066,100,0.0253330398202646
1067,100,0.025018247685196317
1068,100,0.02513231782628568
1069,100,0.025581908618159482
1070,100,0.024781875283604534
1071,100,0.025515186915179535
1072,100,0.025394724947868794
1073,100,0.025511737814385236
1074,100,0.0259315787573849
1075,100,0.02553119724524131
1076,100,0.025712040041391788
1077,100,0.02541571613570163
1078,100,0.025077152078755452
1079,100,0.025388361698413884
1080,100,0.025431436687654112
1081,100,0.025652248156362818
1082,100,0.02579817286426948
1083,100,0.025414174352023613
1084,100,0.025713931625249313
1085,100,0.024807945647515508
1086,100,0.025449504993523317
1087,100,0.025288884554497015
1088,100,0.025012369609375397
1089,100,0.025508838665128673
1090,100,0.024978565631375446
1091,100,0.02528872663974603
1092,100,0.025270914511989175
1093,100,0.025684664462471425
1094,100,0.024811492951119448
1095,100,0.024967297911614186
1096,100,0.02557052447987227
1097,100,0.02522833134641612
1098,100,0.025162429703042402
1099,100,0.024950070444039532
1100,100,0.025311718794685877
1101,100,0.025409538612287435
1102,100,0.02554784540183825
1103,100,0.024867950739563036
1104,100,0.024769093307193183
1105,100,0.02544955010798746
1106,100,0.025346216227527307
1107,100,0.02504242409747175
1108,100,0.024694193965090015
1109,100,0.025515497073795274
1110,100,0.024989472247539862
1111,100,0.0248868964823443
1112,100,0.02498676891108809
1113,100,0.02499199875983974
1114,100,0.025475758637546378
1115,100,0.025414343340914473
1116,100,0.02502204143423749
1117,100,0.025323117877187717
1118,100,0.02520513305393805
1119,100,0.024771128156034886
1120,100,0.02545033413277439
1121,100,0.02540674071909181
1122,100,0.02553915500203968
1123,100,0.02538277450330383
1124,100,0.025422957950463405
1125,100,0.025463773702748133
1126,100,0.025327390841146956
1127,100,0.02581938126456377
1128,100,0.025131185742654633
1129,100,0.02511505364303569
1130,100,0.024955736088981915
1131,100,0.02525470514530012
1132,100,0.025251501278410356
1133,100,0.0249648516627305
1134,100,0.025361145164019702
1135,100,0.02538355549342633
1136,100,0.025647572217028868
1137,100,0.025416848341405306
1138,100,0.02512725550942308
1139,100,0.02508646885527731
1140,100,0.0249500336996196
1141,100,0.025678814531015132
1142,100,0.025199243074013937
1143,100,0.025574948383758896
1144,100,0.026012033437138832
1145,100,0.025111912718211376
1146,100,0.025430868590352814
1147,100,0.025658790252948035
1148,100,0.025428829986847798
1149,100,0.025185435229415784
1150,100,0.02511050434722182
1151,100,0.02547926847886774
1152,100,0.025381671392745015
1153,100,0.025402349127407464
1154,100,0.024785691663015735
1155,100,0.025316730688902
1156,100,0.02538460619043308
1157,100,0.025633448065009643
1158,100,0.02590474663387872
1159,100,0.025661832336663516
1160,100,0.02525034218854815
1161,100,0.025404838656079672
1162,100,0.025215580684278927
1163,100,0.025575015902922202
1164,100,0.025569377651201625
1165,100,0.025156693789627385
1166,100,0.025430479073738715
1167,100,0.02528566825878732
1168,100,0.025074550009830235
1169,100,0.02499987392355574
1170,100,0.025251162816354412
1171,100,0.025189711946364133
1172,100,0.02476848147078569
1173,100,0.025569542626830418
1174,100,0.024833397795450338
1175,100,0.02538852457184306
1176,100,0.025147114441141424
1177,100,0.02552820064317214
1178,100,0.02558766111973649
1179,100,0.025583102242893112
1180,100,0.02507500893423971
1181,100,0.02533604921432751
1182,100,0.025691782679353792
1183,100,0.024845617918389726
1184,100,0.025026818746176595
1185,100,0.025207858908902984
1186,100,0.025010561006631148
1187,100,0.02574624785006604
1188,100,0.025015744448026303
1189,100,0.025413773960237734
1190,100,0.02482194494488005
1191,100,0.024993328548894904
1192,100,0.025602423837545404
1193,100,0.025190784087476333
1194,100,0.02576396422220978
1195,100,0.025638724292696195
1196,100,0.024819871572298608
1197,100,0.02539234552672221
1198,100,0.025612042702165418
1199,100,0.02558098015738384
1200,100,0.02572374298888214
1201,100,0.02553409264498018
1202,100,0.02542291368633568
1203,100,0.024963911653390673
1204,100,0.02550224689422225
1205,100,0.02504094278618674
1206,100,0.025446340983266483
1207,100,0.025415147313746972
1208,100,0.0255931992488187
1209,100,0.025314102305618993
1210,100,0.0252248708007336
1211,100,0.025342930746264862
1212,100,0.025765787705009754
1213,100,0.025655952904215035
1214,100,0.02531462054503129
1215,100,0.025062473962992646
1216,100,0.024848788207895926
1217,100,0.02483862842425452
1218,100,0.024716628932319504
1219,100,0.025288901981488823
1220,100,0.025121769810225923
1221,100,0.025380040811262147
1222,100,0.025234486726360757
1223,100,0.024773635385240772
1224,100,0.02517297460492309
1225,100,0.02522859253261281
1226,100,0.025499840153878836
1227,100,0.025350295898527088
1228,100,0.02534058584366978
1229,100,0.025557026714326372
1230,100,0.025651061963968932
1231,100,0.02608305413688691
1232,100,0.024708888744731553
1233,100,0.025260712630672005
1234,100,0.025079770128211457
1235,100,0.025727298732440725
1236,100,0.02554099024649559
1237,100,0.025083413958184416
1238,100,0.02492030287407356
1239,100,0.0251871955557873
1240,100,0.02626131660067056
1241,100,0.025517458954743416
1242,100,0.02518055028325682
1243,100,0.025746842004774985
1244,100,0.025345016247477568
1245,100,0.024915010000475447
1246,100,0.025286609721594633
1247,100,0.02582911902333465
1248,100,0.02526272669717584
1249,100,0.025696482195626872
1250,100,0.025193134328094887
1251,100,0.02557003920022896
1252,100,0.02545402200205793
1253,100,0.025080584385584984
1254,100,0.025609978959816468
1255,100,0.024995914192936758
1256,100,0.02500838328319266
1257,100,0.02552283328958723
1258,100,0.025559361588572575
1259,100,0.026272418365887493
1260,100,0.02540296751362166
1261,100,0.025653002030301898
1262,100,0.025477777399139895
1263,100,0.025317772261323174
1264,100,0.025697693399191143
1265,100,0.02615849627183239
1266,100,0.025064543243295934
1267,100,0.02488478269703353
1268,100,0.02515499026839728
1269,100,0.02590718807084062
1270,100,0.025971135548623937
1271,100,0.025985676807735524
1272,100,0.02551672499726429
1273,100,0.024965063022050298
1274,100,0.024993116326657128
1275,100,0.025600526801204167
1276,100,0.025365075379085215
1277,100,0.025248929335623213
1278,100,0.02576929993996827
1279,100,0.025141847458987503
1280,100,0.02532308076389153
1281,100,0.026001450652756036
1282,100,0.025499221367100113
1283,100,0.024829784909218715
1284,100,0.025683287780788815
1285,100,0.0253747803588326
1286,100,0.025953485789056582
1287,100,0.025414020319914903
1288,100,0.025763050295107153
1289,100,0.024833932051137868
1290,100,0.02571780124101999
1291,100,0.02523461034114735
1292,100,0.025613424446072064
1293,100,0.025347550816457627
1294,100,0.0253155420291375
1295,100,0.02556793145131886
1296,100,0.02561718557864347
1297,100,0.02569499944537694
1298,100,0.025442631751310306
1299,100,0.02501289150799213
1300,100,0.02587572449312666
1301,100,0.025300487995682935
1302,100,0.025915466901431403
1303,100,0.025879936362310584
1304,100,0.025743456736567017
1305,100,0.025471566551129598
1306,100,0.025472643974491758
1307,100,0.025236044811644986
1308,100,0.02523946570915011
1309,100,0.024830326310447605
1310,100,0.02569624306722633
1311,100,0.025570343097017344
1312,100,0.025255972991721755
1313,100,0.025179642142610887
1314,100,0.024975591777521906
1315,100,0.025725834066631193
1316,100,0.025406330039532275
1317,100,0.025428181343244427
1318,100,0.02575120299102188
1319,100,0.025292686956700835
1320,100,0.02563744423073943
1321,100,0.0253462374202903
1322,100,0.025555545424197194
1323,100,0.025338882219054983
1324,100,0.02482264614033109
1325,100,0.02573581599504467
1326,100,0.025385874548487862
1327,100,0.024952426359512607
1328,100,0.024912112386770213
1329,100,0.025695877194018297
1330,100,0.02557422121852877
1331,100,0.02457053323639772
1332,100,0.025481543948013018
1333,100,0.025043587395832925
1334,100,0.025021130639132357
1335,100,0.025721499707274092
1336,100,0.025129010447712288
1337,100,0.025141462895303775
1338,100,0.02584345980231295
1339,100,0.0249737855580131
1340,100,0.0254208944896487
1341,100,0.025459247441965968
1342,100,0.02520394846733848
1343,100,0.02560698654093723
1344,100,0.02554247848303556
1345,100,0.02569769264329021
1346,100,0.025823751052532748
1347,100,0.025235049709030635
1348,100,0.025074725589047723
1349,100,0.025217596025717104
1350,100,0.025442961756370487
1351,100,0.025525875541899466
1352,100,0.02478083310284037
1353,100,0.025024605703381147
1354,100,0.025321754130898603
1355,100,0.025194612879626276
1356,100,0.024796106937038015
1357,100,0.025591958380468956
1358,100,0.024943603413409187
1359,100,0.025138416246916272
1360,100,0.025397828147855395
1361,100,0.025582622331103335
1362,100,0.025814011795157764
1363,100,0.025104845192324372
1364,100,0.02507803185391881
1365,100,0.025230780228326796
1366,100,0.025401280829876832
1367,100,0.02601945600054152
1368,100,0.025609839567767547
1369,100,0.02555003267157798
1370,100,0.025000606675263718
1371,100,0.02493220481206358
1372,100,0.025248310775238193
1373,100,0.02549197213520453
1374,100,0.025409238127590272
1375,100,0.02546133952518826
1376,100,0.025334873085566516
1377,100,0.025274923456001776
1378,100,0.025551159224854236
1379,100,0.02561843110090787
1380,99,0.025303256824325947
1381,99,0.0253294871439783
1382,99,0.025024013424376358
1383,99,0.024880047425234527
1384,99,0.024953534544200878
1385,99,0.0250743705773927
1386,99,0.025762179188543347
1387,99,0.025474195778054945
1388,99,0.025296959452567932
1389,99,0.025462914626255616
1390,99,0.024910347974806568
1391,99,0.025261581625738917
1392,99,0.02553000825027973
1393,99,0.024348929560775435
1394,99,0.025586567213832064
1395,99,0.02542068110623402
1396,99,0.02513134308129575
1397,99,0.02492724364425804
1398,99,0.02518098014138044
1399,99,0.025325757281278696
1400,99,0.025229823277089312
1401,99,0.024991644941144274
1402,99,0.02495326541096639
1403,99,0.025327562659902523
1404,99,0.025157019944184126
1405,99,0.02603449391554213
1406,99,0.025197767431329107
1407,99,0.024791107072971132
1408,99,0.02520384040567892
1409,99,0.025440351607079203
1410,99,0.02516353752492348
1411,99,0.024650664702585805
1412,99,0.02519359579825818
1413,99,0.025239808826700065
1414,99,0.025650919376002414
1415,99,0.025383941598140062
1416,99,0.0247887755938252
1417,99,0.02491808086082066
1418,99,0.025561923899329368
1419,99,0.025501146865517913
1420,99,0.024882851046919233
1421,99,0.025156854437653874
1422,99,0.025483372114235823
1423,99,0.025428278402674052
1424,99,0.025298947731760738
1425,99,0.025578229379862157
1426,99,0.025465703608882794
1427,99,0.02499522669665654
1428,99,0.024825702704992913
1429,99,0.025022098462309846
1430,99,0.02538581245062201
1431,99,0.025552518025523798
1432,99,0.025475790750213674
1433,99,0.025248347263256653
1434,99,0.02487833689066311
1435,99,0.024740124690273656
1436,99,0.025685126857909493
1437,99,0.02488737531801756
1438,99,0.02495923248456624
1439,99,0.025275578642544358
1440,99,0.025425528570369168
1441,99,0.024952805253413007
1442,99,0.025561369999943635
1443,99,0.026084644451404793
1444,99,0.024965323425548684
1445,99,0.024778159931412035
1446,99,0.0250033808664883
1447,99,0.024954409943627708
1448,99,0.025589369932997548
1449,99,0.024717208249112083
1450,99,0.025040729594744175
1451,99,0.025459600598260586
1452,99,0.025125783500331643
1453,99,0.02514105123708995
1454,99,0.0247076559557934
1455,99,0.025690604956309936
1456,99,0.02578207871323636
1457,99,0.02517953620694701
1458,99,0.02514598476175947
1459,99,0.025304767352440437
1460,99,0.02540599325076326
1461,99,0.025033879867150645
1462,99,0.025442919554360434
1463,99,0.024608845739119384
1464,99,0.02497279303382502
1465,99,0.0251446533520164
1466,99,0.025312382897882013
1467,99,0.025381893651831123
1468,99,0.026005097255824065
1469,99,0.02492991520278011
1470,99,0.02469708878186734
1471,99,0.025286629639880615
1472,99,0.025049159190692914
1473,99,0.025258877954185747
1474,99,0.02531472583945622
1475,99,0.024656430803219068
1476,99,0.024929111295970002
1477,99,0.02498203027712197
1478,99,0.025298112369050465
1479,99,0.02566389153304713
1480,99,0.024853450987740087
1481,99,0.024837053938139838
1482,99,0.02511077643313558
1483,99,0.025522871521871313
1484,99,0.02488222718884115
1485,99,0.02486588741983408
1486,99,0.025105750237422467
1487,99,0.024936399579785256
1488,99,0.02531354581624921
1489,99,0.02572013696111218
1490,99,0.025257693077647275
1491,99,0.025530974957714336
1492,98,0.02483313365855779
1493,98,0.024945418334255818
1494,98,0.024657022482255896
1495,98,0.025122028626364347
1496,98,0.025238310700384677
1497,98,0.02477383187454798
1498,98,0.025044269479931457
1499,98,0.025696417722208546
1500,98,0.025160446184673835
1501,98,0.025396445318431476
1502,98,0.025118307203737977
1503,98,0.024966506223670946
1504,98,0.024867218443604427
1505,98,0.024950223976199188
1506,98,0.02500720110209028
1507,98,0.024542069610158333
1508,98,0.02486374934975669
1509,98,0.025120018096743763
1510,98,0.02439524731881408
1511,98,0.025201634286970465
1512,98,0.02514073908090003
1513,98,0.02495620089656679
1514,98,0.02524848325836435
1515,98,0.025230110014229267
1516,98,0.025123483735439774
1517,98,0.02525935758102313
1518,98,0.024380676462836065
1519,98,0.025361060927414268
1520,98,0.025194327478144214
1521,98,0.025373188047745823
1522,98,0.02535968583946001
1523,98,0.025607661969819253
1524,98,0.0247798464908753
1525,98,0.024641656961951426
1526,98,0.02517239775248058
1527,98,0.025025092613497068
1528,98,0.02509159354201158
1529,98,0.024883736850730403
1530,98,0.02514306472872029
1531,98,0.025099470986314584
1532,98,0.024948440537977075
1533,98,0.025027607058967595
1534,98,0.02442262006893803
1535,98,0.024686642497193382
1536,98,0.025541919127901068
1537,98,0.024797575669854247
1538,98,0.02467917740726208
1539,98,0.02470422198224477
1540,98,0.025241145678090642
1541,98,0.02499624371887912
1542,98,0.024670804779538008
1543,98,0.024461059351797664
1544,97,0.024622876365268814
1545,97,0.024944673193529245
1546,97,0.025208907168547703
1547,97,0.024804146416658724
1548,97,0.024184913041734403
1549,97,0.024677117213785547
1550,97,0.025009206916369674
1551,97,0.024613812470962112
1552,97,0.024770547008343677
1553,97,0.025223324990244003
1554,97,0.024882380317609108
1555,97,0.024676068413883846
1556,97,0.024952463126516063
1557,97,0.02489315735219938
1558,97,0.02487346441498113
1559,97,0.024864350469146562
1560,97,0.02482703016841461
1561,97,0.02449132027118093
1562,97,0.024315865029048717
1563,97,0.02460455412358748
1564,97,0.02410947377051691
1565,97,0.024317792017217888
1566,97,0.024680403584015225
1567,97,0.024583185086876576
1568,97,0.024513085717998113
1569,97,0.024864494083905876
1570,97,0.02492271909842598
1571,97,0.024435061187309686
1572,97,0.024962519601627223
1573,97,0.024738971606102538
1574,97,0.02441462443440467
1575,97,0.024487971325182555
1576,97,0.024989196637230322
1577,97,0.024832839650502023
1578,97,0.02474821836312907
1579,97,0.024317533819198503
1580,97,0.0251713288349088
1581,97,0.02494429609185699
1582,97,0.02481302948088072
1583,97,0.024753720452655358
1584,97,0.02547274931652027
1585,97,0.025233938924776333
1586,97,0.024474489581263147
1587,97,0.024433067883951363
1588,97,0.02426400044297316
1589,97,0.02486404001198316
1590,97,0.024860252334723595
1591,97,0.025521952322146935
1592,97,0.024620969770487423
1593,96,0.02513207816633961
1594,96,0.024267535542978957
1595,96,0.024219915145835897
1596,96,0.024495059187894474
1597,96,0.024480205734106416
1598,96,0.024438054779664035
1599,96,0.024546536936906626
1600,96,0.02450901680784677
1601,96,0.024457516127102046
1602,96,0.024881586163223782
1603,96,0.02423980219313736
1604,96,0.024508236173388643
1605,95,0.024175173159693815
1606,95,0.023981551449899552
1607,95,0.02444734056529333
1608,95,0.02481993752270179
1609,95,0.02392397781995364
1610,94,0.024265088746468478
1611,94,0.02439079749354018
1612,94,0.02441443030700472
1613,94,0.024253200776237153
1614,94,0.024616622443571858
1615,94,0.023896769610394185
1616,94,0.02452018352292812
1617,94,0.024190918262985174
1618,94,0.024392463620119386
1619,94,0.024609220084256322
1620,94,0.023736457728989354
1621,94,0.023707167939278063
1622,94,0.024325872451667847
1623,94,0.023843088547565783
1624,94,0.023998280847532284
1625,94,0.024803905178383472
1626,94,0.02426846763592977
1627,94,0.024693564007070134
1628,94,0.024324364644153114
1629,94,0.02405732098548334
1630,94,0.024251087425165685
1631,94,0.024366474816834675
1632,94,0.0239824332447581
1633,94,0.023812884544376127
1634,94,0.023441493215517865
1635,94,0.02386139169625912
1636,94,0.02420155791929414
1637,94,0.024337945877677854
1638,94,0.024741711920271973
1639,94,0.025036495774717858
1640,94,0.024296904755492017
1641,94,0.024270803383285404
1642,93,0.024118736426577084
1643,93,0.024001361700955896
1644,93,0.023741079634427915
1645,93,0.0244776122659444
1646,93,0.023760532946413483
1647,93,0.024152515229441455
1648,93,0.02386795941619375
1649,93,0.024045068662881138
1650,92,0.024167987884459244
1651,92,0.023730391207166655
1652,92,0.023567858219617377
1653,92,0.02424735033243053
1654,92,0.023766975085312912
1655,92,0.023346090359589455
1656,91,0.023552245743913177
1657,91,0.023646733733850296
1658,91,0.023234878179245265
1659,91,0.023611219273934926
1660,91,0.023035409548888573
1661,91,0.02370789175601608
1662,91,0.02313251683561764
1663,91,0.02321723573126549
1664,91,0.02367905774359226
1665,91,0.022927324006294998
1666,91,0.02328183024904861
1667,91,0.023441863404590348
1668,91,0.02360098864834915
1669,91,0.022672398954789983
1670,91,0.023454699006881772
1671,91,0.023019148467401395
1672,91,0.023216850696527846
1673,91,0.023390345758512093
1674,91,0.02366126459913791
1675,91,0.023508198796210095
1676,91,0.023699259342489433
1677,91,0.023011062522414992
1678,91,0.023444344169876043
1679,91,0.02314188268855914
1680,90,0.022831927297210418
1681,90,0.023191198773328356
1682,90,0.023489191752356815
1683,90,0.023721956916545515
1684,90,0.02357654200203681
1685,90,0.023207636646377906
1686,90,0.02324979322922738
1687,90,0.02307025567069717
1688,90,0.023460263085422105
1689,90,0.023270986040562568
1690,90,0.023699918077671835
1691,90,0.02302005028265657
1692,90,0.022876090419447093
1693,90,0.023066397561052127
1694,90,0.022934294830056448
1695,90,0.02357727876959841
1696,90,0.022867569948801056
1697,90,0.02355470986238284
1698,90,0.023746533724217193
1699,90,0.02331525427435609
1700,90,0.023313099371914753
1701,90,0.022668551126607206
1702,90,0.022634659011651955
1703,90,0.02386348165147362
1704,90,0.023950709707242442
1705,90,0.023142027181320277
1706,90,0.022926778454185004
1707,89,0.023238309535391393
1708,89,0.022905728457856458
1709,89,0.02303810314377125
1710,89,0.023503250106942833
1711,88,0.02296525069992382
1712,88,0.022513347301280403
1713,88,0.02251634207124987
1714,88,0.022771738528590685
1715,88,0.02300175886902689
1716,88,0.023297869484240383
1717,87,0.02289002110206264
1718,87,0.022724637728816353
1719,87,0.02248674188736038
1720,87,0.022672170481491897
1721,87,0.022712818268397047
1722,87,0.022530347434313952
1723,87,0.022883056434277124
1724,87,0.02224737458703415
1725,87,0.02262846686269166
1726,87,0.022965194344130187
1727,87,0.02310924990935435
1728,87,0.02224229484443627
1729,87,0.023031603644779276
1730,87,0.02210269153152014
1731,87,0.023386075936692834
1732,87,0.022560083228072264
1733,87,0.022176128167883422
1734,86,0.02217788297925052
1735,86,0.022121425328464853
1736,86,0.022659339633341206
1737,86,0.021729722064407306
1738,86,0.022379022065260944
1739,86,0.022071040547492822
1740,86,0.022895483474018385
1741,86,0.022275127600296672
1742,86,0.021907318309349867
1743,86,0.022472091766262213
1744,86,0.02275748980111696
1745,86,0.02249512040871374
1746,86,0.022109436461704674
1747,86,0.022828221188085335
1748,85,0.022385064783212696
1749,85,0.022475964419355253
1750,85,0.022192376559981804
1751,85,0.02156381379843116
1752,85,0.022175082746960204
1753,85,0.022662293296587113
1754,85,0.022038922322173065
1755,85,0.021687296650186136
1756,85,0.021978154513388297
1757,85,0.02230103981951312
1758,85,0.02137637281498463
1759,85,0.022474198893988648
1760,85,0.022422053633767737
1761,85,0.022376301667072312
1762,85,0.02208381140583325
1763,85,0.022389192981246094
1764,85,0.022578063952733315
1765,85,0.022373852921830892
1766,85,0.02189638644144307
1767,85,0.02284815894818177
1768,85,0.022490861061770034
1769,85,0.022259033869655005
1770,85,0.02198291447490251
1771,85,0.02210440376401971
1772,85,0.022529065401704875
1773,85,0.022034652099330074
1774,85,0.022466345660351203
1775,85,0.022249217936992846
1776,85,0.02205611155166615
1777,85,0.022141149935485202
1778,85,0.022033624471180055
1779,85,0.0217703356690067
1780,85,0.022281225570633723
1781,85,0.022251919695135756
1782,85,0.021790177331348432
1783,85,0.02208719549237516
1784,85,0.021841099474738293
1785,85,0.022304013512576493
1786,85,0.021465897473619665
1787,85,0.022252855108393275
1788,85,0.022164418043687656
1789,85,0.02180918003720918
1790,85,0.0227477554949416
1791,85,0.02255406406320925
1792,85,0.021650442120274258
1793,85,0.021925624859371197
1794,85,0.021803489970599686
1795,85,0.022035856708615624
1796,85,0.02207437553802814
1797,85,0.02224515552353046
1798,85,0.022394597065823876
1799,85,0.021951353119545613
1800,85,0.022374129306434152
1801,85,0.0223966936037354
1802,85,0.021762078987335863
1803,85,0.022205858902363245
1804,85,0.021998161101542103
1805,85,0.021912103326358602
1806,85,0.022257304173609677
1807,85,0.021942547048789965
1808,85,0.02203668556614253
1809,85,0.021861520228316327
1810,85,0.021631064656856706
1811,85,0.022444311859631312
1812,85,0.022113006892261224
1813,85,0.022806869033292623
1814,85,0.022373927641679496
1815,85,0.021536017180462757
1816,85,0.02251918032481934
1817,84,0.02261981702017944
1818,84,0.022465000899797923
1819,84,0.02227725698783977
1820,84,0.02147861933314457
1821,84,0.022076071589376575
1822,84,0.021847228921212415
1823,84,0.02214176493599114
1824,84,0.022086795605954886
1825,84,0.022020137630406927
1826,84,0.021976883836086515
1827,84,0.022004626209754307
1828,84,0.02118011081466664
1829,84,0.022211874120514556
1830,84,0.021732239570045365
1831,84,0.022148951980668085
1832,84,0.02228474854316719
1833,84,0.02209355772736262
1834,84,0.0221443528134469
1835,84,0.0225241826678585
1836,84,0.021818478108794583
1837,84,0.02198094898877135
1838,84,0.02162154453480672
1839,84,0.021646026959784567
1840,84,0.0226077433565759
1841,84,0.0222190081493897
1842,84,0.021746853540328587
1843,84,0.021849515020950956
1844,84,0.021957667092445846
1845,84,0.02224291385441166
1846,84,0.022257693523837364
1847,84,0.021528311038075513
1848,84,0.022024842112554448
1849,84,0.02228383718289309
1850,84,0.02176659671035772
1851,84,0.021369808137154108
1852,84,0.021721415391373882
1853,84,0.021844281297760205
1854,84,0.022589842043887965
1855,84,0.021845424501430448
1856,83,0.021757890122464155
1857,83,0.021790719697741576
1858,83,0.022080082663219067
1859,83,0.02156718385765248
1860,83,0.02127469520105221
1861,83,0.022168990966052182
1862,83,0.02212143713413463
1863,83,0.021436734591231348
1864,83,0.021465681795142005
1865,83,0.021683085900348266
1866,82,0.022052161594839068
1867,82,0.02110444480552908
1868,82,0.02213144403198436
1869,82,0.021293463787348386
1870,82,0.0216942206741986
1871,82,0.021520655608696638
1872,82,0.022134315605631463
1873,82,0.021415261558811027
1874,82,0.02165783663144188
1875,82,0.02209125477468317
1876,82,0.021387399083774888
1877,82,0.02176743739666483
1878,82,0.02063013366021625
1879,82,0.021163170814548625
1880,82,0.021809047588673653
1881,82,0.021686206796919502
1882,82,0.021632723226963472
1883,82,0.02220228343566436
1884,82,0.021754519571994094
1885,82,0.021501645740790432
1886,82,0.02161766685183486
1887,82,0.022075653175465507
1888,82,0.02150163150398851
1889,82,0.02188464924050037
1890,82,0.021708508278645587
1891,82,0.021436350455653615
1892,82,0.021211338235681772
1893,82,0.02113631380388247
1894,82,0.02126910785398511
1895,82,0.021712212608571167
1896,82,0.02143699296884508
1897,82,0.02190986737474579
1898,82,0.021374045258443292
1899,82,0.021385259907780035
1900,82,0.021223718308379585
1901,82,0.02111870953681878
1902,82,0.02085441106126074
1903,82,0.021310784606572965
1904,82,0.0218813224859168
1905,82,0.021404584561080346
1906,82,0.02185985124570447
1907,82,0.021378912866501423
1908,82,0.021385958439359774
1909,82,0.021497192571341004
1910,82,0.02126528904136722
1911,82,0.021184938890044087
1912,82,0.02175310447870157
1913,82,0.021010134260678236
1914,82,0.020823824405548166
1915,82,0.021240094369687216
1916,82,0.021699637528642717
1917,82,0.021571465495360962
1918,82,0.0212597689784236
1919,82,0.021835354854438705
1920,82,0.021185185768606972
1921,82,0.02162536561602771
1922,82,0.021384046066875318
1923,82,0.020529067816674747
1924,82,0.02107108259111167
1925,82,0.021734915912838545
1926,82,0.021623417560564812
1927,82,0.02192030204447712
1928,82,0.02150980704436726
1929,82,0.021395221426026345
1930,82,0.02147303162486032
1931,82,0.02164625859898535
1932,82,0.021620367044391013
1933,82,0.022103420002389563
1934,82,0.02178998331611461
1935,82,0.02142648928296371
1936,82,0.021806746843901333
1937,82,0.021978045354432808
1938,82,0.021952052876071458
1939,82,0.02120167646327785
1940,82,0.02131742273187401
1941,82,0.021147358415377685
1942,82,0.021321540106503393
1943,82,0.0220703783730107
1944,82,0.0214677957861085
1945,82,0.021690249226409414
1946,82,0.021323259235140543
1947,82,0.021464993170489832
1948,82,0.02119519971908878
1949,82,0.02128118636513437
1950,82,0.022285191163753725
1951,82,0.02146763806802865
1952,82,0.02164752869307914
1953,82,0.022264091024009888
1954,82,0.021582622317387962
1955,82,0.021727865606371976
1956,81,0.022269956019602508
1957,81,0.021300433979059372
1958,81,0.021085081282665948
1959,81,0.02097540204736966
1960,81,0.021506320477816827
1961,81,0.021779079754839035
1962,81,0.021012853202725952
1963,81,0.021132561848713056
1964,81,0.021112195853872476
1965,81,0.021419295877904265
1966,81,0.022168829803864788
1967,81,0.021483222118870694
1968,81,0.021175519156906606
1969,81,0.021853767677215963
1970,81,0.02066249620485003
1971,81,0.02142410081705111
1972,81,0.021252747828329515
1973,81,0.02137469949041146
1974,81,0.020999683256890007
1975,81,0.02113673812060317
1976,81,0.021194294364635054
1977,81,0.021439115074845656
1978,81,0.020854800712539177
1979,81,0.020644368357087297
1980,81,0.021085121033402595
1981,81,0.021109577872611973
1982,81,0.02076728452329631
1983,81,0.020727868648831416
1984,81,0.021189992595493756
1985,81,0.021289014132130198
1986,81,0.021061085473427565
1987,81,0.021923007384665467
1988,81,0.02123250870601037
1989,81,0.02122902126263881
1990,81,0.020582381703182648
1991,81,0.021530956178870905
1992,81,0.021099305622179678
1993,81,0.020978446291173958
1994,81,0.021233565550457204
1995,81,0.022003611400225154
1996,80,0.022142966499911584
1997,80,0.02126585064712298
1998,80,0.020307468162846138
1999,80,0.020895648025958766
2000,80,0.02152676912229248
2001,80,0.02111516579732844
2002,80,0.020754177315402
2003,79,0.02111904401747417
2004,79,0.020868658499592536
2005,79,0.021362006219853305
2006,79,0.02104849468778218
2007,79,0.02110045713746411
2008,79,0.020696740841431083
2009,79,0.021178293972117356
2010,79,0.020238347777726113
2011,79,0.021002711949884872
2012,79,0.021042974097639906
2013,79,0.020330055889593714
2014,79,0.02080288955689604
2015,79,0.020555265650794154
2016,79,0.02145582095146673
2017,79,0.02116594905893105
2018,79,0.020981822225663808
2019,79,0.020750229346258198
2020,79,0.02120750128793529
2021,79,0.021169150216518575
2022,79,0.02078701206175721
2023,79,0.020956648709989503
2024,79,0.020811019814838388
2025,79,0.02077118061652232
2026,79,0.02137900786664596
2027,79,0.020773072194208902
2028,78,0.021091257010542954
2029,78,0.020576307105517715
2030,78,0.020517834917093653
2031,78,0.021028693408938016
2032,78,0.020966950851087084
2033,78,0.020807902378494333
2034,78,0.020752048736215417
2035,78,0.02067042239118243
2036,78,0.020576580021451334
2037,78,0.020426567840748762
2038,78,0.020434613074098436
2039,78,0.02095339299771601
2040,78,0.02045348527319498
2041,78,0.020438476380348423
2042,78,0.020887051804696653
2043,78,0.020389459082295627
2044,78,0.020404293631564936
2045,78,0.02069108332566935
2046,78,0.020339696991220863
2047,77,0.02083160843880657
2048,77,0.020693070835982846
2049,77,0.020230405238356786
2050,77,0.019837622305428834
2051,77,0.020281702280331357
2052,77,0.0198926533481019
2053,76,0.020355622104615945
2054,76,0.020219892308574437
2055,76,0.019784534793894897
2056,76,0.02004407999363475
2057,76,0.02013482705507409
2058,76,0.019794991839654472
2059,76,0.020477933530124438
2060,76,0.01975125392194901
2061,76,0.020546859765095283
2062,76,0.020442721100314733
2063,76,0.020260103094237467
2064,76,0.019841227729406656
2065,75,0.020246630379757866
2066,75,0.020009502392663962
2067,75,0.02092858304570142
2068,75,0.020119333247047375
2069,75,0.02024531835704318
2070,75,0.021324104501252314
2071,75,0.019609704146860064
2072,75,0.020024928004552123
2073,75,0.020267157775283137
2074,75,0.020218044753058707
2075,75,0.020187846186097872
2076,75,0.020272195725416
2077,75,0.020136983227058522
2078,75,0.019330781609866197
2079,75,0.019730958691744717
2080,75,0.020269226398478498
2081,75,0.020225235929811188
2082,75,0.019815736171680334
2083,74,0.0196691443043546
2084,74,0.020007355605117638
2085,74,0.019535541720907254
2086,74,0.019741986566706806
2087,74,0.01976205574035684
2088,74,0.020143314600580643
2089,74,0.02011633168961791
2090,74,0.01937593319738929
2091,74,0.01986399408320927
2092,73,0.01995839365733379
2093,73,0.020292560855461987
2094,73,0.019638796905201854
2095,73,0.01971788453916632
2096,73,0.019785444173733804
2097,73,0.019172979573160998
2098,73,0.02037768673657407
2099,73,0.0194950929978263
2100,73,0.01969035849561522
2101,73,0.019850997593285388
2102,73,0.019658649037419474
2103,73,0.02040026394322884
2104,73,0.01953585935710562
2105,73,0.019410221867119132
2106,73,0.02036201698592003
2107,72,0.01928784287723296
2108,72,0.01959817875011152
2109,72,0.01846139429032972
2110,72,0.01941966535984135
2111,72,0.019573853763560096
2112,72,0.019512385716523195
2113,72,0.019842161305927104
2114,72,0.01969862727352039
2115,72,0.019383597891114292
2116,72,0.01929203897051208
2117,72,0.01910829369391282
2118,72,0.01919530642360218
2119,72,0.019644866645500185
2120,72,0.019533642271322992
2121,72,0.019497479023099448
2122,71,0.019015096459535277
2123,71,0.018761379207683893
2124,71,0.01945212615423687
2125,71,0.019530827770197896
2126,71,0.019064247835026037
2127,71,0.018856903888399723
2128,70,0.018792070974686093
2129,70,0.018976307364062535
2130,70,0.018550794934984478
2131,69,0.019331366138598045
2132,69,0.018538674719139184
2133,69,0.01917633653041485
2134,69,0.01867092675482055
2135,69,0.018672162352097493
2136,69,0.019585054011609516
2137,69,0.019446126525179554
2138,69,0.018520132126258228
2139,69,0.018594933183023164
2140,69,0.018535498406231282
2141,69,0.019335858454041732
2142,69,0.01903865946287989
2143,69,0.018350855824208107
2144,69,0.01934800859991365
2145,69,0.018433850846923026
2146,69,0.01886490416720152
2147,69,0.019656733639048775
2148,69,0.018653972523925026
2149,69,0.018220753712178735
2150,69,0.019107560159371678
2151,69,0.018991161522131605
2152,69,0.018638854941901734
2153,68,0.01826701337832997
2154,68,0.020008123409907992
2155,68,0.018873631481007354
2156,68,0.01863632329995652
2157,68,0.018555205303186377
2158,68,0.019853541155603664
2159,68,0.018358215323419157
2160,68,0.020122261965357484
2161,68,0.018562519857373973
2162,68,0.018879870794252115
2163,68,0.018875078734741996
2164,67,0.019304912495727945
2165,67,0.018651665053583084
2166,67,0.018292365286114373
2167,67,0.018733803569997272
2168,67,0.01838351470946229
2169,67,0.018577770784272547
2170,67,0.017932048426479715
2171,67,0.01792160167422867
2172,67,0.01831186520882942
2173,67,0.018765169364912713
2174,67,0.019322057152082454
2175,67,0.018388787074216997
2176,67,0.018579500474027566
2177,67,0.01780836638095684
2178,67,0.020004393341240587
2179,67,0.018402451599126714
2180,67,0.018690284093864626
2181,67,0.018232352682091082
2182,67,0.018206145163841853
2183,67,0.017681859928242585
2184,67,0.01855132671130422
2185,67,0.018627078811370917
2186,67,0.01893244946275408
2187,67,0.019420461449674048
2188,67,0.020028292801228316
2189,67,0.019436518069946482
2190,67,0.018411203663728438
2191,67,0.01813436692317204
2192,67,0.018737403251568266
2193,66,0.01858206060613709
2194,65,0.017928175328190406
2195,65,0.018778531718876064
2196,65,0.017607676322710857
2197,64,0.0183641057148989
2198,64,0.01741987460366147
2199,64,0.017572124320278566
2200,64,0.018570027305423033
2201,64,0.017683520599956426
2202,64,0.017254137187123555
2203,64,0.017487434443072377
2204,64,0.01770415507919376
2205,64,0.018538576603734726
2206,64,0.017987176283408575
2207,64,0.01792514758841577
2208,64,0.017384453878744918
2209,64,0.017061053136784424
2210,64,0.017533653572164805
2211,63,0.018421247396941884
2212,63,0.017248929189127276
2213,63,0.017730226480189158
2214,63,0.01807644676939215
2215,63,0.017055656294611237
2216,63,0.017557383190371714
2217,63,0.017511799666023103
2218,63,0.017714916025734134
2219,63,0.019134356564924414
2220,63,0.01769716315410874
2221,63,0.018209516798718534
2222,63,0.018915260423268767
2223,63,0.01886159100924017
2224,63,0.016751369846347793
2225,63,0.01691982782638722
2226,63,0.01754692269966719
2227,63,0.017829821879776477
2228,62,0.01731124531513665
2229,62,0.01729084192351844
2230,62,0.01731896208846631
2231,62,0.017560209174993627
2232,62,0.018630466166126576
2233,62,0.0171542867349361
2234,62,0.017361739444696683
2235,62,0.01752359024333423
2236,62,0.017217690491308096
2237,62,0.018408811871169047
2238,62,0.0179920900474049
2239,62,0.019236160105583152
2240,62,0.018608186311842335
2241,62,0.017738614180936724
2242,62,0.017267210434566554
2243,62,0.01703653108028441
2244,61,0.01921279856243819
2245,61,0.01906955933203746
2246,61,0.01708065195058921
2247,61,0.017589883942563965
2248,61,0.01606854981311764
2249,61,0.01840308101332966
2250,61,0.016988739656680116
