round,alive_nodes,dead_nodes,n_clusters,best_fitness,round_energy,cluster_heads
1,100,0,10,1.1999999999999997,0.02913120575249195,"[89, 52, 77, 35, 87, 32, 1, 92, 15, 24]"
2,100,0,10,1.1995248794555664,0.032538555562496185,"[64, 18, 36, 89, 47, 67, 16, 19, 3, 17]"
3,100,0,10,1.1989505820804172,0.028127698227763176,"[54, 59, 75, 43, 11, 28, 35, 65, 57, 34]"
4,100,0,10,1.1985032863087124,0.02779550477862358,"[84, 12, 40, 79, 15, 23, 69, 71, 63, 68]"
5,100,0,10,1.197896330886417,0.032612062990665436,"[67, 17, 96, 14, 41, 8, 99, 51, 58, 6]"
6,100,0,10,1.1973043302694957,0.03175201267004013,"[76, 10, 7, 72, 49, 68, 42, 24, 83, 80]"
7,100,0,10,1.1969142072730594,0.025705404579639435,"[78, 31, 62, 88, 60, 22, 2, 86, 3, 87]"
8,100,0,10,1.19614570207066,0.028140839189291,"[98, 62, 25, 63, 53, 78, 9, 75, 52, 95]"
9,100,0,10,1.195529983441035,0.028738969936966896,"[15, 43, 94, 42, 64, 38, 27, 98, 41, 88]"
10,100,0,10,1.1951499945587583,0.026701990514993668,"[39, 96, 25, 65, 31, 77, 12, 97, 45, 22]"
11,100,0,10,1.1946128891574013,0.034069422632455826,"[52, 50, 67, 13, 2, 30, 72, 20, 69, 97]"
12,100,0,10,1.1938690198792352,0.042132668197155,"[23, 77, 28, 82, 42, 66, 8, 61, 45, 58]"
13,100,0,10,1.1930382397439745,0.028889531269669533,"[32, 21, 35, 6, 54, 7, 80, 24, 57, 89]"
14,100,0,10,1.1925408648120033,0.028354961425065994,"[84, 9, 48, 15, 32, 73, 47, 38, 40, 49]"
15,100,0,10,1.1918613255023955,0.02985513210296631,"[66, 17, 55, 98, 93, 4, 16, 12, 72, 81]"
16,100,0,10,1.1916438804732428,0.027130700647830963,"[33, 78, 70, 79, 50, 42, 13, 31, 44, 8]"
17,100,0,10,1.1906345466772716,0.027763742953538895,"[48, 16, 95, 83, 65, 44, 40, 66, 53, 5]"
18,100,0,10,1.1905466715494792,0.028211582452058792,"[90, 65, 54, 10, 43, 45, 86, 55, 36, 97]"
19,100,0,10,1.1900511927074855,0.028482602909207344,"[28, 20, 53, 0, 1, 24, 5, 13, 37, 81]"
20,100,0,10,1.1888491577572293,0.02960885316133499,"[87, 48, 70, 99, 12, 27, 39, 42, 40, 91]"
21,100,0,10,1.188983247677485,0.028379585593938828,"[20, 76, 38, 51, 46, 58, 87, 98, 39, 83]"
22,100,0,10,1.1880696111255222,0.027347367256879807,"[11, 81, 94, 7, 95, 50, 30, 8, 49, 78]"
23,100,0,10,1.1876008967558542,0.02866937220096588,"[87, 20, 68, 59, 29, 13, 65, 74, 31, 64]"
24,100,0,10,1.1867632024817998,0.026708796620368958,"[52, 35, 37, 0, 30, 66, 97, 84, 3, 89]"
25,100,0,10,1.186663067340851,0.02571791224181652,"[85, 20, 7, 6, 94, 51, 37, 80, 82, 32]"
26,100,0,10,1.1859716567728253,0.030794357880949974,"[60, 29, 72, 76, 9, 50, 49, 36, 93, 83]"
27,100,0,10,1.1851198401716019,0.02732691541314125,"[97, 11, 40, 74, 69, 41, 33, 38, 25, 19]"
28,100,0,10,1.1845533900790746,0.029744695872068405,"[82, 93, 53, 19, 61, 73, 72, 49, 6, 36]"
29,100,0,10,1.1846744265821245,0.03268115222454071,"[18, 85, 88, 46, 6, 39, 81, 90, 21, 5]"
30,100,0,10,1.1834981944825915,0.026200929656624794,"[89, 87, 31, 90, 99, 79, 81, 23, 53, 6]"
31,100,0,10,1.1830255111058552,0.032679811120033264,"[57, 27, 92, 51, 56, 34, 4, 2, 42, 9]"
32,100,0,10,1.1829780532254115,0.02734634093940258,"[54, 84, 98, 88, 35, 18, 48, 73, 47, 46]"
33,100,0,10,1.182372737593121,0.028824344277381897,"[22, 25, 88, 26, 28, 0, 86, 79, 62, 74]"
34,100,0,10,1.1816395223140717,0.02821682021021843,"[96, 44, 50, 23, 46, 66, 75, 74, 56, 90]"
35,100,0,10,1.1804824146959516,0.027510233223438263,"[80, 82, 36, 44, 29, 93, 11, 94, 68, 52]"
36,100,0,10,1.1804116408030192,0.03986060246825218,"[54, 27, 71, 26, 91, 37, 55, 4, 43, 83]"
37,100,0,10,1.1792198446061875,0.05575437843799591,"[21, 76, 24, 87, 10, 13, 97, 66, 83, 33]"
38,100,0,10,1.1787770628929137,0.030493002384901047,"[8, 53, 38, 61, 39, 23, 10, 32, 11, 19]"
39,100,0,10,1.1785149839189317,0.05327913537621498,"[8, 54, 90, 39, 29, 14, 15, 45, 61, 7]"
40,100,0,10,1.1768224828773075,0.02630804106593132,"[4, 82, 81, 58, 35, 79, 53, 83, 61, 76]"
41,100,0,10,1.1760712279213799,0.028197798877954483,"[95, 58, 72, 30, 39, 22, 10, 17, 80, 67]"
42,100,0,10,1.175714319282108,0.054954007267951965,"[47, 9, 63, 55, 40, 52, 89, 19, 2, 86]"
43,100,0,10,1.1748017059432136,0.02999202348291874,"[31, 86, 12, 70, 75, 65, 24, 88, 16, 4]"
44,100,0,10,1.1742275105582343,0.026378054171800613,"[6, 72, 92, 39, 12, 51, 32, 37, 63, 73]"
45,100,0,10,1.1733985053168403,0.028202828019857407,"[85, 1, 50, 77, 93, 90, 79, 87, 18, 28]"
46,100,0,10,1.173470801115036,0.0303608737885952,"[24, 67, 84, 54, 14, 73, 59, 74, 77, 97]"
47,100,0,10,1.1727663689189487,0.029619332402944565,"[73, 48, 8, 97, 50, 61, 22, 56, 41, 7]"
48,100,0,10,1.1724344081348843,0.02741270139813423,"[86, 59, 69, 27, 62, 44, 47, 76, 25, 30]"
49,100,0,10,1.171840724680159,0.027863921597599983,"[13, 30, 78, 47, 23, 14, 35, 94, 37, 99]"
50,100,0,10,1.1706719544198778,0.0271303728222847,"[1, 76, 89, 43, 53, 47, 37, 88, 90, 32]"
51,100,0,10,1.1702246990468765,0.026456492021679878,"[31, 97, 41, 45, 58, 98, 23, 65, 71, 60]"
52,100,0,10,1.1693234807915158,0.030486032366752625,"[58, 64, 44, 52, 3, 65, 8, 41, 28, 55]"
53,100,0,10,1.1696534209781224,0.026402315124869347,"[68, 20, 35, 12, 13, 69, 86, 96, 61, 18]"
54,100,0,10,1.1690712730089823,0.028411388397216797,"[66, 96, 90, 48, 78, 12, 97, 94, 15, 28]"
55,100,0,10,1.168698024087482,0.02830885723233223,"[52, 0, 42, 72, 44, 74, 22, 92, 59, 20]"
56,100,0,10,1.1673093226220872,0.025908147916197777,"[33, 24, 98, 39, 73, 68, 19, 23, 27, 43]"
57,100,0,10,1.1673928121725718,0.029593652114272118,"[95, 51, 35, 84, 48, 46, 47, 85, 81, 38]"
58,100,0,10,1.1669620745711855,0.02825704589486122,"[75, 52, 7, 1, 11, 42, 94, 64, 80, 46]"
59,100,0,10,1.1663747092088064,0.03345002979040146,"[39, 94, 31, 86, 87, 33, 7, 71, 29, 76]"
60,100,0,10,1.1646999173694188,0.029575373977422714,"[71, 53, 49, 23, 74, 15, 18, 46, 29, 25]"
61,100,0,10,1.1643377655082279,0.03468708321452141,"[94, 87, 49, 75, 54, 53, 10, 13, 51, 23]"
62,100,0,10,1.1643558846579658,0.02680101804435253,"[94, 73, 8, 64, 40, 47, 4, 19, 80, 45]"
63,100,0,10,1.163475576374266,0.029402513056993484,"[76, 23, 3, 11, 72, 20, 38, 51, 73, 12]"
64,100,0,10,1.1625043716695573,0.027056226506829262,"[30, 40, 32, 48, 27, 96, 31, 9, 55, 5]"
65,100,0,10,1.162751277950075,0.02577793411910534,"[11, 22, 52, 46, 81, 73, 42, 32, 30, 78]"
66,100,0,10,1.16185915072759,0.02719576098024845,"[47, 44, 0, 82, 35, 55, 68, 71, 95, 51]"
67,100,0,10,1.1617719550927479,0.02676938846707344,"[92, 65, 12, 35, 58, 83, 4, 24, 88, 0]"
68,100,0,10,1.1606831934716966,0.028408590704202652,"[10, 96, 88, 27, 80, 51, 44, 31, 58, 72]"
69,100,0,10,1.1602662980556488,0.02783685177564621,"[13, 52, 11, 93, 19, 27, 42, 39, 81, 47]"
70,100,0,10,1.1601331916120317,0.02583630383014679,"[53, 47, 71, 6, 19, 22, 79, 18, 59, 23]"
71,100,0,10,1.1584972315364412,0.02689366228878498,"[69, 55, 39, 36, 20, 68, 97, 15, 60, 43]"
72,100,0,10,1.159285165866216,0.02977098897099495,"[83, 12, 13, 55, 94, 41, 32, 61, 92, 81]"
73,100,0,10,1.1578406976328957,0.02871391363441944,"[53, 61, 46, 8, 75, 74, 29, 30, 85, 6]"
74,100,0,10,1.1577882362736598,0.02840937301516533,"[93, 0, 74, 89, 14, 10, 42, 94, 54, 51]"
75,100,0,10,1.1580637084113228,0.0294665414839983,"[41, 20, 87, 14, 46, 61, 70, 38, 86, 57]"
76,100,0,10,1.156249522500568,0.028217464685440063,"[22, 29, 80, 4, 99, 13, 78, 40, 50, 88]"
77,100,0,10,1.1562041951550377,0.027942877262830734,"[14, 22, 11, 69, 65, 95, 73, 4, 88, 85]"
78,100,0,10,1.1553576946258546,0.028117045760154724,"[63, 11, 66, 28, 0, 14, 93, 86, 24, 77]"
79,100,0,10,1.1557987418439652,0.028243105858564377,"[45, 79, 58, 9, 55, 71, 81, 62, 14, 72]"
80,100,0,10,1.154095568259557,0.02949528768658638,"[69, 19, 44, 6, 83, 12, 90, 85, 46, 73]"
81,100,0,10,1.1527352631092072,0.025840960443019867,"[13, 47, 94, 19, 97, 99, 55, 16, 31, 43]"
82,100,0,10,1.1523848096529643,0.03186183050274849,"[1, 56, 79, 53, 31, 14, 89, 47, 87, 59]"
83,100,0,10,1.1525239434507157,0.03522922471165657,"[71, 86, 15, 44, 40, 68, 24, 63, 89, 41]"
84,100,0,10,1.1523980504936642,0.031083520501852036,"[85, 30, 65, 55, 46, 48, 73, 8, 66, 90]"
85,100,0,10,1.1512897332509358,0.026820383965969086,"[13, 67, 0, 92, 14, 10, 35, 40, 24, 61]"
86,100,0,10,1.150137894683414,0.030869631096720695,"[91, 77, 73, 58, 61, 62, 59, 51, 98, 71]"
87,100,0,10,1.1505025883515676,0.02634347416460514,"[86, 48, 30, 52, 39, 58, 10, 99, 42, 33]"
88,100,0,10,1.1495592461691961,0.028768982738256454,"[1, 93, 80, 83, 9, 72, 96, 64, 54, 92]"
89,100,0,10,1.1483136190308465,0.02671375498175621,"[94, 6, 40, 2, 33, 54, 90, 83, 13, 10]"
90,100,0,10,1.148311092456182,0.029022857546806335,"[76, 43, 71, 37, 20, 63, 97, 29, 46, 67]"
91,100,0,10,1.1485341568787892,0.026021309196949005,"[10, 24, 39, 50, 4, 97, 71, 32, 31, 47]"
92,100,0,10,1.1467581258879767,0.026715584099292755,"[55, 14, 13, 94, 80, 19, 41, 36, 78, 51]"
93,100,0,10,1.146394791205724,0.026587869971990585,"[2, 31, 82, 55, 45, 27, 30, 39, 86, 96]"
94,100,0,10,1.1462931169403925,0.027679625898599625,"[85, 25, 22, 51, 48, 20, 28, 15, 73, 78]"
95,100,0,10,1.146390617556042,0.029870061203837395,"[8, 80, 71, 73, 10, 70, 66, 83, 3, 2]"
96,100,0,10,1.1464469008975557,0.03626631572842598,"[67, 38, 24, 15, 35, 75, 76, 65, 22, 62]"
97,100,0,10,1.1438188486629062,0.027353789657354355,"[72, 92, 25, 50, 1, 0, 24, 11, 29, 19]"
98,100,0,10,1.1442863583564757,0.02890121005475521,"[3, 70, 49, 10, 18, 11, 62, 9, 77, 1]"
99,100,0,10,1.142964063750373,0.02624865062534809,"[33, 86, 47, 79, 57, 76, 30, 83, 25, 54]"
100,100,0,10,1.1431235280301837,0.02584560215473175,"[56, 14, 71, 90, 42, 48, 93, 51, 45, 58]"
101,100,0,10,1.1428726984394921,0.03262050077319145,"[28, 15, 19, 97, 14, 29, 61, 62, 13, 80]"
102,100,0,10,1.1420190155506134,0.02901814505457878,"[40, 58, 59, 75, 50, 10, 86, 29, 97, 11]"
103,100,0,10,1.1407117048899331,0.026003865525126457,"[89, 47, 94, 20, 7, 87, 82, 99, 65, 92]"
104,100,0,10,1.141320249107149,0.030242515727877617,"[60, 55, 65, 14, 66, 18, 76, 32, 71, 4]"
105,100,0,10,1.1401665647824606,0.033695537596940994,"[75, 11, 83, 69, 55, 89, 67, 20, 42, 48]"
106,100,0,10,1.139974213971032,0.02664579078555107,"[59, 32, 2, 75, 22, 89, 42, 57, 87, 85]"
107,100,0,10,1.1381540682580735,0.0305851511657238,"[33, 38, 62, 72, 39, 90, 55, 44, 65, 95]"
108,100,0,10,1.1380101164182026,0.027792204171419144,"[71, 94, 68, 93, 53, 57, 97, 61, 2, 70]"
109,100,0,10,1.1383408016628689,0.039198607206344604,"[70, 67, 4, 83, 24, 43, 65, 41, 44, 7]"
110,100,0,10,1.1366344465149774,0.02645963989198208,"[24, 80, 43, 92, 40, 74, 46, 20, 18, 44]"
111,100,0,10,1.1364028129312729,0.032153237611055374,"[63, 2, 39, 98, 10, 42, 30, 90, 85, 23]"
112,100,0,10,1.1360870473914675,0.026127975434064865,"[44, 8, 28, 78, 15, 65, 92, 66, 81, 10]"
113,100,0,10,1.1348680403497484,0.032513003796339035,"[99, 62, 78, 76, 33, 55, 83, 66, 2, 30]"
114,100,0,10,1.1352523101700678,0.033490609377622604,"[56, 71, 73, 65, 87, 86, 54, 39, 62, 81]"
115,100,0,10,1.1338649484846326,0.030357513576745987,"[88, 87, 74, 54, 11, 51, 31, 78, 73, 91]"
116,100,0,10,1.133026083310445,0.026989292353391647,"[84, 30, 19, 55, 45, 88, 9, 26, 75, 8]"
117,100,0,10,1.133302182621426,0.03952960669994354,"[58, 85, 97, 42, 6, 74, 54, 43, 29, 49]"
118,100,0,10,1.1324882785479229,0.028683975338935852,"[27, 28, 10, 12, 37, 77, 62, 9, 86, 61]"
119,100,0,10,1.1323011782434251,0.02935037761926651,"[51, 99, 97, 62, 41, 48, 68, 9, 31, 6]"
120,100,0,10,1.1300935089588164,0.029222553595900536,"[96, 14, 58, 20, 78, 77, 10, 90, 19, 60]"
121,100,0,10,1.1299901247024535,0.029019488021731377,"[87, 20, 97, 13, 9, 11, 57, 77, 38, 96]"
122,100,0,10,1.1296708385149639,0.029083862900733948,"[1, 19, 66, 38, 98, 67, 94, 20, 85, 32]"
123,100,0,10,1.129473266336653,0.028182698413729668,"[48, 46, 38, 82, 43, 61, 90, 85, 88, 24]"
124,100,0,10,1.1287180569436814,0.03299499303102493,"[58, 48, 18, 89, 24, 8, 74, 17, 38, 2]"
125,100,0,10,1.127634060382843,0.051115483045578,"[52, 17, 98, 37, 10, 49, 87, 88, 1, 86]"
126,100,0,10,1.1283834920989144,0.0372629351913929,"[52, 7, 11, 39, 94, 70, 86, 35, 4, 97]"
127,100,0,10,1.126011143790351,0.028912104666233063,"[64, 74, 17, 96, 62, 84, 51, 35, 97, 55]"
128,100,0,10,1.1256295184294385,0.028795063495635986,"[4, 7, 55, 12, 2, 20, 59, 72, 23, 67]"
129,100,0,10,1.1238537311553953,0.032938066869974136,"[6, 62, 23, 53, 95, 87, 39, 29, 22, 58]"
130,100,0,10,1.1253394511010912,0.04957227036356926,"[38, 35, 37, 31, 63, 15, 85, 81, 48, 86]"
131,100,0,10,1.123944267961714,0.027580680325627327,"[22, 92, 68, 86, 79, 33, 76, 23, 31, 9]"
132,100,0,10,1.1233415120177799,0.028618816286325455,"[40, 39, 29, 47, 24, 37, 81, 84, 30, 49]"
133,100,0,10,1.1232795927259658,0.02910924330353737,"[88, 32, 12, 49, 74, 10, 42, 1, 4, 51]"
134,100,0,10,1.1228716300593482,0.03559042140841484,"[15, 79, 11, 20, 23, 55, 80, 33, 7, 48]"
135,100,0,10,1.121878763039907,0.028085296973586082,"[30, 31, 88, 72, 65, 80, 23, 58, 44, 78]"
136,100,0,10,1.1220657123459712,0.026314208284020424,"[59, 18, 37, 86, 42, 92, 47, 39, 75, 6]"
137,100,0,10,1.120576818784078,0.027082115411758423,"[39, 43, 96, 69, 71, 55, 97, 66, 88, 67]"
138,100,0,10,1.119895326428943,0.03010520339012146,"[60, 18, 54, 28, 32, 35, 6, 98, 2, 68]"
139,100,0,10,1.1186491270860035,0.027430368587374687,"[64, 69, 65, 43, 70, 6, 86, 79, 23, 75]"
140,100,0,10,1.1180711335606044,0.028569329530000687,"[65, 8, 19, 48, 66, 14, 20, 23, 27, 25]"
141,100,0,10,1.116798750559489,0.02781655266880989,"[56, 1, 41, 8, 38, 4, 84, 22, 39, 89]"
142,100,0,10,1.1180051028728486,0.031946197152137756,"[60, 18, 29, 42, 35, 54, 62, 57, 68, 28]"
143,100,0,10,1.1167268395423888,0.02580513060092926,"[19, 81, 65, 18, 31, 12, 40, 22, 71, 99]"
144,100,0,10,1.1167856064107684,0.02835806831717491,"[59, 80, 41, 11, 43, 46, 55, 9, 99, 24]"
145,100,0,10,1.1156384415096707,0.02567133679986,"[48, 50, 23, 57, 43, 44, 35, 1, 55, 32]"
146,100,0,10,1.115284710460239,0.026519007980823517,"[15, 78, 33, 59, 71, 89, 83, 58, 37, 48]"
147,100,0,10,1.1165058500236935,0.031158270314335823,"[47, 38, 11, 24, 9, 81, 14, 61, 35, 23]"
148,100,0,10,1.1136578930748833,0.027120089158415794,"[5, 19, 57, 87, 88, 7, 42, 59, 15, 76]"
149,100,0,10,1.113888144493103,0.029847119003534317,"[61, 35, 75, 38, 48, 40, 66, 32, 96, 93]"
150,100,0,10,1.1125956396261851,0.026790060102939606,"[48, 22, 40, 66, 7, 61, 93, 85, 6, 99]"
151,100,0,10,1.1121703068415325,0.06342148035764694,"[19, 56, 40, 39, 83, 41, 2, 6, 86, 96]"
152,100,0,10,1.111136269569397,0.027100585401058197,"[30, 9, 6, 37, 81, 92, 88, 91, 89, 52]"
153,100,0,10,1.1118184036678738,0.02663002908229828,"[83, 79, 71, 45, 30, 59, 88, 89, 10, 40]"
154,100,0,10,1.1100392599900564,0.02656766027212143,"[46, 19, 81, 15, 22, 40, 89, 12, 11, 51]"
155,100,0,10,1.1096921092934078,0.027667494490742683,"[67, 15, 90, 23, 28, 84, 46, 1, 50, 8]"
156,100,0,10,1.108079817559984,0.030446317046880722,"[32, 88, 2, 41, 4, 38, 18, 26, 89, 46]"
157,100,0,10,1.1081709954473706,0.028765173628926277,"[57, 96, 86, 87, 15, 25, 7, 76, 6, 55]"
158,100,0,10,1.1077437659104665,0.039637379348278046,"[65, 85, 94, 99, 27, 55, 43, 54, 14, 83]"
159,100,0,10,1.1075392517778608,0.02666112780570984,"[10, 50, 42, 32, 65, 13, 73, 98, 80, 86]"
160,100,0,10,1.1054896692434948,0.026383277028799057,"[73, 75, 72, 33, 51, 32, 1, 56, 12, 8]"
161,100,0,10,1.106830421421263,0.037111520767211914,"[66, 71, 78, 54, 38, 96, 59, 72, 31, 65]"
162,100,0,10,1.1062013030052185,0.02798570692539215,"[78, 83, 53, 54, 62, 41, 67, 10, 96, 74]"
163,100,0,10,1.1074589590231576,0.027887795120477676,"[81, 42, 90, 47, 57, 48, 73, 55, 24, 13]"
164,100,0,10,1.1015342202451495,0.02704865112900734,"[5, 15, 58, 74, 8, 92, 97, 60, 47, 73]"
165,100,0,10,1.1050178004635705,0.026311799883842468,"[84, 81, 73, 61, 65, 80, 63, 30, 35, 90]"
166,100,0,10,1.1031066126293605,0.030582426115870476,"[76, 72, 64, 83, 66, 50, 22, 79, 44, 28]"
167,100,0,10,1.1033301214377085,0.027380000799894333,"[30, 47, 2, 79, 32, 85, 80, 65, 31, 52]"
168,100,0,10,1.101018903652827,0.027226727455854416,"[23, 0, 19, 1, 73, 44, 33, 78, 84, 97]"
169,100,0,10,1.1024602552254996,0.026137925684452057,"[71, 41, 37, 9, 53, 51, 44, 75, 84, 76]"
170,100,0,10,1.101266031795078,0.027849651873111725,"[69, 79, 24, 44, 65, 42, 70, 62, 10, 80]"
171,100,0,10,1.1011688702636295,0.03197498992085457,"[74, 6, 76, 77, 66, 28, 47, 11, 46, 24]"
172,100,0,10,1.1004777914947934,0.030351975932717323,"[62, 54, 8, 72, 59, 66, 90, 78, 77, 93]"
173,100,0,10,1.1004594895574782,0.02679084800183773,"[61, 94, 98, 47, 45, 64, 54, 62, 86, 73]"
174,100,0,10,1.0998113652070365,0.039477020502090454,"[11, 38, 77, 43, 97, 72, 1, 87, 10, 15]"
175,100,0,10,1.0980202969577577,0.028541836887598038,"[69, 94, 62, 14, 67, 10, 87, 49, 37, 4]"
176,100,0,10,1.0982997533347874,0.02857760712504387,"[64, 6, 73, 53, 19, 54, 18, 44, 81, 46]"
177,100,0,10,1.0963203718264898,0.026515956968069077,"[27, 71, 95, 67, 88, 44, 76, 83, 66, 48]"
178,100,0,10,1.0975211862060759,0.032658956944942474,"[73, 81, 77, 66, 42, 98, 54, 18, 28, 68]"
179,100,0,10,1.0943389250172508,0.030505318194627762,"[59, 74, 30, 9, 71, 29, 16, 14, 33, 61]"
180,100,0,10,1.0947306712468465,0.027871493250131607,"[18, 17, 87, 42, 65, 50, 73, 47, 28, 35]"
181,100,0,10,1.0948041217194664,0.030629726126790047,"[99, 87, 73, 52, 46, 17, 29, 76, 42, 88]"
182,100,0,10,1.0951583034462398,0.030691402032971382,"[64, 11, 37, 14, 88, 75, 74, 63, 49, 15]"
183,100,0,10,1.0951981703440348,0.028908826410770416,"[63, 43, 48, 96, 73, 10, 20, 97, 71, 90]"
184,100,0,10,1.094523462984297,0.02985832281410694,"[19, 9, 74, 88, 64, 14, 93, 99, 43, 58]"
185,100,0,10,1.0912878321276769,0.027959425002336502,"[95, 23, 7, 49, 9, 28, 13, 24, 11, 96]"
186,100,0,10,1.0918992413414847,0.02781934291124344,"[82, 12, 37, 66, 64, 86, 14, 42, 9, 39]"
187,100,0,10,1.0923424485656952,0.026962457224726677,"[71, 37, 7, 1, 30, 0, 24, 45, 14, 12]"
188,100,0,10,1.0907699369721944,0.029252922162413597,"[71, 67, 54, 12, 19, 29, 89, 17, 93, 51]"
189,100,0,10,1.0889893220530615,0.027426263317465782,"[99, 79, 82, 94, 14, 48, 56, 31, 83, 72]"
190,100,0,10,1.0909096939696206,0.027919767424464226,"[96, 39, 2, 22, 93, 1, 55, 9, 30, 11]"
191,100,0,10,1.0905012233389748,0.028809815645217896,"[98, 80, 30, 39, 23, 87, 90, 42, 64, 15]"
192,100,0,10,1.0888163748714659,0.027962757274508476,"[57, 10, 19, 99, 20, 62, 42, 88, 75, 59]"
193,100,0,10,1.0897912598318524,0.0326295830309391,"[7, 0, 39, 61, 64, 48, 13, 18, 86, 88]"
194,100,0,10,1.087912126382192,0.028834009543061256,"[97, 88, 28, 32, 37, 40, 9, 75, 38, 87]"
195,100,0,10,1.0864508708318075,0.029488708823919296,"[27, 55, 97, 31, 15, 51, 37, 14, 88, 99]"
196,100,0,10,1.0881443904505836,0.04316512495279312,"[81, 54, 87, 74, 86, 1, 24, 9, 43, 90]"
197,100,0,10,1.0854061699575848,0.02897973358631134,"[32, 31, 68, 53, 38, 14, 2, 22, 12, 80]"
198,100,0,10,1.082817072669665,0.0265127494931221,"[17, 49, 69, 65, 59, 93, 22, 51, 87, 7]"
199,100,0,10,1.0864259915219412,0.03291596099734306,"[81, 51, 90, 32, 14, 70, 54, 85, 7, 83]"
200,100,0,10,1.083187604943911,0.02739490196108818,"[35, 26, 61, 93, 85, 45, 81, 41, 23, 98]"
201,100,0,10,1.0835399438937505,0.032058198004961014,"[8, 7, 60, 73, 96, 40, 2, 61, 29, 44]"
202,100,0,10,1.0835131737920973,0.02833608351647854,"[85, 48, 67, 8, 18, 41, 50, 96, 97, 83]"
203,100,0,10,1.0821064008606804,0.027713995426893234,"[50, 90, 61, 38, 11, 29, 97, 43, 47, 51]"
204,100,0,10,1.0826578862137266,0.0398135632276535,"[25, 44, 52, 9, 75, 11, 41, 81, 48, 85]"
205,100,0,10,1.0804263085126875,0.02949254773557186,"[88, 0, 28, 54, 18, 90, 64, 47, 81, 44]"
206,100,0,10,1.0800062629911635,0.030991731211543083,"[14, 55, 71, 86, 94, 77, 63, 41, 10, 69]"
207,100,0,10,1.0798570368025038,0.026710962876677513,"[78, 30, 92, 24, 7, 99, 85, 46, 65, 66]"
208,100,0,10,1.0795549333095549,0.02726929448544979,"[7, 74, 14, 62, 32, 46, 22, 92, 58, 94]"
209,100,0,10,1.0785977972878351,0.034361016005277634,"[58, 70, 81, 60, 10, 68, 98, 90, 85, 28]"
210,100,0,10,1.0785089006026585,0.027096394449472427,"[4, 83, 84, 81, 15, 61, 1, 85, 70, 51]"
211,100,0,10,1.0789449844095442,0.03952078893780708,"[72, 9, 52, 30, 97, 85, 71, 92, 24, 89]"
212,100,0,10,1.078418880701065,0.026987481862306595,"[97, 19, 10, 58, 7, 61, 85, 4, 79, 39]"
213,100,0,10,1.0770643293857574,0.0305276270955801,"[86, 72, 7, 4, 83, 48, 80, 30, 39, 69]"
214,100,0,10,1.073766709698571,0.029818490147590637,"[12, 27, 83, 90, 53, 2, 93, 69, 40, 59]"
215,100,0,10,1.0738166299131182,0.05006098002195358,"[2, 61, 30, 75, 89, 14, 72, 50, 11, 65]"
216,100,0,10,1.0747805135117636,0.030122147873044014,"[80, 45, 7, 71, 29, 4, 90, 48, 27, 72]"
217,100,0,10,1.0742029438416163,0.0272446870803833,"[38, 22, 76, 70, 28, 79, 86, 93, 15, 30]"
218,100,0,10,1.0736391865544848,0.029036806896328926,"[18, 24, 27, 23, 66, 11, 41, 64, 31, 6]"
219,100,0,10,1.0725831041733422,0.02636086754500866,"[8, 14, 84, 65, 6, 40, 29, 59, 53, 48]"
220,100,0,10,1.0714792490005494,0.02869960479438305,"[63, 12, 51, 98, 23, 72, 42, 65, 19, 47]"
221,100,0,10,1.0737543324629466,0.04122665897011757,"[29, 86, 74, 42, 70, 87, 97, 94, 30, 40]"
222,100,0,10,1.0715460260709126,0.030351508408784866,"[43, 74, 49, 81, 73, 1, 62, 41, 45, 83]"
223,100,0,10,1.0699392980999418,0.025502538308501244,"[81, 98, 92, 29, 39, 73, 12, 31, 10, 46]"
224,100,0,10,1.0696150567796496,0.028707530349493027,"[9, 66, 60, 47, 41, 89, 24, 39, 32, 78]"
225,100,0,10,1.0689083811309603,0.028432101011276245,"[40, 38, 66, 9, 74, 4, 20, 68, 11, 97]"
226,100,0,10,1.0679266333580015,0.027700375765562057,"[6, 87, 94, 61, 86, 13, 77, 12, 40, 32]"
227,100,0,10,1.0693697326713139,0.026330456137657166,"[53, 28, 79, 15, 24, 80, 43, 19, 66, 73]"
228,100,0,10,1.0678598443667093,0.030424676835536957,"[15, 27, 23, 41, 22, 39, 74, 62, 7, 65]"
229,100,0,10,1.068493237760332,0.04289611428976059,"[9, 90, 44, 7, 87, 24, 2, 15, 66, 97]"
230,100,0,10,1.0655615637699762,0.027186766266822815,"[99, 18, 70, 15, 53, 7, 76, 58, 8, 84]"
231,100,0,10,1.0656648324595557,0.026942303404211998,"[94, 0, 97, 71, 32, 67, 80, 23, 74, 78]"
232,100,0,10,1.0648704008923637,0.029095707461237907,"[93, 72, 76, 6, 20, 97, 66, 54, 35, 4]"
233,100,0,10,1.0652183115482332,0.026312971487641335,"[18, 47, 59, 51, 83, 23, 35, 79, 53, 39]"
234,100,0,10,1.0631344709131452,0.027133673429489136,"[30, 94, 27, 91, 96, 13, 97, 8, 22, 47]"
235,100,0,10,1.064122764269511,0.027015451341867447,"[51, 48, 76, 18, 94, 33, 29, 68, 80, 37]"
236,100,0,10,1.0621232572529051,0.02992759644985199,"[93, 11, 6, 32, 14, 54, 52, 60, 75, 97]"
237,100,0,10,1.0603930321004655,0.02765774354338646,"[39, 88, 61, 40, 53, 95, 10, 19, 96, 94]"
238,100,0,10,1.0620541205008824,0.026102351024746895,"[97, 76, 2, 53, 9, 88, 78, 96, 58, 49]"
239,100,0,10,1.0622765567567614,0.033532291650772095,"[94, 29, 85, 48, 15, 66, 68, 27, 2, 19]"
240,100,0,10,1.0607065892881817,0.02863352932035923,"[38, 4, 71, 93, 70, 57, 22, 1, 68, 24]"
241,100,0,10,1.0593947172164917,0.027806982398033142,"[45, 15, 54, 28, 9, 48, 61, 4, 41, 26]"
242,100,0,10,1.060202944278717,0.0345996730029583,"[62, 90, 78, 18, 72, 48, 74, 46, 11, 55]"
243,100,0,10,1.0589656899372737,0.027410997077822685,"[92, 32, 8, 29, 51, 18, 48, 83, 87, 4]"
244,100,0,10,1.0579052868816587,0.05224468931555748,"[30, 38, 17, 73, 71, 19, 14, 7, 91, 25]"
245,100,0,10,1.0586032056146197,0.030423488467931747,"[90, 51, 53, 31, 23, 80, 9, 48, 64, 10]"
246,100,0,10,1.0567666507429547,0.031720712780952454,"[94, 19, 30, 49, 38, 67, 97, 60, 72, 8]"
247,100,0,10,1.0565764486789702,0.02779281698167324,"[88, 35, 20, 46, 19, 51, 90, 61, 84, 15]"
248,100,0,10,1.055894798702664,0.02816176228225231,"[97, 22, 19, 67, 42, 2, 35, 81, 79, 49]"
249,100,0,10,1.0553718335098692,0.025132974609732628,"[94, 30, 80, 58, 97, 45, 76, 74, 47, 78]"
250,100,0,10,1.05438047349453,0.02908995747566223,"[13, 70, 92, 54, 18, 12, 27, 9, 52, 6]"
251,100,0,10,1.0540140711598927,0.0308893620967865,"[53, 85, 31, 42, 80, 8, 86, 30, 0, 23]"
252,100,0,10,1.0526203552881876,0.02985358238220215,"[78, 71, 52, 88, 43, 14, 83, 27, 4, 12]"
253,100,0,10,1.053367691238721,0.029376350343227386,"[51, 41, 42, 55, 98, 81, 89, 2, 13, 8]"
254,100,0,10,1.0536036680142085,0.030776605010032654,"[63, 32, 54, 24, 30, 66, 14, 62, 86, 10]"
255,100,0,10,1.0521011190281975,0.031159203499555588,"[54, 94, 7, 50, 76, 59, 2, 97, 29, 24]"
256,100,0,10,1.050141273604499,0.027187995612621307,"[81, 28, 30, 59, 99, 51, 92, 76, 78, 41]"
257,100,0,10,1.0507487197717031,0.026454433798789978,"[97, 9, 44, 96, 37, 73, 2, 68, 92, 30]"
258,100,0,10,1.0506225261423323,0.027040600776672363,"[18, 20, 70, 41, 79, 71, 19, 56, 75, 62]"
259,100,0,10,1.0487422519259981,0.02833392657339573,"[29, 68, 70, 56, 59, 55, 7, 67, 45, 41]"
260,100,0,10,1.0466164492898518,0.032545000314712524,"[84, 41, 73, 66, 20, 33, 51, 62, 53, 45]"
261,100,0,10,1.049305471446779,0.03013189136981964,"[19, 93, 10, 72, 61, 8, 32, 15, 62, 48]"
262,100,0,10,1.0467269831233554,0.039331160485744476,"[15, 27, 9, 86, 31, 70, 81, 90, 10, 89]"
263,100,0,10,1.0466925975349213,0.0265995841473341,"[46, 96, 73, 82, 9, 58, 14, 29, 62, 71]"
264,100,0,10,1.0450193534294765,0.026575244963169098,"[65, 9, 57, 15, 25, 46, 11, 99, 18, 79]"
265,100,0,10,1.0451284537712735,0.028841935098171234,"[51, 91, 4, 80, 7, 13, 14, 99, 20, 88]"
266,100,0,10,1.0462448361847136,0.02954021655023098,"[19, 28, 30, 52, 13, 40, 18, 29, 73, 86]"
267,100,0,10,1.0416445801655452,0.02725801430642605,"[72, 29, 33, 2, 97, 80, 9, 99, 59, 85]"
268,100,0,10,1.0451714396476746,0.028591308742761612,"[7, 14, 58, 40, 80, 54, 88, 97, 15, 38]"
269,100,0,10,1.0400683965947892,0.030748162418603897,"[89, 8, 96, 13, 60, 99, 15, 42, 77, 2]"
270,100,0,10,1.0437360482083426,0.029750533401966095,"[54, 71, 74, 15, 76, 65, 1, 6, 63, 38]"
271,100,0,10,1.0431241002347735,0.028410375118255615,"[97, 20, 58, 0, 71, 41, 19, 76, 81, 11]"
272,100,0,10,1.0439407166507508,0.02853134647011757,"[23, 76, 1, 71, 10, 73, 52, 44, 68, 4]"
273,100,0,10,1.0411555349826813,0.026950346305966377,"[15, 51, 92, 32, 4, 71, 29, 24, 35, 73]"
274,100,0,10,1.0434157547023561,0.028286773711442947,"[57, 88, 81, 7, 20, 14, 83, 86, 51, 10]"
275,100,0,10,1.0417694879902735,0.03410642594099045,"[48, 68, 77, 96, 88, 78, 65, 54, 10, 15]"
276,100,0,10,1.0385782029893664,0.026570571586489677,"[38, 58, 63, 82, 73, 55, 66, 75, 12, 19]"
277,100,0,10,1.038384501139323,0.03577322140336037,"[64, 28, 65, 20, 79, 10, 90, 83, 67, 6]"
278,100,0,10,1.0405563771724702,0.030915526673197746,"[14, 94, 98, 23, 65, 83, 24, 18, 1, 42]"
279,100,0,10,1.0370605207151837,0.02579614706337452,"[54, 45, 32, 78, 8, 97, 11, 76, 35, 86]"
280,100,0,10,1.0360467791557313,0.02732464298605919,"[61, 41, 92, 62, 38, 25, 90, 1, 32, 94]"
281,100,0,10,1.036725949578815,0.02815133146941662,"[28, 66, 10, 39, 75, 23, 56, 15, 9, 53]"
282,100,0,10,1.0355676346355014,0.0503285713493824,"[72, 19, 65, 54, 98, 83, 39, 60, 10, 37]"
283,100,0,10,1.035389742255211,0.026228487491607666,"[10, 85, 79, 49, 30, 40, 97, 19, 58, 7]"
284,100,0,10,1.035283069478141,0.026675432920455933,"[1, 15, 22, 38, 31, 68, 83, 19, 58, 39]"
285,100,0,10,1.033856032954322,0.026571212336421013,"[62, 59, 12, 72, 58, 48, 70, 43, 50, 37]"
286,100,0,10,1.0344478024376764,0.040955428034067154,"[29, 71, 58, 47, 56, 55, 30, 9, 90, 61]"
287,100,0,10,1.032424149248335,0.0288261566311121,"[32, 23, 72, 74, 27, 87, 67, 35, 43, 73]"
288,100,0,10,1.0329147726297379,0.02651049569249153,"[66, 83, 46, 71, 98, 14, 92, 48, 62, 86]"
289,100,0,10,1.0321722269058227,0.027669910341501236,"[47, 20, 9, 42, 35, 56, 76, 11, 80, 2]"
290,100,0,10,1.0300685111019345,0.029230039566755295,"[90, 7, 4, 14, 13, 10, 67, 60, 65, 70]"
291,100,0,10,1.0268743786546919,0.028363771736621857,"[44, 42, 67, 77, 32, 92, 93, 3, 1, 43]"
292,100,0,10,1.0312005552980634,0.05827131122350693,"[38, 59, 10, 14, 87, 30, 31, 41, 96, 7]"
293,100,0,10,1.0287053498956893,0.02769632637500763,"[64, 42, 4, 51, 7, 88, 75, 38, 63, 12]"
294,100,0,10,1.0285765442583297,0.037342555820941925,"[30, 75, 48, 90, 79, 89, 20, 65, 72, 71]"
295,100,0,10,1.0265091273519729,0.032756708562374115,"[68, 27, 23, 1, 37, 54, 28, 72, 42, 32]"
296,100,0,10,1.0236542456679874,0.029836028814315796,"[38, 85, 73, 15, 60, 63, 8, 45, 25, 47]"
297,100,0,10,1.0262736840380562,0.0289413221180439,"[92, 73, 43, 49, 11, 74, 58, 89, 19, 76]"
298,100,0,10,1.0261704938279257,0.028433797881007195,"[18, 11, 4, 76, 25, 2, 42, 51, 19, 6]"
299,100,0,10,1.0259548717074924,0.02992452308535576,"[57, 76, 6, 48, 32, 85, 70, 87, 4, 71]"
300,100,0,10,1.025170546107822,0.026178544387221336,"[42, 87, 52, 47, 72, 20, 79, 40, 11, 10]"
301,100,0,10,1.0263884832461674,0.026508912444114685,"[66, 0, 11, 86, 9, 23, 24, 61, 57, 31]"
302,100,0,10,1.0231359286440744,0.029935292899608612,"[10, 44, 81, 30, 43, 96, 2, 59, 74, 76]"
303,100,0,10,1.0239195237557093,0.029808271676301956,"[15, 88, 19, 52, 54, 61, 32, 87, 43, 70]"
304,100,0,10,1.02213244371944,0.02980196475982666,"[7, 73, 49, 80, 65, 72, 29, 25, 59, 19]"
305,100,0,10,1.020751855108473,0.03465363010764122,"[67, 18, 65, 48, 38, 29, 94, 51, 55, 95]"
306,100,0,10,1.0224298619561725,0.031208444386720657,"[39, 59, 90, 91, 77, 20, 71, 9, 88, 14]"
307,100,0,10,1.0194949835538865,0.026927556842565536,"[35, 94, 27, 15, 99, 30, 67, 22, 61, 39]"
308,100,0,10,1.018907858265771,0.02906069904565811,"[80, 47, 90, 56, 93, 98, 42, 54, 81, 20]"
309,100,0,10,1.019489444957839,0.026681210845708847,"[86, 96, 73, 0, 13, 8, 11, 40, 35, 14]"
310,100,0,10,1.0191930810610454,0.028255656361579895,"[80, 77, 12, 39, 98, 97, 58, 68, 93, 43]"
311,100,0,10,1.018525931901402,0.029445495456457138,"[23, 38, 37, 90, 51, 44, 81, 4, 9, 2]"
312,100,0,10,1.0167173233297135,0.029828539118170738,"[74, 70, 96, 85, 80, 8, 23, 53, 68, 29]"
313,100,0,10,1.0167817804548476,0.05035898834466934,"[9, 31, 77, 88, 91, 37, 38, 41, 39, 67]"
314,100,0,10,1.0164350122213364,0.028448252007365227,"[19, 48, 92, 17, 84, 41, 13, 83, 97, 29]"
315,100,0,10,1.015871423151758,0.027856644243001938,"[27, 65, 66, 48, 80, 46, 89, 73, 30, 37]"
316,100,0,10,1.0160732550753488,0.026725422590970993,"[12, 44, 81, 31, 45, 50, 86, 66, 9, 87]"
317,100,0,10,1.0127108845445845,0.03150632977485657,"[78, 66, 40, 90, 39, 70, 91, 83, 49, 64]"
318,100,0,10,1.0135000020265579,0.030699288472533226,"[33, 9, 8, 66, 39, 89, 52, 29, 73, 62]"
319,100,0,10,1.0140041745371289,0.027806881815195084,"[75, 51, 42, 58, 89, 8, 68, 93, 20, 83]"
320,100,0,10,1.01048536962933,0.028235625475645065,"[45, 7, 26, 23, 24, 52, 61, 12, 89, 64]"
321,100,0,10,1.0115765104691188,0.02802373841404915,"[54, 41, 86, 96, 12, 57, 78, 51, 36, 65]"
322,100,0,10,1.0114552292558883,0.03449510410428047,"[11, 70, 6, 86, 31, 9, 76, 52, 33, 41]"
323,100,0,10,1.0106333911418914,0.02731909602880478,"[57, 13, 17, 87, 52, 72, 37, 53, 97, 31]"
324,100,0,10,1.0141196638345717,0.04145239293575287,"[65, 10, 90, 87, 73, 93, 52, 43, 97, 42]"
325,100,0,10,1.0095229907168282,0.025781184434890747,"[32, 92, 71, 12, 47, 31, 97, 96, 30, 35]"
326,100,0,10,1.0097555852598614,0.026496348902583122,"[78, 42, 19, 8, 65, 43, 12, 68, 22, 54]"
327,100,0,10,1.009817654887835,0.027876069769263268,"[17, 48, 39, 18, 47, 43, 12, 13, 67, 73]"
328,100,0,10,1.0089909901221592,0.02591162919998169,"[93, 10, 55, 9, 58, 81, 52, 86, 79, 27]"
329,100,0,10,1.003739254673322,0.027841243892908096,"[8, 52, 90, 0, 18, 80, 89, 70, 99, 10]"
330,100,0,10,1.0091900222831303,0.028572404757142067,"[80, 74, 24, 25, 97, 88, 31, 81, 14, 18]"
331,100,0,10,1.006596596704589,0.02964225597679615,"[57, 88, 40, 54, 15, 25, 12, 42, 61, 28]"
332,100,0,10,1.0080323172940149,0.03159555792808533,"[10, 41, 68, 57, 62, 55, 81, 30, 72, 99]"
333,100,0,10,1.006560139854749,0.0405234731733799,"[56, 90, 10, 48, 86, 91, 49, 2, 11, 59]"
334,100,0,10,1.0034477962387933,0.026089290156960487,"[73, 18, 31, 50, 59, 79, 22, 12, 48, 15]"
335,100,0,10,1.0028897474209468,0.027911849319934845,"[73, 19, 61, 27, 66, 53, 41, 68, 40, 84]"
336,100,0,10,1.005901046262847,0.028191683813929558,"[13, 12, 4, 85, 94, 11, 24, 9, 87, 96]"
337,100,0,10,1.0018482509586546,0.03120548278093338,"[93, 58, 99, 83, 94, 31, 14, 77, 75, 20]"
338,100,0,10,1.002439476384057,0.029270315542817116,"[81, 80, 8, 59, 47, 94, 28, 20, 89, 14]"
339,100,0,10,1.005000678035948,0.02822372503578663,"[1, 49, 44, 6, 15, 53, 24, 88, 19, 2]"
340,100,0,10,1.0000857674413257,0.026512278243899345,"[63, 41, 50, 75, 22, 20, 71, 52, 23, 47]"
341,100,0,10,1.0010731809669071,0.028703801333904266,"[59, 55, 84, 67, 88, 89, 38, 12, 61, 87]"
342,100,0,10,0.9997547868225309,0.02669678069651127,"[1, 79, 85, 62, 93, 57, 23, 20, 54, 90]"
343,100,0,10,0.9976844555801816,0.028991296887397766,"[71, 17, 15, 55, 84, 27, 85, 80, 57, 64]"
344,100,0,10,1.0003493991163042,0.02690260484814644,"[65, 6, 78, 50, 66, 77, 88, 37, 81, 24]"
345,100,0,10,1.0001362449593014,0.04601999372243881,"[31, 72, 19, 42, 81, 61, 83, 24, 75, 18]"
346,100,0,10,0.9994057499700122,0.029307033866643906,"[30, 47, 74, 73, 49, 11, 28, 24, 80, 17]"
347,100,0,10,0.9969402568207847,0.028957225382328033,"[3, 61, 10, 72, 39, 85, 94, 42, 46, 58]"
348,100,0,10,0.996150756875674,0.03288417309522629,"[54, 65, 26, 28, 80, 72, 57, 62, 8, 86]"
349,100,0,10,0.9951313085026211,0.027826862409710884,"[73, 70, 7, 90, 50, 89, 88, 19, 37, 13]"
350,100,0,10,0.9968677967786789,0.02740105614066124,"[86, 23, 8, 97, 42, 0, 51, 62, 77, 93]"
351,100,0,10,0.9994092348549102,0.03295896202325821,"[49, 97, 75, 84, 48, 52, 19, 71, 39, 73]"
352,100,0,10,0.9946110702223248,0.028742993250489235,"[39, 55, 59, 24, 80, 49, 0, 61, 81, 23]"
353,100,0,10,0.9927794612116283,0.026424016803503036,"[33, 24, 55, 7, 53, 30, 40, 81, 68, 45]"
354,100,0,10,0.9917298952738445,0.038455892354249954,"[39, 31, 77, 6, 65, 83, 91, 73, 27, 58]"
355,100,0,10,0.9944390386343003,0.029046325013041496,"[14, 11, 64, 85, 6, 12, 57, 24, 62, 23]"
356,100,0,10,0.992816808488634,0.028973110020160675,"[4, 64, 55, 23, 83, 73, 28, 75, 24, 67]"
357,100,0,10,0.9909359382258521,0.029008898884058,"[51, 24, 10, 15, 54, 32, 4, 47, 76, 89]"
358,100,0,10,0.9911295003361171,0.030017372220754623,"[43, 56, 46, 85, 2, 20, 88, 6, 24, 35]"
359,100,0,10,0.990185812777943,0.028475679457187653,"[35, 15, 86, 39, 98, 89, 19, 51, 59, 80]"
360,100,0,10,0.9875869628455904,0.029545670375227928,"[27, 62, 74, 73, 47, 44, 80, 17, 14, 66]"
361,100,0,10,0.9901165210538441,0.037253133952617645,"[1, 43, 18, 85, 74, 57, 48, 25, 47, 65]"
362,100,0,10,0.9846583290232552,0.025657963007688522,"[30, 43, 24, 96, 31, 66, 12, 82, 54, 98]"
363,100,0,10,0.9889412575297886,0.02652420476078987,"[42, 19, 35, 74, 65, 79, 6, 58, 93, 10]"
364,100,0,10,0.9870843579371771,0.02759394980967045,"[35, 30, 88, 24, 36, 13, 77, 23, 6, 46]"
365,100,0,10,0.9847397221459282,0.0273074172437191,"[23, 43, 57, 92, 87, 63, 25, 78, 18, 96]"
366,100,0,10,0.9890812473164665,0.02849530428647995,"[99, 8, 55, 51, 24, 94, 62, 22, 39, 72]"
367,100,0,10,0.9872343993849224,0.027590394020080566,"[93, 78, 87, 18, 32, 30, 10, 71, 13, 4]"
368,100,0,10,0.985395363966624,0.028557511046528816,"[37, 77, 58, 39, 64, 73, 2, 9, 10, 23]"
369,100,0,10,0.985975706246164,0.026244986802339554,"[1, 19, 64, 88, 62, 66, 10, 67, 45, 65]"
370,100,0,10,0.9848839223384858,0.03051481768488884,"[79, 28, 86, 71, 83, 68, 55, 10, 69, 65]"
371,100,0,10,0.9817554589774873,0.02797119691967964,"[39, 97, 98, 41, 14, 89, 77, 51, 33, 44]"
372,100,0,10,0.9824547191460927,0.029717199504375458,"[89, 28, 68, 7, 41, 49, 76, 88, 33, 52]"
373,100,0,10,0.980869483616617,0.027134036645293236,"[73, 88, 20, 15, 87, 36, 43, 22, 46, 24]"
374,100,0,10,0.9864262051052517,0.0269917082041502,"[60, 68, 86, 88, 84, 14, 24, 48, 35, 11]"
375,100,0,10,0.983138252960311,0.02813362516462803,"[28, 58, 78, 48, 83, 12, 72, 94, 32, 35]"
376,100,0,10,0.9812393201722038,0.02773943915963173,"[62, 40, 14, 10, 92, 2, 11, 46, 28, 42]"
377,100,0,10,0.9800577461719513,0.02647973597049713,"[86, 53, 59, 43, 13, 55, 97, 77, 73, 63]"
378,100,0,10,0.979423314332962,0.02783351019024849,"[2, 73, 39, 61, 30, 15, 74, 91, 19, 92]"
379,100,0,10,0.9808496216932933,0.03004470095038414,"[8, 23, 19, 75, 78, 77, 97, 87, 48, 40]"
380,100,0,10,0.97769539323118,0.02789846435189247,"[59, 50, 35, 57, 6, 94, 28, 7, 17, 10]"
381,100,0,10,0.9777791897455851,0.02643006667494774,"[35, 64, 42, 82, 41, 57, 30, 71, 66, 37]"
382,100,0,10,0.9788815653986401,0.028667660430073738,"[6, 32, 9, 55, 1, 46, 19, 39, 70, 37]"
383,100,0,10,0.9776710897684098,0.0270053893327713,"[19, 84, 94, 24, 68, 73, 30, 46, 8, 17]"
384,100,0,10,0.9723544581068887,0.031552791595458984,"[32, 64, 49, 77, 70, 24, 80, 85, 58, 93]"
385,100,0,10,0.975853118300438,0.02815779484808445,"[73, 33, 14, 75, 47, 7, 80, 58, 48, 67]"
386,100,0,10,0.9759862376583948,0.02880687080323696,"[50, 65, 87, 60, 66, 59, 49, 15, 31, 71]"
387,100,0,10,0.974892908665869,0.032183341681957245,"[25, 15, 11, 88, 29, 72, 44, 64, 93, 83]"
388,100,0,10,0.9726871073246002,0.02672584354877472,"[61, 62, 48, 47, 92, 50, 63, 25, 87, 2]"
389,100,0,10,0.9740026636256112,0.027091311290860176,"[2, 97, 94, 42, 6, 61, 29, 92, 76, 63]"
390,100,0,10,0.975115598903762,0.029267285019159317,"[40, 18, 97, 13, 65, 1, 42, 31, 39, 52]"
391,100,0,10,0.9726532724168566,0.025776030495762825,"[23, 45, 86, 55, 24, 19, 75, 1, 92, 2]"
392,100,0,10,0.9733342829677794,0.028476204723119736,"[23, 46, 64, 97, 68, 89, 83, 55, 88, 35]"
393,100,0,10,0.970739750067393,0.026894783601164818,"[38, 78, 13, 30, 61, 42, 94, 96, 50, 54]"
394,100,0,10,0.9716803693109088,0.027596071362495422,"[86, 96, 73, 58, 13, 7, 57, 52, 83, 31]"
395,100,0,10,0.9709793988201354,0.03184957802295685,"[96, 73, 38, 86, 87, 90, 61, 18, 8, 89]"
396,100,0,10,0.9692405144373576,0.02664201334118843,"[74, 22, 35, 42, 60, 85, 24, 47, 76, 8]"
397,100,0,10,0.9669521434439554,0.02721952088177204,"[84, 8, 57, 58, 41, 82, 94, 45, 43, 49]"
398,100,0,10,0.9694856726460986,0.029050270095467567,"[2, 22, 70, 92, 32, 87, 39, 30, 51, 44]"
399,100,0,10,0.9670721219645606,0.026767689734697342,"[44, 48, 65, 19, 8, 30, 79, 25, 13, 22]"
400,100,0,10,0.9685379197200139,0.027776537463068962,"[94, 53, 29, 31, 56, 61, 43, 88, 41, 24]"
401,100,0,10,0.9700012293126847,0.03325129672884941,"[63, 85, 83, 31, 48, 62, 6, 94, 41, 35]"
402,100,0,10,0.9672086387872696,0.026869842782616615,"[45, 62, 39, 14, 8, 75, 24, 86, 74, 4]"
403,100,0,10,0.9691723373201158,0.03979101777076721,"[51, 48, 11, 39, 86, 13, 92, 64, 41, 55]"
404,100,0,10,0.9633052809370889,0.027982136234641075,"[31, 10, 56, 24, 15, 23, 27, 53, 41, 6]"
405,100,0,10,0.9625806291898091,0.02770068496465683,"[30, 51, 28, 19, 87, 74, 35, 77, 63, 0]"
406,100,0,10,0.9642866664462619,0.026420705020427704,"[32, 71, 23, 19, 70, 88, 7, 45, 60, 67]"
407,100,0,10,0.9652655829985937,0.02844759076833725,"[94, 71, 20, 97, 30, 43, 49, 99, 6, 68]"
408,100,0,10,0.9607591622405582,0.02661137469112873,"[79, 6, 56, 30, 26, 51, 90, 62, 78, 59]"
409,100,0,10,0.9591412560807333,0.029393767938017845,"[76, 94, 97, 74, 27, 20, 43, 99, 40, 18]"
410,100,0,10,0.9592092878288694,0.026806054636836052,"[63, 0, 80, 7, 52, 75, 24, 11, 19, 86]"
411,100,0,10,0.963558558622996,0.03213745355606079,"[28, 14, 94, 11, 67, 88, 17, 23, 56, 51]"
412,100,0,10,0.959425653020541,0.026134951040148735,"[66, 14, 47, 30, 43, 67, 15, 1, 40, 33]"
413,100,0,10,0.9613698383172353,0.028112394735217094,"[11, 54, 12, 35, 19, 72, 87, 58, 41, 99]"
414,100,0,10,0.9599250723918279,0.026046060025691986,"[2, 12, 32, 51, 22, 78, 37, 4, 88, 94]"
415,100,0,10,0.9560758388704724,0.02836078591644764,"[56, 4, 80, 6, 93, 22, 52, 8, 54, 49]"
416,100,0,10,0.9592280473974015,0.02785547636449337,"[58, 20, 50, 88, 86, 74, 68, 14, 44, 10]"
417,100,0,10,0.9572512696186701,0.027865111827850342,"[13, 48, 61, 70, 55, 37, 12, 25, 42, 93]"
418,100,0,10,0.9559507393174701,0.026490919291973114,"[65, 24, 11, 22, 50, 4, 88, 57, 30, 70]"
419,100,0,10,0.9573975132571326,0.025646038353443146,"[8, 71, 76, 53, 58, 61, 11, 66, 45, 59]"
420,100,0,10,0.9555987772014406,0.029900196939706802,"[64, 30, 71, 59, 4, 91, 8, 49, 51, 83]"
421,100,0,10,0.9539306511481602,0.02774200215935707,"[88, 12, 73, 92, 38, 28, 66, 23, 37, 89]"
422,100,0,10,0.9554293619261848,0.029416382312774658,"[31, 85, 76, 51, 65, 98, 38, 54, 52, 93]"
423,100,0,10,0.9547410511308245,0.030291199684143066,"[47, 83, 9, 63, 68, 54, 93, 58, 62, 57]"
424,100,0,10,0.9554196473624972,0.028604544699192047,"[6, 64, 63, 18, 71, 72, 35, 48, 84, 51]"
425,100,0,10,0.9517675482564503,0.03039185330271721,"[57, 20, 39, 70, 42, 91, 61, 14, 48, 77]"
426,100,0,10,0.9518818885087967,0.04616694152355194,"[55, 15, 18, 60, 2, 87, 35, 42, 26, 89]"
427,100,0,10,0.9535498864120907,0.032538916915655136,"[35, 43, 42, 94, 6, 19, 62, 88, 91, 55]"
428,100,0,10,0.9539540115329954,0.02751629427075386,"[19, 88, 11, 68, 53, 41, 44, 94, 85, 84]"
429,100,0,10,0.9520660370588303,0.028988858684897423,"[71, 9, 15, 80, 55, 83, 19, 2, 17, 46]"
430,100,0,10,0.9496310631434123,0.027797937393188477,"[2, 52, 59, 4, 51, 54, 7, 73, 22, 84]"
431,100,0,10,0.9530313574605518,0.0277390293776989,"[48, 93, 47, 39, 65, 94, 4, 15, 12, 8]"
432,100,0,10,0.9494381099939346,0.028659537434577942,"[42, 7, 75, 8, 84, 65, 41, 87, 18, 27]"
433,100,0,10,0.9479200535350376,0.029993373900651932,"[13, 67, 84, 56, 29, 11, 1, 74, 62, 47]"
434,100,0,10,0.9455219272110197,0.032105714082717896,"[30, 10, 65, 99, 89, 25, 76, 93, 88, 85]"
435,100,0,10,0.9482618394825193,0.03071117028594017,"[72, 58, 54, 38, 59, 78, 11, 97, 23, 43]"
436,100,0,10,0.9471008191506067,0.030640652403235435,"[47, 25, 93, 73, 56, 66, 51, 13, 71, 46]"
437,100,0,10,0.9456406493981679,0.028226248919963837,"[55, 8, 35, 9, 31, 26, 41, 84, 15, 32]"
438,100,0,10,0.9432377027140724,0.028067028149962425,"[32, 17, 92, 73, 71, 4, 52, 58, 37, 31]"
439,100,0,10,0.9473872204621633,0.029909448698163033,"[55, 94, 67, 44, 12, 49, 42, 78, 39, 30]"
440,100,0,10,0.9442090726561017,0.038727372884750366,"[17, 81, 74, 55, 11, 98, 48, 44, 99, 85]"
441,100,0,10,0.9433726671669218,0.027544934302568436,"[2, 15, 88, 1, 77, 74, 55, 22, 92, 47]"
442,100,0,10,0.9429754012160831,0.027666503563523293,"[85, 48, 91, 9, 66, 88, 28, 13, 45, 96]"
443,100,0,10,0.9459443721506331,0.03151838108897209,"[30, 27, 86, 68, 88, 11, 47, 66, 90, 38]"
444,100,0,10,0.940372716387113,0.028540758416056633,"[18, 70, 82, 32, 55, 29, 7, 41, 76, 46]"
445,100,0,10,0.9419890963368945,0.030812930315732956,"[97, 17, 41, 64, 96, 30, 39, 47, 24, 81]"
446,100,0,10,0.9400852620601654,0.032292965799570084,"[13, 23, 67, 20, 69, 97, 83, 15, 51, 42]"
447,100,0,10,0.941072361336814,0.027567153796553612,"[41, 1, 11, 90, 83, 82, 40, 15, 10, 61]"
448,100,0,10,0.9407075650162167,0.027141818776726723,"[14, 13, 87, 92, 96, 66, 75, 81, 62, 31]"
449,100,0,10,0.9418022453784942,0.028958618640899658,"[68, 38, 35, 14, 90, 11, 48, 23, 99, 59]"
450,100,0,10,0.9362604700856738,0.030630439519882202,"[41, 61, 45, 90, 3, 73, 65, 64, 39, 1]"
451,100,0,10,0.9368232568105062,0.033040471374988556,"[42, 11, 79, 13, 72, 53, 38, 62, 77, 94]"
452,100,0,10,0.938366088602278,0.026500672101974487,"[91, 53, 9, 93, 18, 87, 97, 84, 65, 71]"
453,100,0,10,0.9351152973042594,0.029329439625144005,"[20, 35, 42, 94, 44, 59, 91, 52, 24, 37]"
454,100,0,10,0.9390267908573151,0.027667192742228508,"[92, 46, 39, 58, 10, 30, 65, 9, 14, 52]"
455,100,0,10,0.9357235160138873,0.04958254098892212,"[35, 70, 48, 24, 89, 10, 1, 15, 18, 56]"
456,100,0,10,0.9352567066748937,0.028077034279704094,"[67, 81, 39, 8, 54, 12, 1, 78, 41, 53]"
457,100,0,10,0.9345282716883554,0.026309801265597343,"[46, 31, 88, 57, 48, 45, 93, 72, 13, 41]"
458,100,0,10,0.9322584480047226,0.028974920511245728,"[39, 48, 24, 76, 84, 96, 56, 66, 42, 60]"
459,100,0,10,0.9374918848276138,0.02637266367673874,"[81, 62, 86, 15, 37, 10, 22, 42, 90, 55]"
460,100,0,10,0.9345366607109705,0.02849431335926056,"[51, 61, 94, 63, 24, 64, 87, 54, 47, 73]"
461,100,0,10,0.931011163857248,0.027344899252057076,"[75, 19, 46, 11, 31, 22, 56, 14, 40, 29]"
462,100,0,10,0.9351656417051951,0.05020447075366974,"[18, 24, 39, 67, 48, 94, 44, 19, 55, 46]"
463,100,0,10,0.933355853623814,0.02930847927927971,"[93, 68, 54, 78, 62, 88, 81, 18, 23, 6]"
464,100,0,10,0.9313445114427144,0.02902398258447647,"[74, 32, 66, 88, 8, 98, 62, 4, 31, 87]"
465,100,0,10,0.9303326504098044,0.027354156598448753,"[72, 84, 39, 35, 65, 7, 28, 37, 53, 48]"
466,100,0,10,0.9291862815618515,0.026900717988610268,"[97, 47, 71, 46, 35, 79, 84, 6, 26, 51]"
467,100,0,10,0.9259262531995773,0.027981942519545555,"[49, 57, 15, 19, 12, 53, 79, 74, 27, 86]"
468,100,0,10,0.9298329439428118,0.029974117875099182,"[73, 57, 12, 68, 1, 81, 30, 11, 18, 96]"
469,100,0,10,0.928592633538776,0.027607716619968414,"[35, 9, 67, 73, 12, 55, 98, 32, 29, 90]"
470,100,0,10,0.9300300730599298,0.032472915947437286,"[43, 68, 99, 39, 10, 86, 47, 97, 54, 2]"
471,100,0,10,0.9277308026949564,0.02987045794725418,"[57, 99, 52, 97, 73, 11, 78, 15, 51, 59]"
472,100,0,10,0.9247999058829414,0.029642732813954353,"[90, 78, 11, 7, 49, 75, 13, 63, 52, 72]"
473,100,0,10,0.9229127479924095,0.03851801156997681,"[87, 69, 28, 23, 74, 72, 14, 35, 20, 30]"
474,100,0,10,0.924951159954071,0.02862297184765339,"[47, 8, 79, 28, 64, 10, 87, 73, 38, 62]"
475,100,0,10,0.920897618929545,0.02774282917380333,"[28, 65, 97, 0, 89, 43, 66, 84, 55, 9]"
476,100,0,10,0.9241032421588897,0.030052782967686653,"[24, 15, 47, 35, 75, 23, 73, 29, 60, 65]"
477,100,0,10,0.9226420644256803,0.03392164036631584,"[14, 84, 71, 82, 15, 88, 65, 62, 55, 75]"
478,100,0,10,0.9227263331413269,0.02620435506105423,"[55, 65, 76, 94, 80, 92, 78, 4, 11, 87]"
479,100,0,10,0.9222451368967692,0.03090113401412964,"[29, 23, 60, 7, 51, 39, 55, 32, 59, 8]"
480,100,0,10,0.9226887338691288,0.02985776960849762,"[87, 2, 31, 88, 23, 13, 58, 32, 47, 81]"
481,100,0,10,0.9191763079828685,0.027216801419854164,"[20, 6, 35, 9, 55, 1, 94, 96, 32, 27]"
482,100,0,10,0.9202876690361235,0.037465304136276245,"[18, 60, 73, 35, 15, 29, 93, 37, 9, 7]"
483,100,0,10,0.9177267581224442,0.027246717363595963,"[90, 65, 15, 4, 37, 78, 61, 51, 0, 43]"
484,100,0,10,0.9184094554848141,0.028878288343548775,"[48, 10, 24, 50, 86, 80, 49, 77, 75, 57]"
485,100,0,10,0.9176177690426508,0.026172500103712082,"[90, 1, 7, 71, 35, 98, 22, 20, 59, 29]"
486,100,0,10,0.9149651649925443,0.0359121710062027,"[38, 66, 67, 24, 10, 81, 52, 17, 27, 77]"
487,100,0,10,0.9179362770583894,0.02950367145240307,"[55, 8, 39, 53, 42, 71, 78, 45, 41, 72]"
488,100,0,10,0.920565249853664,0.03275417909026146,"[41, 83, 74, 86, 64, 88, 8, 65, 9, 73]"
489,100,0,10,0.915580721033944,0.026178890839219093,"[75, 51, 79, 74, 57, 47, 93, 54, 44, 87]"
490,100,0,10,0.9185514171918233,0.040906742215156555,"[73, 41, 88, 70, 55, 94, 90, 4, 18, 65]"
491,100,0,10,0.9132747438218858,0.028702540323138237,"[55, 77, 11, 43, 99, 68, 67, 31, 8, 94]"
492,100,0,10,0.9140636043416128,0.02664080634713173,"[8, 94, 83, 31, 96, 29, 44, 74, 30, 33]"
493,100,0,10,0.9158571895625855,0.029329488053917885,"[43, 86, 15, 76, 10, 1, 99, 7, 47, 88]"
494,100,0,10,0.9115635335445404,0.029212944209575653,"[2, 78, 38, 58, 49, 55, 48, 86, 69, 39]"
495,100,0,10,0.9143706685966916,0.03087509050965309,"[46, 2, 8, 10, 6, 29, 35, 14, 48, 40]"
496,100,0,10,0.9107858038610883,0.06467851251363754,"[10, 60, 86, 58, 43, 56, 46, 14, 75, 52]"
497,100,0,10,0.9104776273171107,0.025452332571148872,"[43, 68, 62, 10, 75, 33, 81, 59, 30, 35]"
498,100,0,10,0.908992232879003,0.030533533543348312,"[23, 56, 14, 98, 96, 65, 70, 42, 94, 40]"
499,100,0,10,0.9114838990900251,0.026833122596144676,"[79, 87, 59, 88, 66, 48, 93, 41, 47, 15]"
500,100,0,10,0.9110944320758184,0.04069242626428604,"[81, 18, 11, 7, 2, 14, 94, 10, 61, 91]"
501,100,0,10,0.9089780102173488,0.02874605357646942,"[64, 39, 73, 9, 75, 58, 62, 6, 60, 48]"
502,100,0,10,0.9072112321853638,0.02844700589776039,"[61, 80, 58, 7, 60, 76, 18, 73, 88, 98]"
503,100,0,10,0.9042585459020402,0.026721294969320297,"[80, 87, 1, 36, 4, 23, 38, 86, 52, 66]"
504,100,0,10,0.906662936674224,0.027270566672086716,"[64, 73, 51, 90, 44, 50, 78, 83, 62, 11]"
505,100,0,10,0.9088678787151971,0.04519421607255936,"[71, 52, 42, 54, 75, 70, 65, 90, 58, 1]"
506,100,0,10,0.9082937879694832,0.028435204178094864,"[73, 83, 6, 32, 78, 48, 68, 49, 97, 93]"
507,100,0,10,0.9047703037659327,0.03762704133987427,"[15, 93, 63, 94, 57, 6, 2, 88, 4, 61]"
508,100,0,10,0.9078820884227752,0.04706428945064545,"[19, 54, 96, 2, 90, 88, 83, 37, 48, 39]"
509,100,0,10,0.9050988074806001,0.0278034508228302,"[65, 88, 37, 11, 1, 42, 23, 32, 24, 68]"
510,100,0,10,0.9041790710555182,0.028841443359851837,"[66, 10, 52, 37, 54, 86, 97, 74, 76, 49]"
511,100,0,10,0.9032012148035897,0.03764026612043381,"[10, 93, 66, 11, 85, 47, 28, 81, 73, 60]"
512,100,0,10,0.9013859798510869,0.032610565423965454,"[85, 76, 29, 50, 73, 14, 58, 70, 86, 10]"
513,100,0,10,0.9048217935694589,0.02966916561126709,"[8, 19, 30, 48, 88, 53, 66, 42, 87, 67]"
514,100,0,10,0.9000055117739572,0.029264669865369797,"[65, 90, 85, 54, 46, 72, 32, 60, 2, 81]"
515,100,0,10,0.9001098576519224,0.028983594849705696,"[38, 70, 60, 7, 30, 97, 48, 42, 14, 84]"
516,100,0,10,0.8992324170139101,0.026131220161914825,"[62, 81, 50, 4, 94, 28, 90, 79, 39, 6]"
517,100,0,10,0.8973964932892058,0.02673056535422802,"[87, 22, 61, 59, 29, 98, 77, 32, 35, 71]"
518,100,0,10,0.8936142676406437,0.027096794918179512,"[18, 17, 73, 19, 11, 35, 84, 20, 37, 31]"
519,100,0,10,0.8977788739734226,0.028591852635145187,"[71, 15, 66, 40, 65, 76, 54, 62, 20, 57]"
520,100,0,10,0.8991907626390456,0.03831861913204193,"[29, 83, 67, 98, 81, 19, 44, 9, 6, 70]"
521,100,0,10,0.8947782897286944,0.029119541868567467,"[13, 8, 40, 7, 83, 48, 60, 58, 97, 91]"
522,100,0,10,0.8935923053158654,0.026690423488616943,"[77, 46, 31, 54, 97, 4, 52, 33, 10, 43]"
523,100,0,10,0.8943525781234105,0.05203311890363693,"[37, 24, 61, 75, 52, 72, 41, 81, 58, 17]"
524,100,0,10,0.8964571366707483,0.042491257190704346,"[39, 58, 54, 59, 6, 29, 7, 48, 90, 38]"
525,100,0,10,0.891032992137803,0.029286611825227737,"[39, 20, 25, 24, 44, 41, 58, 8, 60, 1]"
526,100,0,10,0.8917475326193703,0.02803609147667885,"[10, 46, 64, 1, 12, 9, 39, 65, 99, 27]"
527,100,0,10,0.8909728692637549,0.02639564499258995,"[35, 29, 42, 41, 22, 9, 11, 62, 43, 91]"
528,100,0,10,0.8939812319146262,0.031210700049996376,"[41, 93, 10, 76, 9, 20, 61, 44, 67, 97]"
529,100,0,10,0.8926131923993428,0.02663210593163967,"[94, 12, 73, 44, 40, 65, 72, 92, 22, 68]"
530,100,0,10,0.8919671148061752,0.04871611297130585,"[39, 81, 41, 75, 28, 71, 46, 54, 60, 44]"
531,100,0,10,0.8898721923430761,0.028955940157175064,"[51, 9, 70, 27, 67, 35, 73, 37, 94, 13]"
532,100,0,10,0.8859960267941157,0.02686583437025547,"[65, 67, 31, 94, 78, 48, 91, 84, 66, 13]"
533,100,0,10,0.8882179144355986,0.02702142670750618,"[39, 4, 82, 30, 40, 97, 1, 72, 94, 8]"
534,100,0,10,0.8907876137230131,0.02950444631278515,"[35, 42, 18, 90, 68, 8, 71, 55, 52, 99]"
535,100,0,10,0.8872521026266946,0.030249932780861855,"[10, 39, 15, 84, 50, 62, 14, 75, 97, 47]"
536,100,0,10,0.8900656640529632,0.027146365493535995,"[22, 85, 92, 42, 96, 19, 94, 87, 6, 51]"
537,100,0,10,0.8861823972728518,0.027267321944236755,"[67, 80, 19, 97, 53, 90, 63, 62, 32, 75]"
538,100,0,10,0.8823939356538985,0.027746543288230896,"[24, 19, 38, 39, 11, 26, 0, 37, 81, 29]"
539,100,0,10,0.8847804168860118,0.027509566396474838,"[92, 89, 54, 7, 6, 40, 73, 49, 62, 83]"
540,100,0,10,0.8877211882008447,0.025987768545746803,"[87, 47, 44, 80, 88, 97, 32, 57, 79, 51]"
541,100,0,10,0.8810929603046842,0.027766531333327293,"[84, 57, 89, 88, 35, 43, 66, 10, 45, 14]"
542,100,0,10,0.8864699946509467,0.028842180967330933,"[94, 71, 77, 90, 98, 9, 15, 19, 80, 35]"
543,100,0,10,0.8824864483541912,0.02846527099609375,"[4, 39, 40, 99, 80, 85, 30, 32, 51, 62]"
544,100,0,10,0.8796505086951786,0.02600349672138691,"[2, 64, 37, 31, 65, 83, 13, 92, 4, 10]"
545,100,0,10,0.8832084516684214,0.027050459757447243,"[6, 86, 49, 54, 79, 81, 46, 87, 43, 66]"
546,100,0,10,0.8846754213174184,0.04189549386501312,"[49, 9, 14, 97, 73, 87, 96, 37, 67, 18]"
547,100,0,10,0.8845665411816703,0.027600770816206932,"[8, 81, 57, 12, 42, 30, 88, 51, 58, 23]"
548,100,0,10,0.8839827537536622,0.030977290123701096,"[54, 35, 42, 47, 51, 66, 71, 97, 77, 68]"
549,100,0,10,0.8813411189450158,0.026084834709763527,"[57, 90, 67, 79, 48, 45, 94, 71, 42, 30]"
550,100,0,10,0.8790256831381056,0.02746378257870674,"[50, 61, 40, 12, 87, 55, 41, 6, 68, 38]"
551,100,0,10,0.878826469514105,0.03102138265967369,"[87, 72, 13, 61, 4, 39, 41, 85, 18, 64]"
552,100,0,10,0.8779190056853824,0.02888522669672966,"[75, 51, 6, 98, 37, 31, 97, 86, 32, 28]"
553,100,0,10,0.8776624672942692,0.03054206259548664,"[9, 71, 57, 30, 37, 8, 32, 96, 49, 48]"
554,100,0,10,0.8745529029104444,0.02828090265393257,"[11, 27, 68, 18, 53, 51, 84, 61, 92, 59]"
555,100,0,10,0.8783176498280632,0.029033716768026352,"[35, 24, 70, 96, 86, 8, 44, 68, 55, 73]"
556,100,0,10,0.8747408363554212,0.02770734578371048,"[83, 72, 58, 70, 57, 4, 33, 30, 71, 55]"
557,100,0,10,0.875098443362448,0.0473330058157444,"[37, 58, 88, 48, 60, 61, 65, 55, 38, 52]"
558,100,0,10,0.8771482187840673,0.03022340126335621,"[19, 30, 49, 51, 2, 94, 56, 1, 71, 8]"
559,100,0,10,0.8735931499136819,0.028654180467128754,"[48, 2, 10, 63, 98, 83, 78, 40, 97, 80]"
560,100,0,10,0.8716303341918521,0.028435325250029564,"[6, 96, 55, 81, 76, 64, 89, 88, 12, 90]"
561,100,0,10,0.8708983595172564,0.03513440117239952,"[41, 75, 74, 94, 43, 47, 37, 27, 63, 83]"
562,100,0,10,0.876366220580207,0.03865118324756622,"[28, 72, 7, 20, 76, 88, 71, 52, 10, 83]"
563,100,0,10,0.8740437411599689,0.0373876690864563,"[15, 43, 14, 96, 67, 44, 10, 39, 66, 97]"
564,100,0,10,0.8698649068673452,0.0278848335146904,"[65, 47, 23, 88, 76, 58, 69, 39, 35, 14]"
565,100,0,10,0.8692826158470578,0.025599634274840355,"[62, 4, 63, 61, 42, 67, 86, 76, 45, 24]"
566,100,0,10,0.8698337174124188,0.03496077284216881,"[18, 7, 87, 77, 85, 86, 94, 19, 89, 50]"
567,100,0,10,0.8674957796931266,0.025806032121181488,"[14, 12, 82, 74, 44, 9, 46, 30, 78, 8]"
568,100,0,10,0.8673557077844938,0.028080372139811516,"[44, 1, 80, 67, 64, 81, 93, 37, 41, 97]"
569,100,0,10,0.8709071977270975,0.03144053369760513,"[76, 47, 85, 94, 97, 24, 74, 41, 40, 86]"
570,100,0,10,0.8717248045735889,0.02704491652548313,"[79, 22, 44, 53, 71, 14, 7, 87, 83, 51]"
571,100,0,10,0.8708760206898054,0.03261698782444,"[28, 40, 65, 18, 51, 88, 73, 72, 85, 38]"
572,100,0,10,0.8672485397921668,0.03502471745014191,"[38, 49, 9, 10, 68, 41, 18, 25, 74, 4]"
573,100,0,10,0.86167005283965,0.026100995019078255,"[51, 33, 81, 78, 68, 37, 62, 63, 30, 89]"
574,100,0,10,0.8650931811994976,0.031127825379371643,"[88, 8, 23, 32, 77, 49, 35, 15, 81, 1]"
575,100,0,10,0.8642886264456643,0.04285193234682083,"[78, 73, 35, 99, 96, 90, 55, 39, 28, 1]"
576,100,0,10,0.8659347979558839,0.02994513511657715,"[10, 13, 41, 44, 72, 24, 71, 99, 86, 63]"
577,100,0,10,0.8626334552963575,0.026669638231396675,"[6, 92, 11, 81, 89, 46, 4, 59, 24, 18]"
578,100,0,10,0.862363320754634,0.025919198989868164,"[19, 4, 17, 86, 73, 35, 90, 65, 45, 7]"
579,100,0,10,0.8614880109826724,0.026643525809049606,"[7, 38, 48, 35, 12, 57, 14, 92, 85, 49]"
580,100,0,10,0.8596853913532363,0.02807397022843361,"[97, 33, 61, 49, 2, 93, 9, 66, 80, 74]"
581,100,0,10,0.8588431123230192,0.026907391846179962,"[42, 60, 52, 98, 79, 58, 59, 23, 72, 97]"
582,100,0,10,0.8629592509733306,0.0334487222135067,"[46, 61, 90, 70, 83, 39, 29, 58, 68, 54]"
583,100,0,10,0.8592391875055101,0.027361301705241203,"[84, 52, 46, 30, 14, 99, 2, 31, 76, 51]"
584,100,0,10,0.8602981198165152,0.02747582644224167,"[53, 72, 51, 92, 94, 71, 89, 90, 24, 99]"
585,100,0,10,0.8543605123956999,0.030736763030290604,"[66, 29, 49, 76, 81, 33, 31, 73, 68, 50]"
586,100,0,10,0.8539887852138943,0.027939721941947937,"[57, 46, 44, 85, 18, 50, 40, 68, 4, 54]"
587,100,0,10,0.8575688181651964,0.029332203790545464,"[14, 54, 80, 39, 74, 90, 25, 23, 35, 43]"
588,100,0,10,0.8468654296464391,0.02802661433815956,"[74, 54, 76, 95, 43, 8, 61, 10, 62, 50]"
589,100,0,10,0.8573059204551908,0.02664753422141075,"[31, 86, 1, 71, 41, 72, 50, 8, 98, 9]"
590,100,0,10,0.8578156360321574,0.02720232494175434,"[80, 30, 11, 53, 94, 41, 51, 44, 46, 20]"
591,100,0,10,0.8542628710468609,0.03024694323539734,"[32, 2, 60, 97, 75, 24, 71, 29, 76, 85]"
592,100,0,10,0.8528698032100995,0.026889050379395485,"[62, 55, 24, 98, 84, 1, 42, 35, 88, 26]"
593,100,0,10,0.8565166218413247,0.03851376846432686,"[99, 19, 25, 66, 15, 88, 10, 97, 85, 81]"
594,100,0,10,0.8502557757827971,0.029507966712117195,"[94, 39, 44, 6, 15, 69, 23, 77, 70, 75]"
595,100,0,10,0.8502058949735429,0.02576904557645321,"[18, 51, 10, 77, 32, 30, 94, 43, 79, 63]"
596,100,0,10,0.8520970130960146,0.029863188043236732,"[48, 84, 23, 65, 25, 13, 94, 63, 9, 62]"
597,100,0,10,0.8546620580885145,0.04168231040239334,"[18, 42, 24, 71, 23, 83, 84, 29, 75, 86]"
598,100,0,10,0.8537490488754378,0.02630576491355896,"[97, 48, 92, 39, 31, 35, 87, 30, 66, 46]"
599,100,0,10,0.8467346491085159,0.031163863837718964,"[60, 41, 32, 49, 29, 87, 7, 2, 42, 17]"
600,100,0,10,0.8535499372416073,0.0259266197681427,"[81, 41, 79, 83, 86, 57, 67, 24, 9, 51]"
601,100,0,10,0.843978997402721,0.026344045996665955,"[65, 13, 54, 46, 33, 63, 64, 97, 41, 52]"
602,100,0,10,0.8513430226180289,0.030072268098592758,"[80, 90, 73, 72, 56, 44, 97, 61, 83, 46]"
603,100,0,10,0.8462094268865056,0.030100107192993164,"[96, 98, 68, 48, 78, 85, 67, 9, 0, 19]"
604,100,0,10,0.8486600605977905,0.028433870524168015,"[20, 80, 1, 87, 58, 47, 70, 7, 19, 41]"
605,100,0,10,0.8436702325940132,0.02950417622923851,"[64, 99, 96, 39, 18, 46, 83, 44, 32, 73]"
606,100,0,10,0.8475128554635578,0.027220258489251137,"[4, 39, 90, 42, 45, 7, 61, 93, 29, 38]"
607,100,0,10,0.8428085284100638,0.029938634485006332,"[27, 22, 62, 18, 39, 65, 29, 40, 37, 49]"
608,100,0,10,0.849735894633664,0.03044273518025875,"[45, 42, 70, 74, 51, 73, 52, 9, 86, 88]"
609,100,0,10,0.8481108196907574,0.04499601200222969,"[10, 25, 15, 74, 97, 88, 71, 2, 35, 85]"
610,100,0,10,0.8425554931163788,0.028882736340165138,"[10, 68, 37, 28, 18, 58, 35, 52, 96, 76]"
611,100,0,10,0.8424255688985189,0.0329810194671154,"[9, 54, 62, 96, 67, 43, 99, 35, 15, 61]"
612,100,0,10,0.8402813540564643,0.03190450370311737,"[17, 23, 8, 47, 61, 58, 96, 30, 77, 72]"
613,100,0,10,0.8416632942027515,0.0308156106621027,"[94, 97, 86, 23, 25, 40, 57, 99, 93, 88]"
614,100,0,10,0.8411383709973759,0.02776743285357952,"[44, 74, 71, 32, 50, 22, 81, 18, 83, 94]"
615,100,0,10,0.8408433149258296,0.030357766896486282,"[43, 67, 18, 15, 31, 9, 25, 8, 41, 73]"
616,100,0,10,0.8447213720944192,0.029256219044327736,"[7, 18, 87, 90, 19, 24, 53, 4, 94, 38]"
617,100,0,10,0.8412136466966735,0.028123054653406143,"[57, 51, 24, 2, 15, 96, 93, 12, 38, 47]"
618,100,0,10,0.8405421528551313,0.02801472134888172,"[78, 86, 55, 28, 51, 83, 30, 37, 53, 89]"
619,100,0,10,0.8381750129991108,0.02703092433512211,"[93, 51, 73, 19, 54, 32, 97, 45, 75, 59]"
620,100,0,10,0.8398812467853228,0.027453552931547165,"[81, 9, 72, 20, 6, 55, 75, 53, 93, 68]"
621,100,0,10,0.8397059518429968,0.027298010885715485,"[88, 4, 90, 6, 72, 92, 87, 86, 84, 48]"
622,100,0,10,0.8317627626988623,0.029385963454842567,"[55, 62, 89, 83, 77, 66, 59, 92, 18, 17]"
623,100,0,10,0.8361771742502848,0.031242040917277336,"[88, 66, 54, 6, 69, 58, 73, 71, 41, 19]"
624,100,0,10,0.8375220022267765,0.030905166640877724,"[61, 53, 72, 80, 28, 66, 12, 42, 94, 31]"
625,100,0,10,0.8351253421770202,0.029719198122620583,"[93, 89, 39, 28, 94, 86, 78, 32, 61, 72]"
626,100,0,10,0.8328010037541389,0.027459876611828804,"[35, 83, 97, 30, 77, 47, 24, 67, 45, 25]"
627,100,0,10,0.835832037197219,0.04482506588101387,"[59, 58, 74, 10, 7, 15, 81, 6, 25, 28]"
628,100,0,10,0.8332656140128771,0.026624733582139015,"[4, 18, 44, 35, 43, 71, 65, 50, 83, 87]"
629,100,0,10,0.8302771952417162,0.026685476303100586,"[71, 2, 78, 70, 67, 12, 92, 88, 89, 35]"
630,100,0,10,0.8284376546740532,0.028041619807481766,"[84, 75, 44, 27, 86, 87, 43, 67, 35, 13]"
631,100,0,10,0.8337044591705005,0.028759965673089027,"[67, 13, 71, 66, 57, 77, 88, 83, 11, 73]"
632,100,0,10,0.8312716853287485,0.03804086148738861,"[37, 14, 83, 85, 10, 27, 73, 87, 6, 91]"
633,100,0,10,0.8305337407522732,0.02962533012032509,"[23, 32, 54, 44, 6, 43, 85, 10, 94, 31]"
634,100,0,10,0.8312305276592573,0.026695359498262405,"[93, 59, 72, 22, 9, 8, 46, 71, 78, 70]"
635,100,0,10,0.8329302963283327,0.04997773468494415,"[56, 48, 24, 94, 85, 30, 46, 52, 75, 41]"
636,100,0,10,0.8274270173576144,0.034154411405324936,"[62, 91, 40, 66, 43, 96, 49, 87, 48, 65]"
637,100,0,10,0.8266985658142302,0.026078104972839355,"[81, 51, 61, 87, 45, 74, 60, 39, 79, 9]"
638,100,0,10,0.818954706357585,0.03121992200613022,"[48, 85, 13, 69, 54, 73, 33, 45, 2, 11]"
639,100,0,10,0.830351195898321,0.03414284065365791,"[75, 42, 73, 70, 71, 86, 85, 62, 96, 1]"
640,100,0,10,0.8268651672535472,0.028215060010552406,"[56, 71, 74, 35, 92, 28, 10, 94, 52, 97]"
641,100,0,10,0.8266586860020955,0.030135201290249825,"[77, 90, 31, 78, 8, 23, 46, 39, 61, 55]"
642,100,0,10,0.8214528787467215,0.030659765005111694,"[42, 57, 15, 26, 62, 73, 64, 72, 56, 85]"
643,100,0,10,0.8240613263514307,0.027898205444216728,"[7, 54, 45, 29, 97, 81, 52, 53, 18, 65]"
644,100,0,10,0.8261496928003099,0.0289471298456192,"[25, 86, 15, 11, 9, 7, 1, 20, 23, 32]"
645,100,0,10,0.8213492900133132,0.026964599266648293,"[81, 31, 50, 44, 56, 39, 51, 68, 40, 70]"
646,100,0,10,0.8233886495232582,0.027168694883584976,"[22, 49, 81, 98, 55, 42, 63, 47, 15, 44]"
647,100,0,10,0.8197218355205325,0.02765743061900139,"[57, 76, 30, 26, 73, 50, 86, 19, 78, 14]"
648,100,0,10,0.820659290585253,0.02729557640850544,"[9, 49, 27, 47, 8, 53, 14, 11, 33, 88]"
649,100,0,10,0.8218544491463238,0.027164403349161148,"[65, 31, 4, 98, 59, 22, 51, 38, 94, 49]"
650,100,0,10,0.8223227034012477,0.03095867857336998,"[63, 15, 51, 77, 68, 42, 9, 87, 52, 89]"
651,100,0,10,0.8222341587146124,0.0348537340760231,"[2, 42, 38, 94, 35, 83, 75, 14, 96, 62]"
652,100,0,10,0.8189935187498729,0.03262106701731682,"[56, 65, 19, 55, 52, 63, 85, 77, 51, 90]"
653,100,0,10,0.8153684760133426,0.025698820129036903,"[61, 47, 86, 23, 37, 51, 4, 70, 18, 33]"
654,100,0,10,0.8201927974820138,0.041101161390542984,"[59, 37, 48, 31, 72, 35, 43, 58, 97, 65]"
655,100,0,10,0.8208419288198153,0.03974665701389313,"[81, 74, 48, 38, 10, 28, 11, 83, 52, 25]"
656,100,0,10,0.817800968223148,0.029285676777362823,"[24, 76, 42, 92, 97, 19, 55, 53, 85, 67]"
657,100,0,10,0.8135069196422895,0.026556214317679405,"[15, 80, 13, 96, 44, 72, 45, 19, 76, 29]"
658,100,0,10,0.8184637977017297,0.02949446067214012,"[68, 32, 15, 90, 10, 76, 9, 67, 12, 51]"
659,100,0,10,0.8130947151117854,0.025664348155260086,"[1, 81, 10, 8, 33, 70, 68, 62, 78, 24]"
660,100,0,10,0.8136016095678011,0.03155099228024483,"[11, 87, 56, 85, 38, 2, 6, 67, 13, 74]"
661,100,0,10,0.814680718547768,0.02990425005555153,"[18, 47, 29, 30, 65, 9, 41, 57, 73, 64]"
662,100,0,10,0.8105231760276689,0.031047523021697998,"[35, 29, 13, 99, 15, 32, 87, 14, 49, 96]"
663,100,0,10,0.8146917788518799,0.029399324208498,"[15, 10, 78, 85, 79, 24, 88, 6, 35, 47]"
664,100,0,10,0.8157079562544822,0.030655251815915108,"[8, 10, 62, 55, 30, 46, 39, 71, 87, 77]"
665,100,0,10,0.8118542240725624,0.029242077842354774,"[30, 7, 46, 20, 6, 67, 59, 84, 31, 14]"
666,100,0,10,0.8079102257887523,0.04006586968898773,"[58, 75, 86, 30, 91, 89, 52, 66, 38, 63]"
667,100,0,10,0.8107215015424623,0.027641694992780685,"[10, 41, 7, 43, 72, 32, 30, 53, 51, 47]"
668,100,0,10,0.8088169222076733,0.030441317707300186,"[66, 62, 55, 28, 68, 74, 54, 47, 20, 52]"
669,100,0,10,0.8071205423937904,0.0289616622030735,"[12, 7, 77, 67, 64, 93, 38, 40, 42, 47]"
670,100,0,10,0.8070359837677743,0.026801537722349167,"[88, 53, 81, 27, 10, 24, 64, 86, 45, 18]"
671,100,0,10,0.8076572871870464,0.02969539724290371,"[59, 15, 51, 47, 84, 29, 44, 38, 65, 85]"
672,100,0,10,0.8075272858142852,0.029591672122478485,"[24, 75, 98, 7, 78, 12, 31, 56, 30, 65]"
673,100,0,10,0.8097378646334012,0.03122415952384472,"[86, 80, 31, 79, 30, 87, 23, 54, 67, 42]"
674,100,0,10,0.80776523600022,0.042618002742528915,"[15, 43, 48, 77, 19, 35, 4, 71, 75, 47]"
675,100,0,10,0.8030874292055765,0.026469510048627853,"[86, 14, 31, 93, 82, 4, 45, 90, 1, 12]"
676,100,0,10,0.8042826271719403,0.02693197689950466,"[89, 14, 99, 42, 37, 58, 38, 22, 66, 73]"
677,100,0,10,0.8042562688390413,0.02808191627264023,"[80, 98, 8, 46, 19, 47, 51, 62, 42, 31]"
678,100,0,10,0.8088898640539911,0.028560161590576172,"[47, 65, 88, 38, 87, 20, 11, 24, 19, 98]"
679,100,0,10,0.8033380654123095,0.03003097139298916,"[11, 73, 67, 7, 90, 32, 74, 27, 52, 97]"
680,100,0,10,0.8034695850478278,0.02782307006418705,"[22, 49, 86, 2, 24, 60, 87, 30, 39, 38]"
681,100,0,10,0.8056675697366397,0.02837623842060566,"[32, 9, 65, 94, 51, 44, 86, 41, 68, 37]"
682,100,0,10,0.7997029624051518,0.061136260628700256,"[20, 54, 62, 7, 74, 38, 13, 39, 10, 89]"
683,100,0,10,0.8017230926288499,0.027431385591626167,"[22, 14, 18, 8, 94, 85, 9, 68, 27, 1]"
684,100,0,10,0.8045790725284152,0.03302185982465744,"[41, 52, 4, 10, 11, 68, 31, 58, 7, 90]"
685,100,0,10,0.801695669690768,0.02738218754529953,"[58, 68, 79, 9, 73, 53, 10, 66, 23, 51]"
686,100,0,10,0.7996979607476129,0.028030768036842346,"[87, 65, 96, 88, 57, 47, 86, 27, 20, 39]"
687,100,0,10,0.7988923501637246,0.03179571032524109,"[58, 44, 97, 73, 4, 11, 47, 63, 28, 68]"
688,100,0,10,0.7937720722622341,0.03037297911942005,"[60, 97, 83, 43, 46, 12, 56, 26, 10, 48]"
689,100,0,10,0.798308225803905,0.028884585946798325,"[53, 91, 42, 59, 18, 24, 55, 71, 43, 41]"
690,100,0,10,0.7972918298509386,0.03567834571003914,"[89, 87, 2, 85, 51, 81, 18, 15, 70, 28]"
691,100,0,10,0.7958908403913181,0.02916012704372406,"[53, 48, 37, 61, 1, 49, 47, 54, 20, 19]"
692,100,0,10,0.7944161784317758,0.03828937187790871,"[61, 87, 67, 99, 27, 83, 58, 35, 88, 98]"
693,100,0,10,0.7946776163246897,0.02881021983921528,"[61, 58, 89, 39, 6, 46, 55, 54, 15, 79]"
694,100,0,10,0.7885023289256625,0.02695513889193535,"[42, 23, 84, 15, 54, 69, 63, 61, 66, 88]"
695,100,0,10,0.7923231406344308,0.029180970042943954,"[24, 50, 22, 94, 65, 68, 52, 28, 18, 66]"
696,100,0,10,0.7877438228991297,0.02682044915854931,"[46, 13, 61, 23, 59, 94, 91, 19, 9, 3]"
697,100,0,10,0.7957973834541109,0.02939486876130104,"[29, 71, 97, 23, 88, 73, 98, 8, 39, 47]"
698,100,0,10,0.7897577974531386,0.026571718975901604,"[86, 20, 44, 43, 40, 51, 7, 87, 28, 0]"
699,100,0,10,0.7920559735761749,0.03204765170812607,"[41, 66, 85, 4, 62, 83, 24, 19, 47, 96]"
700,100,0,10,0.7895245689484809,0.028994249179959297,"[54, 86, 19, 46, 49, 93, 53, 77, 8, 30]"
701,100,0,10,0.7923879522416326,0.030043331906199455,"[23, 13, 30, 54, 11, 75, 40, 59, 74, 90]"
702,100,0,10,0.7874697575966517,0.028579922392964363,"[58, 25, 2, 65, 61, 47, 88, 50, 29, 73]"
703,100,0,10,0.7848512644569079,0.02712913602590561,"[66, 46, 44, 82, 29, 13, 18, 7, 52, 71]"
704,100,0,10,0.7869216034809748,0.031494081020355225,"[37, 88, 70, 42, 17, 9, 23, 25, 39, 18]"
705,100,0,10,0.7852237554060089,0.030225055292248726,"[69, 39, 86, 93, 72, 38, 56, 9, 15, 78]"
706,100,0,10,0.788013354771667,0.033352188766002655,"[83, 64, 38, 40, 86, 15, 94, 61, 77, 35]"
707,100,0,10,0.7854568880465296,0.029488656669855118,"[52, 76, 37, 97, 57, 67, 44, 85, 42, 93]"
708,100,0,10,0.7892492492993672,0.02936568856239319,"[65, 8, 39, 61, 86, 81, 51, 88, 48, 50]"
709,100,0,10,0.7851534497406748,0.03334467113018036,"[51, 19, 77, 49, 54, 86, 73, 96, 38, 44]"
710,100,0,10,0.7814100785387887,0.027178635820746422,"[22, 42, 26, 46, 10, 31, 6, 52, 32, 62]"
711,100,0,10,0.7859616448481878,0.03123900480568409,"[30, 41, 75, 71, 74, 73, 92, 72, 85, 54]"
712,100,0,10,0.7793761163949966,0.02627677470445633,"[11, 57, 60, 76, 71, 51, 58, 78, 33, 13]"
713,100,0,10,0.7797954461640781,0.028792187571525574,"[57, 92, 14, 55, 54, 85, 33, 39, 51, 15]"
714,100,0,10,0.7833234263790978,0.048112645745277405,"[70, 10, 78, 88, 31, 87, 47, 56, 39, 46]"
715,100,0,10,0.7824818132652176,0.0310690738260746,"[52, 39, 97, 47, 96, 24, 76, 70, 83, 66]"
716,100,0,10,0.7778655535644955,0.027533147484064102,"[37, 41, 72, 12, 85, 54, 84, 78, 35, 9]"
717,100,0,10,0.7869303300976753,0.03048059344291687,"[87, 9, 71, 24, 52, 30, 72, 40, 46, 23]"
718,100,0,10,0.7807144131925371,0.028413258492946625,"[24, 93, 35, 54, 41, 96, 42, 57, 76, 15]"
719,100,0,10,0.7739711524711714,0.07802384346723557,"[75, 43, 85, 87, 88, 52, 77, 63, 17, 35]"
720,100,0,10,0.772941067814827,0.027699118480086327,"[69, 96, 55, 18, 42, 48, 14, 32, 44, 25]"
721,100,0,10,0.7754877361986372,0.027162957936525345,"[42, 87, 51, 69, 48, 61, 8, 93, 41, 75]"
722,100,0,10,0.7772239244646497,0.030794646590948105,"[15, 87, 41, 19, 14, 43, 1, 12, 0, 4]"
723,100,0,10,0.7770616774757704,0.028857072815299034,"[24, 87, 74, 10, 11, 30, 13, 73, 98, 64]"
724,100,0,10,0.7768991813063622,0.028072748333215714,"[48, 45, 72, 62, 90, 17, 41, 38, 10, 15]"
725,100,0,10,0.7781450885865424,0.026172809302806854,"[15, 60, 19, 24, 13, 94, 11, 92, 30, 81]"
726,100,0,10,0.7731410567959149,0.02844667062163353,"[52, 47, 53, 41, 90, 88, 11, 54, 96, 60]"
727,100,0,10,0.7709458279940817,0.030352551490068436,"[77, 25, 84, 28, 59, 97, 94, 42, 6, 89]"
728,100,0,10,0.7771486355198755,0.032049719244241714,"[29, 76, 44, 39, 55, 93, 7, 47, 11, 88]"
729,100,0,10,0.7753859601087041,0.02957918867468834,"[86, 81, 15, 43, 97, 23, 4, 35, 52, 6]"
730,100,0,10,0.7730293297105366,0.02613697201013565,"[91, 98, 9, 87, 62, 79, 11, 81, 59, 48]"
731,100,0,10,0.7718496218323707,0.029403701424598694,"[23, 11, 12, 31, 42, 70, 98, 89, 80, 81]"
732,100,0,10,0.7763456584678756,0.04203673452138901,"[88, 59, 94, 58, 97, 70, 63, 81, 1, 24]"
733,100,0,10,0.7698307673136393,0.026418179273605347,"[79, 14, 62, 60, 30, 42, 10, 2, 1, 20]"
734,100,0,10,0.768889850212468,0.02997126244008541,"[56, 87, 73, 76, 8, 15, 65, 52, 77, 9]"
735,100,0,10,0.7636385119623608,0.026255212724208832,"[82, 83, 76, 6, 60, 1, 73, 7, 98, 58]"
736,100,0,10,0.7729605437980758,0.02778935432434082,"[14, 92, 44, 23, 72, 88, 90, 41, 35, 93]"
737,100,0,10,0.7666121961341963,0.029694590717554092,"[48, 37, 24, 61, 54, 49, 60, 13, 35, 31]"
738,100,0,10,0.7724422127008439,0.03279964625835419,"[1, 86, 54, 31, 63, 68, 14, 65, 28, 81]"
739,100,0,10,0.7724124837252828,0.05666821449995041,"[14, 31, 19, 30, 56, 2, 7, 86, 54, 94]"
740,100,0,10,0.7643617153167724,0.027064627036452293,"[75, 45, 90, 27, 76, 15, 87, 2, 44, 41]"
741,100,0,10,0.7685586358937953,0.0331241711974144,"[66, 55, 11, 23, 41, 87, 20, 18, 73, 97]"
742,100,0,10,0.7680639143619272,0.028541304171085358,"[71, 1, 83, 41, 47, 18, 94, 39, 84, 23]"
743,100,0,10,0.7656590184403791,0.026083461940288544,"[15, 53, 51, 59, 11, 92, 73, 13, 7, 65]"
744,100,0,10,0.7656239608923594,0.027011800557374954,"[7, 48, 11, 23, 30, 50, 40, 93, 88, 75]"
745,100,0,10,0.7638713400397036,0.025223182514309883,"[20, 35, 12, 9, 10, 37, 55, 22, 93, 61]"
746,100,0,10,0.7589232035809093,0.028995990753173828,"[72, 90, 42, 12, 92, 55, 60, 57, 45, 24]"
747,100,0,10,0.7638456888496876,0.030230902135372162,"[14, 31, 30, 70, 28, 90, 98, 7, 41, 32]"
748,100,0,10,0.7632553728918234,0.0352238267660141,"[68, 58, 61, 38, 75, 7, 73, 74, 49, 24]"
749,100,0,10,0.7672707927723725,0.05245276540517807,"[59, 47, 9, 6, 52, 65, 67, 90, 81, 14]"
750,100,0,10,0.755269561542405,0.027104683220386505,"[4, 98, 27, 33, 24, 61, 1, 10, 12, 68]"
751,100,0,10,0.7604670901265409,0.02996126376092434,"[17, 83, 93, 9, 2, 15, 75, 12, 39, 7]"
752,100,0,10,0.762548544175095,0.04533814266324043,"[74, 90, 94, 49, 41, 48, 71, 1, 17, 89]"
753,100,0,10,0.7596262881325351,0.03923310339450836,"[55, 10, 39, 43, 46, 72, 7, 26, 66, 94]"
754,100,0,10,0.7605286589927144,0.029966745525598526,"[12, 14, 60, 96, 55, 71, 57, 9, 94, 6]"
755,100,0,10,0.7612666892508666,0.0336843878030777,"[76, 61, 51, 19, 87, 9, 38, 85, 58, 42]"
756,100,0,10,0.7554230965673923,0.02791929617524147,"[48, 83, 55, 93, 49, 19, 86, 78, 37, 82]"
757,100,0,10,0.7589247705207931,0.033210378140211105,"[56, 75, 73, 62, 94, 46, 87, 59, 71, 42]"
758,100,0,10,0.7503463271591398,0.02890907973051071,"[78, 25, 23, 35, 10, 67, 94, 64, 53, 49]"
759,100,0,10,0.7549456226329008,0.025834914296865463,"[6, 44, 78, 76, 8, 1, 79, 15, 58, 11]"
760,100,0,10,0.7513404288225703,0.02738907001912594,"[97, 25, 83, 48, 96, 14, 10, 0, 70, 32]"
761,100,0,10,0.7549343346721596,0.027580706402659416,"[31, 4, 51, 20, 74, 9, 96, 87, 86, 78]"
762,100,0,10,0.7511555785106288,0.026924073696136475,"[14, 96, 57, 28, 71, 87, 29, 33, 44, 20]"
763,100,0,10,0.7526976277430852,0.02931036427617073,"[9, 70, 48, 0, 83, 61, 4, 31, 73, 7]"
764,100,0,10,0.746884170257383,0.026272088289260864,"[47, 40, 43, 94, 33, 99, 54, 83, 32, 7]"
765,100,0,10,0.7485530532068676,0.031321603804826736,"[63, 94, 56, 81, 91, 48, 72, 64, 65, 47]"
766,100,0,10,0.751677994761202,0.03095265105366707,"[54, 72, 64, 15, 19, 14, 6, 30, 53, 18]"
767,100,0,10,0.7513345803651544,0.026090096682310104,"[66, 67, 90, 9, 37, 88, 78, 22, 92, 65]"
768,100,0,10,0.7475363416804208,0.028581231832504272,"[51, 89, 23, 32, 30, 66, 56, 46, 68, 48]"
769,100,0,10,0.7508464646008279,0.03177154064178467,"[66, 89, 43, 41, 2, 1, 70, 48, 65, 23]"
770,100,0,10,0.7452351984050538,0.032917845994234085,"[89, 58, 74, 30, 51, 48, 70, 50, 31, 22]"
771,100,0,10,0.7466680688162646,0.029105234891176224,"[71, 96, 27, 58, 98, 15, 65, 32, 99, 10]"
772,100,0,10,0.7470975552168158,0.02748977392911911,"[29, 72, 42, 59, 50, 73, 71, 43, 12, 39]"
773,100,0,10,0.7453907118903267,0.028135983273386955,"[4, 96, 87, 28, 51, 46, 9, 54, 12, 43]"
774,100,0,10,0.7486317252947224,0.02996189147233963,"[57, 48, 66, 55, 74, 93, 35, 39, 1, 51]"
775,100,0,10,0.7452620489729775,0.02812143601477146,"[71, 45, 41, 93, 48, 1, 96, 2, 54, 63]"
776,100,0,10,0.7443743317491478,0.026851195842027664,"[29, 71, 19, 99, 4, 14, 79, 96, 93, 77]"
777,100,0,10,0.7485758579439588,0.02906530722975731,"[24, 23, 38, 1, 83, 39, 7, 88, 97, 64]"
778,100,0,10,0.7484761352340381,0.04536054655909538,"[78, 37, 88, 72, 59, 18, 65, 83, 71, 54]"
779,100,0,10,0.7416673166884316,0.032099660485982895,"[26, 96, 59, 29, 28, 8, 55, 73, 47, 88]"
780,100,0,10,0.7422994688981108,0.027645397931337357,"[33, 71, 80, 55, 61, 70, 68, 73, 86, 20]"
781,100,0,10,0.740521035095056,0.02717767469584942,"[71, 79, 78, 26, 96, 1, 38, 10, 39, 6]"
782,100,0,10,0.7466116586493121,0.035959724336862564,"[28, 27, 41, 88, 85, 29, 55, 48, 65, 19]"
783,100,0,10,0.7358258946902223,0.028340527787804604,"[44, 22, 26, 14, 30, 80, 63, 99, 53, 52]"
784,100,0,10,0.7367083984944556,0.03248608112335205,"[75, 18, 49, 38, 60, 44, 23, 72, 9, 54]"
785,100,0,10,0.7324353413449394,0.027089497074484825,"[13, 17, 6, 64, 24, 59, 79, 41, 77, 78]"
786,100,0,10,0.7431650891072221,0.02755149081349373,"[86, 46, 47, 80, 37, 48, 53, 61, 65, 68]"
787,100,0,10,0.7396843565834893,0.031183622777462006,"[67, 19, 22, 29, 83, 15, 31, 92, 75, 72]"
788,100,0,10,0.7403847211764918,0.04845935478806496,"[38, 94, 37, 7, 30, 86, 9, 71, 26, 75]"
789,100,0,10,0.7342704374757079,0.027681991457939148,"[17, 29, 44, 86, 54, 47, 19, 96, 90, 79]"
790,100,0,10,0.734869224164221,0.02639435976743698,"[22, 23, 53, 24, 10, 42, 4, 91, 47, 1]"
791,100,0,10,0.7382093278070291,0.02976560778915882,"[88, 20, 81, 26, 65, 24, 10, 66, 58, 40]"
792,100,0,10,0.7366572210358249,0.03115321509540081,"[75, 59, 11, 97, 90, 55, 77, 1, 20, 76]"
793,100,0,10,0.7369078120423688,0.02680373378098011,"[73, 11, 30, 43, 31, 53, 13, 46, 75, 48]"
794,100,0,10,0.7415297518173853,0.03815438225865364,"[14, 15, 24, 87, 31, 29, 11, 1, 18, 73]"
795,100,0,10,0.7302080068323347,0.029307715594768524,"[80, 18, 93, 61, 49, 20, 73, 91, 6, 51]"
796,100,0,10,0.7352569535374642,0.03589339926838875,"[83, 48, 65, 26, 9, 77, 24, 39, 4, 66]"
797,100,0,10,0.7328192190163665,0.02874329313635826,"[87, 15, 49, 93, 80, 75, 58, 41, 43, 7]"
798,100,0,10,0.731201971653435,0.026802806183695793,"[67, 62, 31, 22, 92, 56, 71, 93, 19, 35]"
799,100,0,10,0.7334576509065098,0.02941831201314926,"[32, 19, 29, 67, 31, 88, 4, 38, 86, 62]"
800,100,0,10,0.7341400298807356,0.03458544239401817,"[85, 57, 83, 1, 19, 35, 29, 94, 40, 97]"
801,100,0,10,0.7280711791581578,0.027135364711284637,"[88, 27, 78, 22, 92, 11, 74, 54, 10, 61]"
802,100,0,10,0.7285420340796311,0.026756124570965767,"[88, 83, 9, 14, 13, 27, 6, 98, 84, 7]"
803,100,0,10,0.7299639376501242,0.030658887699246407,"[73, 65, 14, 20, 39, 99, 67, 44, 48, 91]"
804,100,0,10,0.7240914470619626,0.026713568717241287,"[98, 93, 40, 82, 65, 85, 15, 74, 55, 51]"
805,100,0,10,0.7276972599327565,0.03296079486608505,"[59, 68, 62, 46, 93, 81, 19, 40, 27, 74]"
806,100,0,10,0.7227995141512817,0.028807636350393295,"[63, 47, 53, 6, 81, 28, 26, 72, 37, 51]"
807,100,0,10,0.7248389605018828,0.026640212163329124,"[74, 9, 17, 97, 70, 24, 57, 19, 86, 45]"
808,100,0,10,0.7270253641737832,0.02992819994688034,"[12, 59, 93, 2, 52, 25, 19, 24, 90, 43]"
809,100,0,10,0.7257831323477957,0.027069849893450737,"[81, 15, 94, 55, 91, 14, 45, 42, 39, 92]"
810,100,0,10,0.7230958479974006,0.030622810125350952,"[63, 48, 75, 99, 7, 64, 54, 59, 2, 94]"
811,100,0,10,0.7228058325747648,0.029482580721378326,"[51, 88, 77, 14, 13, 2, 37, 6, 46, 25]"
812,100,0,10,0.722053776598639,0.027420707046985626,"[86, 78, 25, 61, 30, 22, 8, 53, 40, 9]"
813,100,0,10,0.7222202895416154,0.028121978044509888,"[80, 52, 78, 93, 96, 12, 60, 10, 90, 94]"
814,100,0,10,0.7237506909502878,0.028461836278438568,"[65, 63, 75, 24, 1, 88, 20, 42, 47, 18]"
815,100,0,10,0.7228680690957441,0.028734654188156128,"[46, 11, 83, 84, 6, 39, 28, 52, 51, 66]"
816,100,0,10,0.7223989371624258,0.03419104963541031,"[97, 88, 71, 31, 50, 67, 38, 51, 13, 8]"
817,100,0,10,0.7270384312503868,0.028805464506149292,"[86, 24, 80, 30, 23, 47, 6, 87, 88, 66]"
818,100,0,10,0.7187117841508653,0.0329575352370739,"[28, 8, 23, 51, 7, 89, 77, 39, 14, 99]"
819,100,0,10,0.7257577928404013,0.032884128391742706,"[97, 42, 18, 10, 35, 13, 24, 67, 44, 90]"
820,100,0,10,0.7162779701252778,0.027239548042416573,"[66, 74, 51, 88, 2, 38, 61, 1, 94, 82]"
821,100,0,10,0.7156883584128486,0.029712744057178497,"[19, 64, 32, 41, 83, 57, 39, 47, 86, 49]"
822,100,0,10,0.7220039333734247,0.05161365121603012,"[88, 39, 6, 35, 38, 29, 54, 18, 94, 90]"
823,100,0,10,0.709901159339481,0.025669582188129425,"[51, 12, 47, 60, 11, 97, 82, 31, 57, 55]"
824,100,0,10,0.7127816085186269,0.030526377260684967,"[98, 43, 73, 59, 19, 49, 7, 70, 52, 12]"
825,100,0,10,0.7188879469202625,0.030293207615613937,"[87, 90, 37, 49, 15, 39, 11, 85, 58, 13]"
826,100,0,10,0.7117967296805647,0.028409751132130623,"[2, 88, 61, 79, 49, 15, 35, 45, 75, 81]"
827,100,0,10,0.7167140254543887,0.044531259685754776,"[48, 99, 83, 96, 90, 78, 31, 70, 37, 41]"
828,100,0,10,0.7137355199290647,0.02985796332359314,"[66, 51, 56, 93, 90, 78, 31, 10, 30, 74]"
829,100,0,10,0.7147364671031634,0.026277832686901093,"[4, 39, 43, 58, 9, 93, 38, 40, 24, 79]"
830,100,0,10,0.7093036304331488,0.02784200757741928,"[68, 92, 47, 17, 13, 30, 46, 29, 72, 55]"
831,100,0,10,0.709505703051885,0.03081888146698475,"[25, 75, 32, 39, 94, 47, 72, 55, 77, 30]"
832,100,0,10,0.7082727693021298,0.028606288135051727,"[75, 79, 27, 32, 54, 24, 61, 28, 10, 15]"
833,100,0,10,0.7085071826560629,0.02680075168609619,"[57, 55, 65, 23, 92, 22, 67, 77, 88, 43]"
834,100,0,10,0.7071972746402025,0.027205530554056168,"[71, 8, 77, 75, 41, 30, 37, 9, 63, 92]"
835,100,0,10,0.7131892984112104,0.028263790532946587,"[44, 73, 74, 48, 97, 23, 98, 80, 59, 6]"
836,100,0,10,0.7112907496177487,0.04185034707188606,"[59, 74, 72, 47, 54, 6, 93, 66, 15, 24]"
837,100,0,10,0.71057532818781,0.028337154537439346,"[1, 80, 88, 47, 51, 67, 70, 31, 15, 41]"
838,100,0,10,0.6989223832471503,0.032229430973529816,"[13, 64, 49, 97, 69, 76, 19, 71, 54, 38]"
839,100,0,10,0.7008683493981759,0.02840730920433998,"[80, 23, 76, 89, 81, 60, 79, 87, 51, 77]"
840,100,0,10,0.707418531510565,0.029938098043203354,"[96, 8, 39, 90, 71, 85, 91, 40, 66, 68]"
841,100,0,10,0.708340240145723,0.028163133189082146,"[61, 43, 73, 4, 76, 86, 27, 30, 10, 87]"
842,100,0,10,0.7093491117987367,0.02702520042657852,"[28, 51, 24, 22, 96, 9, 99, 62, 94, 87]"
843,100,0,10,0.7066775535543759,0.03149627521634102,"[68, 73, 42, 11, 80, 65, 81, 30, 91, 25]"
844,100,0,10,0.7034849130858978,0.032475780695676804,"[93, 40, 38, 96, 71, 51, 70, 37, 75, 19]"
845,100,0,10,0.7036420280320776,0.02949049137532711,"[30, 19, 32, 17, 78, 18, 72, 15, 24, 38]"
846,100,0,10,0.704632161764635,0.031689152121543884,"[1, 31, 74, 66, 99, 58, 11, 97, 68, 37]"
847,100,0,10,0.7031057315154208,0.0322476290166378,"[83, 94, 55, 53, 66, 33, 15, 6, 87, 52]"
848,100,0,10,0.7030095739083158,0.02550218626856804,"[71, 65, 78, 28, 44, 8, 6, 33, 83, 59]"
849,100,0,10,0.7030848780026038,0.034051693975925446,"[27, 65, 73, 55, 66, 28, 77, 94, 46, 10]"
850,100,0,10,0.7015964628093772,0.03553188592195511,"[48, 6, 81, 27, 57, 54, 97, 24, 14, 26]"
851,100,0,10,0.695222923780481,0.027991488575935364,"[11, 61, 17, 71, 97, 76, 67, 7, 19, 36]"
852,100,0,10,0.6984430446806881,0.028516873717308044,"[49, 4, 55, 85, 38, 56, 14, 84, 10, 9]"
853,100,0,10,0.6980468999594449,0.05113532021641731,"[39, 28, 49, 15, 41, 18, 32, 92, 14, 51]"
854,100,0,10,0.6994470020963086,0.02875976264476776,"[71, 24, 85, 41, 70, 32, 68, 4, 93, 78]"
855,100,0,10,0.6919314073191749,0.029694415628910065,"[9, 52, 15, 27, 17, 19, 99, 32, 58, 1]"
856,100,0,10,0.6986734720567862,0.03100375272333622,"[89, 9, 80, 70, 13, 73, 47, 85, 81, 94]"
857,100,0,10,0.7006668638437987,0.03984515741467476,"[87, 54, 42, 94, 80, 9, 84, 14, 18, 7]"
858,100,0,10,0.6931242785106102,0.027288055047392845,"[90, 77, 68, 8, 89, 30, 20, 48, 92, 99]"
859,100,0,10,0.6951437560220559,0.02866906113922596,"[37, 59, 9, 98, 97, 90, 64, 48, 70, 30]"
860,100,0,10,0.6906250493394004,0.02787516638636589,"[63, 53, 86, 10, 59, 49, 40, 33, 15, 67]"
861,100,0,10,0.6908651572962602,0.028013383969664574,"[17, 83, 12, 67, 30, 25, 65, 9, 58, 92]"
862,100,0,10,0.695673753362563,0.029765799641609192,"[48, 19, 92, 10, 12, 70, 22, 14, 18, 61]"
863,100,0,10,0.6927328976906009,0.028878970071673393,"[41, 53, 97, 88, 49, 54, 61, 78, 86, 13]"
864,100,0,10,0.6932762860010067,0.028125755488872528,"[43, 48, 99, 1, 66, 80, 61, 62, 87, 54]"
865,100,0,10,0.6864871376918422,0.02981601282954216,"[55, 92, 96, 68, 27, 90, 54, 32, 43, 39]"
866,100,0,10,0.6796257658551137,0.026409002020955086,"[63, 9, 77, 69, 73, 96, 62, 79, 7, 93]"
867,100,0,10,0.6925344177418284,0.03823667764663696,"[27, 24, 31, 96, 37, 39, 73, 15, 65, 67]"
868,100,0,10,0.6850663867675595,0.029556727036833763,"[94, 1, 59, 18, 7, 27, 93, 75, 17, 8]"
869,100,0,10,0.6910068824887277,0.02636808343231678,"[87, 84, 42, 8, 37, 75, 65, 86, 73, 31]"
870,100,0,10,0.6830301188760333,0.02691883035004139,"[38, 20, 24, 59, 86, 41, 94, 4, 82, 33]"
871,100,0,10,0.6883398423178329,0.03530833497643471,"[37, 39, 68, 38, 55, 10, 54, 75, 89, 14]"
872,100,0,10,0.6849128053834042,0.026440968737006187,"[37, 86, 58, 65, 31, 98, 84, 13, 19, 74]"
873,100,0,10,0.6871598549601104,0.02751697413623333,"[79, 28, 23, 51, 47, 48, 40, 73, 62, 49]"
874,100,0,10,0.6919101003143522,0.03873972222208977,"[35, 86, 60, 77, 11, 30, 39, 87, 65, 48]"
875,100,0,10,0.687491561865641,0.029455509036779404,"[2, 93, 55, 17, 42, 37, 83, 12, 44, 71]"
876,100,0,10,0.6849834545205037,0.030512839555740356,"[18, 86, 61, 63, 24, 40, 31, 17, 73, 8]"
877,100,0,10,0.6834087118506431,0.0263809971511364,"[92, 73, 53, 29, 63, 70, 62, 76, 24, 48]"
878,100,0,10,0.6907462871116068,0.028708649799227715,"[62, 14, 35, 97, 12, 7, 83, 44, 68, 30]"
879,100,0,10,0.6892373493148221,0.027548115700483322,"[83, 7, 74, 55, 22, 78, 2, 71, 90, 87]"
880,100,0,10,0.6768957335087988,0.028966039419174194,"[54, 55, 66, 83, 69, 12, 1, 14, 4, 43]"
881,100,0,10,0.6811547082331446,0.028887370601296425,"[53, 11, 49, 56, 93, 44, 65, 57, 19, 18]"
882,100,0,10,0.6820170617144969,0.02621951699256897,"[81, 42, 47, 4, 71, 33, 73, 40, 53, 59]"
883,100,0,10,0.6814343701013261,0.04077358543872833,"[89, 58, 67, 54, 11, 83, 18, 29, 66, 8]"
884,100,0,10,0.6854482665451036,0.04946615919470787,"[54, 72, 65, 86, 81, 98, 35, 15, 75, 87]"
885,100,0,10,0.6821548615064886,0.02887171506881714,"[83, 55, 88, 13, 81, 65, 58, 56, 11, 63]"
886,100,0,10,0.6828098898960484,0.03416358307003975,"[88, 15, 22, 61, 72, 10, 18, 92, 2, 41]"
887,100,0,10,0.6833788871765136,0.03214380890130997,"[42, 68, 24, 9, 81, 72, 11, 74, 58, 17]"
888,100,0,10,0.6748105982732442,0.025936318561434746,"[70, 43, 22, 42, 59, 94, 50, 88, 98, 55]"
889,100,0,10,0.6763918090404736,0.026273272931575775,"[2, 42, 79, 57, 81, 31, 14, 82, 71, 58]"
890,100,0,10,0.6804698375778065,0.03400702774524689,"[80, 2, 72, 62, 19, 61, 41, 8, 51, 97]"
891,100,0,10,0.6783805398477449,0.031193122267723083,"[49, 18, 8, 44, 94, 72, 24, 47, 80, 19]"
892,100,0,10,0.669367710293995,0.030355798080563545,"[54, 11, 25, 50, 35, 72, 96, 76, 99, 38]"
893,100,0,10,0.6752536645366085,0.028510432690382004,"[76, 54, 48, 4, 47, 44, 88, 42, 64, 78]"
894,100,0,10,0.673104052266313,0.028182607144117355,"[93, 10, 52, 90, 86, 95, 87, 30, 19, 88]"
895,100,0,10,0.6822141236729092,0.03765927255153656,"[31, 88, 85, 44, 62, 58, 28, 24, 15, 83]"
896,100,0,10,0.6672552465771635,0.03182562440633774,"[7, 6, 94, 26, 91, 10, 64, 55, 96, 40]"
897,100,0,10,0.6705284715112713,0.03188303858041763,"[43, 55, 61, 20, 74, 2, 76, 28, 37, 59]"
898,100,0,10,0.6697527843424016,0.030052289366722107,"[56, 75, 15, 89, 7, 67, 18, 80, 55, 58]"
899,100,0,10,0.6691683860185246,0.04099324345588684,"[45, 72, 38, 87, 41, 49, 11, 51, 22, 80]"
900,100,0,10,0.673436535253293,0.028818925842642784,"[65, 23, 32, 51, 10, 20, 81, 94, 97, 92]"
901,100,0,10,0.6695634300096167,0.030050937086343765,"[48, 76, 86, 51, 63, 73, 26, 70, 65, 41]"
902,100,0,10,0.6671873359940946,0.03365667909383774,"[28, 52, 48, 71, 22, 88, 74, 33, 11, 50]"
903,100,0,10,0.6743375258209805,0.02983037941157818,"[83, 51, 90, 15, 40, 4, 39, 99, 46, 42]"
904,100,0,10,0.6767280012990038,0.033647939562797546,"[81, 29, 83, 24, 57, 48, 35, 1, 40, 11]"
905,100,0,10,0.6654290067859822,0.031083224341273308,"[35, 17, 99, 55, 81, 15, 30, 62, 18, 51]"
906,100,0,10,0.6673013361170888,0.028267938643693924,"[76, 78, 12, 52, 68, 31, 25, 71, 35, 23]"
907,100,0,10,0.6649748303720521,0.032278042286634445,"[55, 35, 70, 67, 63, 49, 24, 42, 51, 19]"
908,100,0,10,0.6686039244756103,0.028494717553257942,"[90, 18, 44, 10, 68, 32, 7, 59, 98, 86]"
909,100,0,10,0.6689705351522813,0.02918270416557789,"[81, 14, 96, 30, 13, 39, 1, 11, 51, 93]"
910,100,0,10,0.6596480696876016,0.02588593028485775,"[92, 43, 90, 81, 0, 45, 87, 35, 30, 67]"
911,100,0,10,0.6711446619437387,0.0327228344976902,"[23, 18, 90, 85, 42, 24, 29, 39, 4, 7]"
912,100,0,10,0.6629542589394583,0.025858422741293907,"[63, 58, 67, 51, 42, 35, 71, 79, 39, 4]"
913,100,0,10,0.6705992960319337,0.028679966926574707,"[24, 83, 71, 55, 53, 30, 52, 39, 90, 59]"
914,100,0,10,0.6513498080014768,0.029200058430433273,"[83, 95, 71, 30, 23, 76, 74, 47, 8, 64]"
915,100,0,10,0.6660192521495951,0.03369806706905365,"[10, 97, 76, 14, 81, 72, 55, 77, 15, 70]"
916,100,0,10,0.6591409321796771,0.02635943703353405,"[15, 92, 55, 68, 57, 98, 87, 1, 2, 47]"
917,100,0,10,0.6604334753575838,0.02979378029704094,"[76, 53, 86, 23, 71, 24, 80, 42, 98, 64]"
918,100,0,10,0.6597387595981774,0.027940548956394196,"[39, 68, 89, 45, 55, 67, 48, 15, 27, 2]"
919,100,0,10,0.6580599973702597,0.029445191845297813,"[25, 83, 70, 73, 9, 48, 56, 78, 40, 53]"
920,100,0,10,0.6633187160516778,0.034401874989271164,"[9, 94, 86, 39, 62, 90, 14, 63, 91, 81]"
921,100,0,10,0.6524722380434267,0.02580154687166214,"[56, 61, 20, 67, 65, 51, 24, 40, 27, 79]"
922,100,0,10,0.6569674627134292,0.030152807012200356,"[47, 24, 72, 29, 76, 84, 87, 13, 31, 52]"
923,99,1,10,0.6547265378227975,0.02675889991223812,"[22, 68, 39, 25, 94, 10, 78, 54, 75, 8]"
924,99,1,10,0.6623311541890831,0.029051708057522774,"[30, 9, 52, 43, 11, 76, 7, 17, 48, 38]"
925,99,1,10,0.6522721003196883,0.029205795377492905,"[63, 99, 93, 22, 11, 42, 76, 78, 59, 60]"
926,99,1,10,0.6585991660112076,0.037086598575115204,"[70, 75, 29, 48, 43, 35, 46, 61, 63, 85]"
927,99,1,10,0.6595808662474155,0.025564849376678467,"[6, 41, 57, 37, 73, 68, 45, 9, 61, 24]"
928,99,1,10,0.6551760933790984,0.02600264735519886,"[75, 92, 94, 42, 7, 1, 69, 10, 39, 65]"
929,99,1,10,0.6537196909862288,0.028103960677981377,"[97, 63, 70, 65, 58, 19, 84, 54, 96, 7]"
930,99,1,10,0.6586565733960505,0.02897460386157036,"[12, 26, 39, 9, 48, 55, 68, 42, 30, 67]"
931,99,1,10,0.6609052956187993,0.02861746773123741,"[94, 18, 22, 12, 11, 87, 61, 92, 86, 31]"
932,99,1,10,0.6515337148827783,0.027534250169992447,"[64, 38, 87, 73, 12, 25, 66, 24, 53, 23]"
933,99,1,10,0.6592453663268786,0.027887757867574692,"[12, 32, 23, 11, 65, 71, 15, 79, 31, 41]"
934,99,1,10,0.6559956183008264,0.029022911563515663,"[46, 83, 19, 47, 64, 70, 11, 87, 81, 31]"
935,99,1,10,0.6548287039476164,0.029340971261262894,"[67, 30, 96, 77, 7, 94, 23, 78, 62, 52]"
936,99,1,10,0.6510604317687201,0.029285728931427002,"[24, 6, 42, 95, 65, 44, 51, 15, 10, 28]"
937,99,1,10,0.6511665783320251,0.028739091008901596,"[75, 77, 41, 72, 29, 12, 11, 51, 37, 24]"
938,99,1,10,0.656840924048022,0.030236508697271347,"[54, 43, 13, 18, 41, 10, 15, 65, 66, 14]"
939,99,1,10,0.6539084595408333,0.028687885031104088,"[98, 23, 84, 94, 28, 71, 8, 72, 48, 12]"
940,99,1,10,0.6555565471478393,0.03119490295648575,"[1, 77, 94, 24, 54, 31, 48, 12, 72, 52]"
941,99,1,10,0.6514138493477628,0.028092291206121445,"[52, 6, 9, 96, 93, 1, 55, 8, 78, 7]"
942,99,1,10,0.6535101791529843,0.03215529024600983,"[88, 91, 73, 94, 26, 62, 71, 97, 86, 6]"
943,99,1,10,0.6486093308985903,0.028791140764951706,"[74, 59, 89, 32, 66, 7, 14, 94, 53, 75]"
944,99,1,10,0.649227675201183,0.027699502184987068,"[72, 86, 42, 18, 27, 46, 65, 54, 84, 1]"
945,99,1,10,0.6493650874729906,0.027490463107824326,"[15, 80, 74, 9, 47, 40, 48, 46, 54, 27]"
946,99,1,10,0.645787841742963,0.027924951165914536,"[40, 8, 99, 62, 15, 13, 49, 2, 43, 94]"
947,99,1,10,0.6537287754875221,0.026579003781080246,"[94, 2, 48, 53, 68, 20, 58, 11, 28, 1]"
948,99,1,10,0.648410116002131,0.02632089890539646,"[29, 73, 15, 65, 6, 92, 56, 93, 85, 86]"
949,99,1,10,0.6441809987837679,0.027026426047086716,"[79, 43, 88, 70, 19, 67, 31, 76, 22, 14]"
950,99,1,10,0.6457881020863405,0.027922142297029495,"[4, 99, 97, 1, 29, 2, 32, 88, 85, 67]"
951,99,1,10,0.6444457098255667,0.02479485422372818,"[15, 99, 6, 45, 12, 8, 73, 10, 2, 94]"
952,99,1,10,0.650073969188366,0.02653287537395954,"[2, 14, 88, 65, 1, 59, 19, 92, 15, 9]"
953,99,1,10,0.6389718312393413,0.027268990874290466,"[52, 39, 61, 0, 24, 98, 12, 9, 51, 28]"
954,99,1,10,0.6485867366613297,0.028456736356019974,"[73, 37, 23, 65, 81, 1, 62, 90, 10, 89]"
955,99,1,10,0.6443718343219731,0.02816295623779297,"[7, 37, 31, 64, 28, 23, 85, 83, 35, 9]"
956,99,1,10,0.6416245859576746,0.026636939495801926,"[6, 14, 94, 9, 43, 59, 33, 27, 31, 30]"
957,99,1,10,0.6434516686318296,0.03151268884539604,"[75, 46, 7, 25, 90, 59, 86, 30, 68, 78]"
958,99,1,10,0.6399816018476915,0.03191292658448219,"[53, 66, 76, 97, 52, 75, 18, 15, 71, 92]"
959,99,1,10,0.645440048037955,0.03291686996817589,"[49, 9, 74, 68, 58, 6, 65, 4, 83, 88]"
960,99,1,10,0.6414911540706506,0.025880783796310425,"[29, 45, 27, 87, 96, 76, 48, 14, 86, 83]"
961,99,1,10,0.642874751298615,0.038743309676647186,"[46, 42, 37, 38, 93, 81, 30, 74, 65, 85]"
962,99,1,10,0.6363704310290599,0.031142115592956543,"[38, 61, 57, 78, 99, 96, 12, 44, 41, 19]"
963,99,1,10,0.6379742712117313,0.027388472110033035,"[68, 62, 24, 96, 46, 10, 99, 64, 59, 90]"
964,99,1,10,0.6398140307892575,0.02998659759759903,"[97, 13, 14, 43, 42, 65, 11, 76, 24, 17]"
965,99,1,10,0.6372921370723275,0.02713521383702755,"[4, 80, 14, 94, 76, 39, 52, 68, 55, 98]"
966,99,1,10,0.6384499803604035,0.028449755162000656,"[66, 85, 96, 14, 94, 23, 55, 64, 86, 78]"
967,99,1,10,0.6285325856607282,0.026142222806811333,"[23, 42, 31, 17, 32, 51, 65, 63, 79, 7]"
968,99,1,10,0.6407576646237226,0.02658640593290329,"[11, 15, 87, 23, 62, 41, 14, 40, 45, 65]"
969,99,1,10,0.6290431324685557,0.027515150606632233,"[17, 59, 9, 88, 50, 39, 1, 13, 83, 70]"
970,99,1,10,0.6340801483543401,0.0276296678930521,"[94, 2, 47, 79, 68, 18, 39, 48, 74, 45]"
971,99,1,10,0.6330569890317288,0.03023032657802105,"[71, 98, 23, 89, 55, 18, 30, 68, 91, 11]"
972,99,1,10,0.6360003521142716,0.04937652125954628,"[24, 1, 49, 10, 9, 18, 2, 14, 63, 31]"
973,99,1,10,0.6403211329425318,0.039074789732694626,"[2, 24, 66, 30, 14, 7, 61, 10, 81, 39]"
974,99,1,10,0.6320289836673254,0.02768590860068798,"[87, 54, 44, 86, 8, 85, 78, 67, 12, 4]"
975,99,1,10,0.6353374125163876,0.026349753141403198,"[46, 59, 48, 30, 43, 31, 45, 19, 6, 72]"
976,99,1,10,0.6357004874249857,0.028905726969242096,"[87, 41, 14, 61, 24, 55, 68, 50, 31, 86]"
977,99,1,10,0.62981828060629,0.026981068775057793,"[42, 27, 26, 24, 39, 90, 71, 88, 19, 84]"
978,99,1,10,0.6297304879329848,0.02656194567680359,"[73, 56, 40, 83, 2, 42, 89, 9, 22, 96]"
979,99,1,10,0.6302053540526481,0.028532600030303,"[13, 67, 46, 23, 51, 62, 40, 18, 66, 11]"
980,99,1,10,0.6360546063757344,0.05424116924405098,"[58, 88, 96, 9, 94, 71, 70, 15, 55, 35]"
981,99,1,10,0.6259089916860789,0.028037115931510925,"[22, 2, 24, 74, 54, 56, 42, 15, 23, 18]"
982,99,1,10,0.6238914973531546,0.04385747015476227,"[8, 28, 7, 87, 51, 38, 64, 75, 66, 83]"
983,99,1,10,0.6270309825438294,0.027837490662932396,"[55, 7, 71, 53, 75, 26, 87, 88, 42, 10]"
984,99,1,10,0.6292146131061436,0.02612808160483837,"[66, 46, 24, 88, 53, 86, 41, 63, 81, 31]"
985,99,1,10,0.6202904294569338,0.026443254202604294,"[88, 18, 41, 80, 53, 35, 63, 32, 62, 13]"
986,99,1,10,0.6255273693942287,0.026332732290029526,"[53, 87, 85, 46, 30, 20, 19, 14, 99, 66]"
987,99,1,10,0.6243916478280104,0.026512401178479195,"[8, 93, 54, 53, 83, 30, 65, 31, 76, 42]"
988,99,1,10,0.6242420383634861,0.03859780728816986,"[54, 8, 2, 23, 80, 61, 90, 39, 35, 70]"
989,99,1,10,0.6234941639424709,0.02524104155600071,"[90, 57, 46, 43, 39, 48, 58, 82, 22, 86]"
990,99,1,10,0.6226599933349349,0.028960801661014557,"[43, 24, 86, 12, 23, 28, 74, 63, 14, 61]"
991,99,1,10,0.6218769005217244,0.029565008357167244,"[48, 78, 59, 75, 96, 24, 98, 12, 90, 19]"
992,99,1,10,0.6192029120337763,0.03315696120262146,"[54, 96, 1, 55, 29, 40, 10, 27, 59, 73]"
993,99,1,10,0.6223128042843067,0.028257207944989204,"[18, 85, 42, 81, 29, 14, 87, 78, 55, 12]"
994,99,1,10,0.6210824647876486,0.03472175449132919,"[41, 4, 74, 99, 96, 31, 94, 40, 38, 81]"
995,99,1,10,0.623802737667738,0.029476463794708252,"[41, 59, 30, 39, 56, 83, 86, 13, 14, 19]"
996,99,1,10,0.6205249316843875,0.028165895491838455,"[11, 48, 75, 14, 63, 19, 32, 38, 78, 24]"
997,99,1,10,0.6192417585458396,0.02716250903904438,"[54, 81, 74, 97, 9, 8, 90, 94, 40, 45]"
998,99,1,10,0.6260112054080943,0.03367222473025322,"[19, 42, 86, 15, 72, 8, 48, 74, 6, 23]"
999,99,1,10,0.6215980171027143,0.027737053111195564,"[94, 6, 53, 44, 74, 30, 62, 9, 83, 24]"
1000,99,1,10,0.6194043695434844,0.02660992369055748,"[83, 92, 59, 88, 72, 40, 48, 55, 94, 63]"
1001,99,1,10,0.6124477512297336,0.026510603725910187,"[65, 22, 60, 90, 19, 28, 6, 50, 87, 54]"
1002,99,1,10,0.6153700398867217,0.039485737681388855,"[1, 65, 24, 67, 15, 19, 47, 54, 42, 63]"
1003,99,1,10,0.6153108357818107,0.029497681185603142,"[72, 6, 11, 28, 26, 8, 97, 32, 73, 42]"
1004,99,1,10,0.61332433651034,0.026470161974430084,"[19, 1, 87, 10, 79, 22, 89, 59, 41, 66]"
1005,99,1,10,0.6122987056530363,0.027327798306941986,"[71, 31, 24, 88, 19, 76, 2, 43, 98, 63]"
1006,99,1,10,0.6115129302503028,0.025561334565281868,"[28, 30, 43, 23, 39, 71, 52, 96, 59, 33]"
1007,98,2,10,0.6112813041023544,0.02534494176506996,"[62, 80, 79, 39, 46, 73, 88, 78, 57, 70]"
1008,98,2,10,0.6106765515763651,0.030184317380189896,"[86, 65, 67, 70, 6, 59, 47, 84, 41, 50]"
1009,98,2,10,0.6175732518969612,0.02649620547890663,"[97, 11, 55, 53, 86, 77, 28, 51, 37, 35]"
1010,98,2,10,0.611916545287452,0.02710525318980217,"[2, 89, 79, 41, 17, 48, 31, 20, 51, 83]"
1011,98,2,10,0.6117984284900806,0.028201580047607422,"[32, 59, 85, 1, 57, 20, 87, 96, 81, 4]"
1012,98,2,10,0.6106061266904528,0.02638782188296318,"[80, 77, 97, 93, 86, 56, 31, 50, 74, 10]"
1013,98,2,10,0.6197366591373628,0.036743324249982834,"[94, 83, 14, 66, 41, 31, 29, 67, 90, 81]"
1014,98,2,10,0.6098732170225545,0.024976301938295364,"[86, 59, 14, 19, 37, 92, 45, 87, 7, 68]"
1015,98,2,10,0.6118012163110755,0.037516191601753235,"[6, 9, 82, 72, 32, 30, 38, 58, 87, 48]"
1016,98,2,10,0.6153564667837186,0.038253191858530045,"[18, 88, 42, 67, 49, 48, 65, 43, 1, 81]"
1017,98,2,10,0.6097049308602105,0.03285082429647446,"[79, 70, 48, 15, 32, 89, 66, 86, 88, 51]"
1018,98,2,10,0.6075955655256455,0.02779676392674446,"[41, 87, 66, 53, 39, 7, 89, 13, 19, 47]"
1019,98,2,10,0.6073550366034561,0.02736409194767475,"[35, 70, 25, 18, 28, 57, 88, 13, 14, 46]"
1020,98,2,10,0.6070144245570357,0.02916780672967434,"[11, 28, 73, 62, 48, 4, 78, 84, 12, 98]"
1021,98,2,10,0.6125473125075752,0.027106303721666336,"[43, 52, 15, 4, 7, 97, 9, 41, 80, 85]"
1022,98,2,10,0.6030645436861298,0.026591073721647263,"[39, 99, 17, 80, 86, 94, 59, 10, 2, 45]"
1023,98,2,10,0.6055737684226848,0.034875474870204926,"[57, 59, 48, 44, 30, 27, 99, 40, 52, 41]"
1024,98,2,10,0.606580015508966,0.02597750350832939,"[0, 47, 31, 44, 94, 81, 20, 71, 59, 41]"
1025,98,2,10,0.6035569187931039,0.027458714321255684,"[80, 39, 43, 29, 12, 75, 90, 52, 19, 31]"
1026,98,2,10,0.6057384643703699,0.02718961611390114,"[52, 20, 37, 62, 40, 54, 23, 71, 66, 72]"
1027,98,2,10,0.5963798869570548,0.027295202016830444,"[89, 66, 24, 47, 68, 82, 27, 73, 67, 14]"
1028,98,2,10,0.6066312320361082,0.034033723175525665,"[44, 78, 86, 57, 10, 31, 25, 61, 41, 42]"
1029,98,2,10,0.6001662753014403,0.025151118636131287,"[30, 80, 29, 40, 9, 54, 12, 88, 79, 31]"
1030,98,2,10,0.6049648752097379,0.03109815903007984,"[90, 8, 52, 23, 2, 30, 68, 11, 85, 70]"
1031,98,2,10,0.6054998255758124,0.029397742822766304,"[2, 10, 62, 48, 38, 37, 87, 9, 93, 25]"
1032,98,2,10,0.6031240638768809,0.027990534901618958,"[57, 97, 11, 90, 39, 51, 84, 68, 94, 98]"
1033,98,2,10,0.5989610508084298,0.03054460883140564,"[65, 56, 25, 28, 24, 80, 62, 74, 83, 90]"
1034,98,2,10,0.600253293570131,0.03417615592479706,"[2, 54, 4, 37, 15, 24, 91, 97, 6, 90]"
1035,98,2,10,0.599482289236039,0.03088228963315487,"[35, 90, 7, 67, 72, 60, 52, 12, 61, 55]"
1036,98,2,10,0.597469773829322,0.028385331854224205,"[66, 32, 67, 71, 20, 59, 74, 96, 93, 19]"
1037,98,2,10,0.5988836852240969,0.027219640091061592,"[7, 23, 63, 31, 85, 62, 4, 11, 30, 59]"
1038,98,2,10,0.5998474637723782,0.03509111702442169,"[42, 66, 99, 30, 46, 14, 87, 56, 10, 61]"
1039,98,2,10,0.6019369911910457,0.025063956156373024,"[93, 76, 19, 68, 79, 73, 51, 48, 83, 65]"
1040,98,2,10,0.5993414964018897,0.02597746066749096,"[79, 32, 96, 19, 42, 14, 23, 9, 11, 65]"
1041,98,2,10,0.6006939096037638,0.027807531878352165,"[89, 46, 18, 44, 32, 71, 2, 88, 43, 11]"
1042,98,2,10,0.5944870107891884,0.030828991904854774,"[98, 73, 51, 48, 62, 18, 60, 7, 61, 57]"
1043,98,2,10,0.5952769045972012,0.025918619707226753,"[62, 87, 86, 43, 68, 81, 20, 39, 63, 83]"
1044,98,2,10,0.5988288539038462,0.02626846544444561,"[7, 11, 72, 13, 43, 88, 55, 35, 24, 57]"
1045,98,2,10,0.5921729409643872,0.033688176423311234,"[41, 23, 91, 9, 83, 57, 13, 39, 55, 18]"
1046,98,2,10,0.5969889800487594,0.02657431736588478,"[45, 65, 10, 88, 31, 19, 60, 14, 35, 86]"
1047,98,2,10,0.593220542176542,0.02841532789170742,"[20, 71, 22, 87, 88, 42, 39, 12, 94, 50]"
1048,98,2,10,0.5941022185947407,0.0315704271197319,"[94, 31, 72, 30, 64, 93, 38, 96, 39, 41]"
1049,98,2,10,0.5840195722115988,0.02578270249068737,"[8, 25, 39, 22, 92, 19, 80, 74, 1, 31]"
1050,98,2,10,0.5909227908758277,0.02816644497215748,"[19, 87, 82, 10, 14, 24, 90, 71, 91, 83]"
1051,98,2,10,0.589864954132248,0.028531892225146294,"[45, 11, 65, 79, 42, 61, 44, 20, 62, 72]"
1052,98,2,10,0.5907640999437056,0.029577769339084625,"[8, 18, 24, 58, 41, 10, 17, 55, 14, 76]"
1053,98,2,10,0.5884196421300822,0.026069052517414093,"[41, 42, 88, 98, 46, 38, 13, 23, 12, 35]"
1054,98,2,10,0.5915653294968335,0.026802776381373405,"[59, 19, 23, 38, 72, 31, 35, 81, 92, 83]"
1055,98,2,10,0.5922330940396271,0.031470417976379395,"[19, 47, 71, 72, 40, 43, 59, 68, 7, 65]"
1056,98,2,10,0.5897995876656337,0.030457550659775734,"[75, 50, 73, 80, 24, 86, 94, 70, 97, 6]"
1057,98,2,10,0.5804999526336112,0.03701132535934448,"[25, 74, 31, 49, 55, 98, 39, 42, 7, 67]"
1058,98,2,10,0.5891969893212345,0.029714658856391907,"[72, 65, 23, 61, 38, 0, 97, 73, 24, 31]"
1059,98,2,10,0.5848438652570952,0.028255121782422066,"[30, 59, 71, 19, 82, 88, 85, 52, 35, 83]"
1060,98,2,10,0.5817731884308159,0.028232894837856293,"[75, 55, 61, 94, 45, 81, 32, 62, 77, 83]"
1061,98,2,10,0.5865067257969216,0.03123176284134388,"[41, 48, 7, 71, 80, 32, 73, 22, 92, 55]"
1062,98,2,10,0.5853292228484696,0.028860043734312057,"[81, 76, 44, 30, 13, 87, 89, 7, 73, 88]"
1063,98,2,10,0.5819882632741196,0.029359254986047745,"[68, 25, 94, 62, 91, 11, 57, 35, 86, 1]"
1064,98,2,10,0.585005851293152,0.026726575568318367,"[10, 61, 19, 46, 41, 8, 12, 80, 59, 97]"
1065,98,2,10,0.582475506785241,0.02881312556564808,"[35, 6, 58, 78, 74, 62, 77, 20, 73, 4]"
1066,98,2,10,0.5842541441152042,0.027900295332074165,"[86, 23, 77, 29, 81, 51, 66, 37, 83, 11]"
1067,98,2,10,0.584564971729097,0.03782369941473007,"[46, 1, 4, 63, 86, 88, 90, 78, 85, 81]"
1068,98,2,10,0.5846631011248312,0.027886144816875458,"[61, 4, 88, 71, 35, 47, 63, 62, 65, 15]"
1069,98,2,10,0.5775306080891327,0.026464315131306648,"[79, 46, 81, 93, 10, 35, 54, 14, 26, 4]"
1070,98,2,10,0.5786601119759408,0.05040402337908745,"[90, 56, 60, 41, 61, 87, 15, 49, 86, 7]"
1071,98,2,10,0.5818177208897065,0.025419263169169426,"[15, 78, 93, 90, 88, 65, 24, 57, 28, 79]"
1072,98,2,10,0.579932988494296,0.026312770321965218,"[72, 63, 10, 44, 19, 39, 15, 80, 53, 11]"
1073,98,2,10,0.5740326152183115,0.026700859889388084,"[50, 47, 1, 32, 4, 89, 61, 41, 11, 6]"
1074,98,2,10,0.5765993254089897,0.026954712346196175,"[51, 46, 42, 17, 58, 12, 85, 4, 86, 81]"
1075,98,2,10,0.5727947829799218,0.043775346130132675,"[1, 6, 70, 98, 78, 40, 35, 99, 24, 4]"
1076,98,2,10,0.5820299562405455,0.03015650063753128,"[24, 81, 49, 51, 18, 48, 44, 41, 46, 23]"
1077,98,2,10,0.5679585787975652,0.029579732567071915,"[49, 44, 69, 19, 74, 72, 62, 35, 6, 24]"
1078,98,2,10,0.5688390056856654,0.029170840978622437,"[10, 55, 90, 24, 77, 27, 98, 74, 64, 86]"
1079,98,2,10,0.5781401950273324,0.026694683358073235,"[19, 22, 29, 8, 72, 4, 11, 20, 71, 14]"
1080,98,2,10,0.5737518470988355,0.03185265511274338,"[31, 60, 85, 94, 29, 91, 62, 58, 11, 71]"
1081,98,2,10,0.5741223991086537,0.0325387604534626,"[75, 44, 48, 42, 28, 66, 67, 87, 30, 64]"
1082,98,2,10,0.5716037799265574,0.029995057731866837,"[6, 70, 55, 90, 20, 96, 89, 30, 87, 28]"
1083,98,2,10,0.5731857202693142,0.047212716192007065,"[55, 30, 88, 81, 77, 75, 18, 87, 19, 85]"
1084,98,2,10,0.5692961771972478,0.028628820553421974,"[89, 98, 14, 28, 81, 40, 6, 90, 53, 2]"
1085,98,2,10,0.5741169719110158,0.027696454897522926,"[55, 14, 71, 42, 78, 12, 7, 29, 19, 83]"
1086,98,2,10,0.5625389371194285,0.03343190997838974,"[70, 77, 14, 63, 38, 56, 68, 10, 29, 85]"
1087,98,2,10,0.5657187058886682,0.027993010357022285,"[4, 59, 94, 89, 70, 35, 73, 54, 53, 81]"
1088,98,2,10,0.5763245768887414,0.03059886395931244,"[7, 83, 62, 10, 71, 52, 15, 1, 85, 30]"
1089,98,2,10,0.5791971128391611,0.03561190515756607,"[24, 11, 7, 58, 10, 42, 88, 9, 67, 46]"
1090,98,2,10,0.5709059021435678,0.027255786582827568,"[71, 44, 83, 46, 88, 38, 35, 24, 48, 82]"
1091,98,2,10,0.5686799362598156,0.026730980724096298,"[10, 94, 31, 66, 84, 46, 43, 18, 73, 35]"
1092,98,2,10,0.5704094676554881,0.027238551527261734,"[31, 94, 20, 44, 48, 29, 9, 90, 88, 63]"
1093,98,2,10,0.5730814043009145,0.029086679220199585,"[65, 88, 11, 10, 85, 17, 73, 23, 48, 40]"
1094,98,2,10,0.5602003319188953,0.025633813813328743,"[7, 50, 65, 1, 60, 94, 6, 19, 13, 39]"
1095,98,2,10,0.5612980694848706,0.02803134173154831,"[40, 32, 63, 99, 28, 11, 15, 62, 57, 10]"
1096,98,2,10,0.566470370632173,0.029831700026988983,"[65, 48, 83, 77, 70, 11, 62, 1, 7, 4]"
1097,98,2,10,0.5681039705322208,0.0308923851698637,"[11, 44, 94, 8, 71, 52, 29, 32, 2, 72]"
1098,98,2,10,0.5663038511591201,0.02854892797768116,"[66, 94, 4, 41, 68, 48, 92, 15, 49, 85]"
1099,98,2,10,0.568585593579337,0.03809012472629547,"[71, 48, 15, 49, 98, 57, 87, 9, 90, 55]"
1100,98,2,10,0.5659756901631641,0.03926308825612068,"[42, 54, 6, 14, 20, 87, 62, 11, 75, 48]"
1101,98,2,10,0.5609261431604284,0.033926039934158325,"[44, 15, 97, 4, 6, 96, 24, 1, 43, 25]"
1102,98,2,10,0.5599378904497081,0.028550557792186737,"[10, 20, 30, 49, 61, 32, 11, 54, 6, 40]"
1103,98,2,10,0.5526518634859134,0.028461750596761703,"[72, 91, 22, 7, 2, 9, 84, 87, 92, 42]"
1104,98,2,10,0.5537380107403309,0.028032716363668442,"[70, 30, 68, 80, 6, 94, 4, 75, 62, 32]"
1105,98,2,10,0.560554142190482,0.02654173970222473,"[86, 14, 98, 1, 22, 51, 18, 28, 97, 62]"
1106,98,2,10,0.5576222109629518,0.028222057968378067,"[73, 8, 29, 55, 6, 42, 22, 70, 11, 81]"
1107,98,2,10,0.5566939451054416,0.026632534340023994,"[92, 2, 32, 93, 71, 1, 13, 74, 66, 86]"
1108,98,2,10,0.549546090204438,0.028001856058835983,"[25, 61, 74, 12, 52, 58, 11, 44, 0, 72]"
1109,98,2,10,0.5579265975753185,0.02697072923183441,"[68, 87, 74, 6, 92, 18, 71, 72, 44, 55]"
1110,98,2,10,0.5491320055972955,0.02793547324836254,"[90, 53, 10, 67, 75, 17, 42, 15, 20, 70]"
1111,98,2,10,0.5545837386849929,0.026146072894334793,"[94, 81, 20, 29, 97, 6, 47, 87, 68, 98]"
1112,98,2,10,0.5606791564178737,0.02877136506140232,"[46, 19, 58, 47, 75, 31, 42, 23, 9, 24]"
1113,98,2,10,0.5509485396641223,0.03348802030086517,"[70, 37, 65, 17, 57, 56, 71, 24, 11, 97]"
1114,98,2,10,0.5519460209962828,0.02582181990146637,"[19, 11, 1, 76, 92, 88, 63, 14, 57, 10]"
1115,98,2,10,0.5481145172231746,0.032985251396894455,"[68, 15, 49, 39, 99, 4, 26, 52, 83, 73]"
1116,98,2,10,0.5520341876597905,0.026605958119034767,"[59, 65, 76, 9, 84, 28, 39, 27, 83, 88]"
1117,98,2,10,0.5538918637924574,0.02711397409439087,"[6, 24, 97, 78, 29, 83, 15, 66, 20, 54]"
1118,98,2,10,0.5415007424540818,0.026136478409171104,"[23, 22, 74, 39, 0, 41, 59, 6, 57, 80]"
1119,98,2,10,0.5519953277226621,0.028605815023183823,"[52, 81, 7, 18, 93, 32, 38, 67, 39, 24]"
1120,98,2,10,0.5506907786147415,0.027168747037649155,"[48, 2, 10, 41, 74, 68, 44, 20, 31, 53]"
1121,98,2,10,0.5474675884734923,0.02707292139530182,"[48, 26, 53, 14, 60, 44, 97, 9, 76, 35]"
1122,98,2,10,0.5495343299275688,0.02680153027176857,"[47, 94, 81, 53, 31, 2, 7, 73, 55, 13]"
1123,98,2,10,0.5480950717189857,0.026223495602607727,"[81, 15, 30, 46, 62, 23, 60, 18, 65, 80]"
1124,98,2,10,0.5507120873726142,0.028916440904140472,"[9, 38, 62, 48, 73, 13, 35, 44, 49, 7]"
1125,98,2,10,0.5460278339091349,0.042489901185035706,"[25, 49, 29, 14, 6, 28, 83, 85, 61, 41]"
1126,98,2,10,0.5388510308064394,0.02900562435388565,"[51, 83, 6, 73, 69, 87, 84, 15, 62, 58]"
1127,98,2,10,0.5477759532085408,0.030753562226891518,"[65, 6, 2, 46, 93, 64, 85, 7, 39, 9]"
1128,98,2,10,0.5480135860130593,0.027145344763994217,"[70, 57, 28, 92, 71, 30, 86, 31, 97, 89]"
1129,98,2,10,0.5519145065114242,0.030267292633652687,"[88, 15, 17, 72, 87, 97, 81, 68, 86, 48]"
1130,98,2,10,0.5412147038125443,0.02793567255139351,"[0, 22, 23, 51, 72, 57, 11, 28, 15, 9]"
1131,97,3,10,0.5434772393360288,0.03751836344599724,"[42, 97, 30, 78, 49, 61, 59, 56, 47, 18]"
1132,97,3,10,0.5519768921636987,0.046824030578136444,"[90, 7, 85, 93, 46, 88, 44, 6, 55, 94]"
1133,97,3,10,0.5456600131317118,0.026958700269460678,"[79, 96, 49, 88, 93, 44, 14, 30, 39, 47]"
1134,97,3,10,0.5445811483709291,0.025401348248124123,"[68, 48, 61, 4, 96, 47, 78, 52, 86, 64]"
1135,97,3,10,0.5450822901194807,0.029463863000273705,"[83, 86, 47, 93, 29, 38, 49, 74, 40, 8]"
1136,97,3,10,0.5408215538181107,0.025903090834617615,"[58, 52, 23, 1, 43, 33, 29, 72, 73, 93]"
1137,97,3,10,0.5436803901675105,0.02698708325624466,"[67, 65, 57, 89, 47, 72, 32, 93, 94, 46]"
1138,97,3,10,0.5468970006738586,0.02940148115158081,"[18, 68, 97, 81, 44, 47, 94, 7, 59, 14]"
1139,97,3,10,0.5388033331382549,0.02615123987197876,"[43, 42, 76, 28, 1, 8, 92, 90, 27, 94]"
1140,97,3,10,0.5336537533621679,0.026019740849733353,"[80, 56, 81, 30, 24, 31, 55, 61, 33, 49]"
1141,97,3,10,0.5395562049129914,0.04625459015369415,"[85, 71, 18, 59, 19, 44, 91, 7, 96, 24]"
1142,97,3,10,0.542793319519909,0.027568526566028595,"[83, 97, 10, 14, 1, 70, 8, 52, 71, 60]"
1143,97,3,10,0.5363258787098972,0.02688511461019516,"[74, 90, 6, 42, 41, 81, 12, 17, 40, 86]"
1144,97,3,10,0.5386160622211709,0.027286652475595474,"[88, 80, 2, 70, 38, 73, 46, 66, 27, 14]"
1145,97,3,10,0.5396982168671729,0.028536617755889893,"[13, 58, 77, 18, 99, 61, 86, 54, 31, 83]"
1146,97,3,10,0.5416566299638529,0.025469476357102394,"[22, 97, 81, 19, 55, 46, 80, 73, 30, 38]"
1147,97,3,10,0.535114474226346,0.027476569637656212,"[89, 42, 90, 57, 4, 78, 2, 11, 35, 64]"
1148,97,3,10,0.5370438586535125,0.028962543234229088,"[85, 40, 23, 14, 19, 55, 4, 8, 49, 72]"
1149,97,3,10,0.5425587407987693,0.026731347665190697,"[2, 20, 81, 30, 31, 55, 40, 86, 48, 87]"
1150,97,3,10,0.5320326208297548,0.025628957897424698,"[48, 66, 18, 13, 58, 20, 54, 99, 45, 2]"
1151,97,3,10,0.5366680539031139,0.02665936015546322,"[97, 66, 40, 39, 11, 10, 41, 45, 68, 49]"
1152,97,3,10,0.5353416070427703,0.026967231184244156,"[67, 63, 8, 48, 38, 93, 1, 61, 42, 81]"
1153,97,3,10,0.5333398669315823,0.025785690173506737,"[68, 65, 66, 32, 57, 88, 90, 40, 23, 7]"
1154,97,3,10,0.5381895208367329,0.024670220911502838,"[32, 12, 48, 57, 55, 94, 71, 46, 73, 35]"
1155,97,3,10,0.5378530771439445,0.0269390307366848,"[71, 54, 10, 57, 61, 29, 35, 88, 12, 97]"
1156,97,3,10,0.5315634009867222,0.025987079367041588,"[35, 32, 51, 18, 62, 44, 42, 73, 19, 99]"
1157,97,3,10,0.5323975794317051,0.026788951829075813,"[31, 71, 30, 24, 44, 94, 84, 28, 39, 63]"
1158,97,3,10,0.5343520335639003,0.02951204404234886,"[75, 86, 9, 65, 38, 59, 85, 43, 19, 12]"
1159,97,3,10,0.5339900322558209,0.03552180901169777,"[14, 86, 74, 93, 87, 41, 89, 78, 44, 67]"
1160,97,3,10,0.5260463323444128,0.02685183845460415,"[38, 47, 37, 61, 15, 93, 84, 4, 49, 81]"
1161,97,3,10,0.536822917205335,0.05157605558633804,"[35, 86, 88, 52, 1, 93, 15, 54, 67, 10]"
1162,97,3,10,0.5254970287968372,0.03488151729106903,"[83, 65, 80, 45, 92, 58, 70, 11, 62, 2]"
1163,97,3,10,0.5354179029920321,0.03110468201339245,"[71, 70, 74, 86, 83, 68, 81, 41, 48, 90]"
1164,97,3,10,0.5193714178798869,0.02779732644557953,"[76, 27, 86, 62, 54, 40, 96, 63, 8, 41]"
1165,97,3,10,0.5237444746425782,0.0350295826792717,"[55, 61, 90, 17, 1, 60, 65, 96, 11, 42]"
1166,97,3,10,0.5299760554285571,0.02546902932226658,"[62, 4, 90, 86, 75, 93, 40, 83, 94, 76]"
1167,97,3,10,0.5303566697984934,0.03104625642299652,"[15, 85, 55, 24, 78, 65, 66, 31, 42, 54]"
1168,97,3,10,0.5190487543484945,0.026500746607780457,"[0, 7, 67, 39, 90, 55, 8, 1, 46, 43]"
1169,97,3,10,0.5235087310188803,0.027209050953388214,"[59, 72, 11, 61, 42, 46, 44, 12, 1, 13]"
1170,97,3,10,0.5271685575017299,0.028946775943040848,"[28, 35, 83, 71, 93, 77, 29, 88, 7, 8]"
1171,97,3,10,0.5224017599576163,0.027279352769255638,"[38, 94, 91, 88, 42, 74, 93, 97, 23, 20]"
1172,97,3,10,0.5213683205560364,0.044394467025995255,"[25, 47, 44, 7, 40, 43, 15, 89, 39, 86]"
1173,97,3,10,0.5292920361840348,0.02812831848859787,"[55, 18, 2, 46, 20, 39, 86, 58, 9, 73]"
1174,97,3,10,0.5162723367177378,0.030698921531438828,"[7, 73, 20, 97, 41, 50, 32, 28, 87, 89]"
1175,97,3,10,0.5225452299818568,0.027763165533542633,"[48, 52, 2, 73, 18, 14, 32, 51, 53, 68]"
1176,97,3,10,0.516516842952148,0.02844887040555477,"[57, 58, 51, 18, 43, 72, 74, 61, 85, 63]"
1177,97,3,10,0.5208238017349236,0.0296429842710495,"[11, 60, 44, 48, 62, 14, 25, 30, 40, 9]"
1178,97,3,10,0.5209935988609989,0.02668302319943905,"[4, 10, 94, 41, 52, 61, 79, 72, 38, 81]"
1179,97,3,10,0.5210250220293628,0.026989560574293137,"[93, 39, 9, 76, 25, 74, 58, 97, 43, 88]"
1180,97,3,10,0.513593654644986,0.02625434286892414,"[15, 12, 93, 67, 0, 81, 54, 11, 47, 39]"
1181,97,3,10,0.5189470564175782,0.025770153850317,"[38, 48, 59, 51, 7, 47, 92, 35, 72, 99]"
1182,97,3,10,0.5155158826374802,0.02754911035299301,"[72, 74, 48, 77, 51, 28, 13, 53, 85, 93]"
1183,97,3,10,0.514933999664225,0.025280233472585678,"[96, 50, 75, 79, 66, 37, 71, 97, 58, 72]"
1184,97,3,10,0.5094257794566794,0.025509674102067947,"[53, 89, 60, 29, 94, 66, 13, 35, 67, 83]"
1185,97,3,10,0.5247181757652982,0.031183533370494843,"[61, 30, 2, 57, 58, 88, 11, 39, 24, 10]"
1186,97,3,10,0.5102914712927037,0.027316756546497345,"[42, 93, 31, 29, 35, 23, 73, 44, 50, 74]"
1187,97,3,10,0.5136641894113915,0.025652628391981125,"[6, 93, 88, 20, 51, 97, 59, 54, 42, 12]"
1188,97,3,10,0.5154554610558111,0.026426594704389572,"[41, 94, 74, 81, 88, 19, 78, 20, 55, 30]"
1189,97,3,10,0.518389522980085,0.03436987102031708,"[24, 11, 38, 63, 9, 85, 52, 86, 67, 97]"
1190,97,3,10,0.5102215787278082,0.028470128774642944,"[19, 15, 79, 11, 30, 39, 32, 74, 22, 73]"
1191,97,3,10,0.512452921138584,0.024888131767511368,"[81, 93, 51, 55, 8, 38, 15, 71, 96, 79]"
1192,97,3,10,0.5023852024709099,0.025397978723049164,"[78, 45, 73, 30, 10, 82, 11, 83, 54, 67]"
1193,97,3,10,0.5104223800496595,0.03298904001712799,"[94, 74, 80, 61, 6, 86, 76, 54, 67, 23]"
1194,97,3,10,0.4941398407016806,0.026204243302345276,"[26, 57, 35, 23, 74, 87, 88, 45, 91, 52]"
1195,97,3,10,0.5049878514179125,0.028172872960567474,"[58, 63, 89, 2, 53, 65, 61, 77, 7, 24]"
1196,97,3,10,0.5107627559747633,0.026658181101083755,"[48, 78, 85, 96, 55, 30, 64, 59, 58, 35]"
1197,97,3,10,0.508594380724565,0.025143517181277275,"[81, 60, 92, 66, 24, 94, 19, 18, 73, 51]"
1198,97,3,10,0.5055708122663146,0.027300693094730377,"[84, 2, 81, 96, 52, 18, 25, 83, 97, 94]"
1199,96,4,10,0.5057614153616354,0.040733691304922104,"[40, 73, 9, 70, 14, 98, 46, 41, 60, 15]"
1200,96,4,10,0.509750658498947,0.028457120060920715,"[11, 22, 48, 31, 84, 19, 73, 13, 30, 76]"
1201,96,4,10,0.5073268964366857,0.028369508683681488,"[84, 81, 52, 7, 55, 2, 35, 14, 44, 11]"
1202,96,4,10,0.5134313958155554,0.03250139206647873,"[59, 15, 93, 87, 42, 56, 9, 39, 81, 97]"
1203,96,4,10,0.5082910039223903,0.03762109577655792,"[28, 65, 87, 18, 25, 73, 96, 38, 35, 40]"
1204,96,4,10,0.5101351630375829,0.0260043665766716,"[1, 38, 63, 15, 71, 31, 94, 8, 86, 61]"
1205,96,4,10,0.5027971661021543,0.02834138460457325,"[88, 86, 0, 9, 56, 85, 40, 90, 37, 44]"
1206,96,4,10,0.5008321397006512,0.026189612224698067,"[87, 88, 13, 3, 97, 23, 40, 14, 94, 9]"
1207,96,4,10,0.5050976877988771,0.03558607026934624,"[31, 41, 85, 4, 54, 56, 58, 77, 47, 86]"
1208,96,4,10,0.5037846269995667,0.0271188672631979,"[83, 94, 73, 13, 38, 75, 14, 67, 35, 25]"
1209,96,4,10,0.5073575263453084,0.03137733042240143,"[41, 61, 55, 97, 74, 28, 88, 53, 14, 83]"
1210,96,4,10,0.503600926749235,0.028562040999531746,"[84, 94, 93, 18, 35, 49, 42, 97, 29, 11]"
1211,96,4,10,0.5025400912172573,0.026365995407104492,"[44, 66, 61, 24, 1, 18, 4, 8, 28, 75]"
1212,96,4,10,0.5091746071050334,0.03120788373053074,"[73, 14, 90, 41, 37, 15, 19, 9, 57, 42]"
1213,96,4,10,0.5093202672032423,0.026967883110046387,"[94, 88, 93, 11, 83, 87, 18, 68, 66, 65]"
1214,96,4,10,0.49763503781584806,0.027776481583714485,"[2, 74, 44, 46, 7, 81, 31, 45, 48, 89]"
1215,96,4,10,0.5018607947022415,0.030168596655130386,"[51, 28, 72, 26, 94, 75, 11, 14, 39, 2]"
1216,96,4,10,0.489844680213651,0.0269241351634264,"[78, 84, 91, 38, 59, 58, 89, 83, 42, 57]"
1217,96,4,10,0.5022931052501811,0.025033321231603622,"[57, 39, 23, 14, 85, 10, 96, 22, 78, 58]"
1218,96,4,10,0.49415416620498476,0.034315019845962524,"[58, 30, 56, 96, 19, 89, 57, 78, 61, 31]"
1219,96,4,10,0.4887269797366719,0.026289083063602448,"[53, 18, 49, 50, 73, 44, 55, 40, 98, 86]"
1220,96,4,10,0.498451420491518,0.0251806378364563,"[90, 88, 71, 0, 68, 10, 4, 22, 55, 47]"
1221,96,4,10,0.494750809063052,0.028553292155265808,"[35, 52, 4, 85, 29, 31, 46, 27, 62, 88]"
1222,96,4,10,0.5033800419679908,0.029454080387949944,"[7, 65, 94, 47, 13, 39, 86, 14, 55, 85]"
1223,96,4,10,0.49475113330192344,0.030691785737872124,"[39, 59, 15, 46, 0, 24, 88, 1, 41, 93]"
1224,96,4,10,0.4989573636893616,0.026545239612460136,"[8, 46, 9, 40, 86, 42, 48, 56, 32, 10]"
1225,96,4,10,0.48997188976337747,0.02461397461593151,"[30, 60, 93, 24, 23, 52, 62, 94, 35, 45]"
1226,96,4,10,0.4897279111105342,0.02580520138144493,"[65, 72, 45, 6, 46, 88, 17, 38, 76, 87]"
1227,96,4,10,0.4897454306483269,0.025612568482756615,"[13, 53, 87, 18, 8, 51, 89, 71, 59, 20]"
1228,96,4,10,0.4919221691440704,0.025889750570058823,"[99, 27, 76, 65, 94, 10, 28, 75, 81, 70]"
1229,96,4,10,0.49616672420917557,0.032737161964178085,"[63, 9, 61, 97, 59, 86, 87, 15, 67, 52]"
1230,96,4,10,0.4918287002763083,0.027919936925172806,"[99, 39, 23, 15, 28, 42, 74, 72, 54, 43]"
1231,96,4,10,0.49133878393575203,0.026403330266475677,"[47, 40, 23, 35, 19, 6, 89, 27, 10, 55]"
1232,96,4,10,0.4879938920916513,0.025458402931690216,"[15, 58, 79, 83, 18, 74, 76, 54, 43, 6]"
1233,96,4,10,0.48641262376724287,0.02584480307996273,"[55, 20, 64, 88, 59, 45, 48, 40, 24, 39]"
1234,96,4,10,0.49323928862117056,0.02583746425807476,"[75, 73, 65, 13, 4, 30, 61, 38, 86, 83]"
1235,96,4,10,0.4900293701263362,0.025342388078570366,"[15, 87, 57, 4, 13, 94, 14, 61, 35, 80]"
1236,96,4,10,0.4866644821714523,0.032180581241846085,"[7, 41, 86, 70, 53, 89, 75, 48, 74, 88]"
1237,96,4,10,0.4850428531682769,0.026670638471841812,"[81, 93, 11, 56, 41, 65, 83, 60, 24, 32]"
1238,96,4,10,0.48622331579410755,0.05124419927597046,"[51, 11, 54, 83, 49, 33, 14, 38, 87, 41]"
1239,96,4,10,0.4961046314516733,0.02732975408434868,"[71, 23, 41, 1, 18, 83, 55, 10, 9, 93]"
1240,96,4,10,0.4880965350498987,0.025000594556331635,"[39, 78, 45, 12, 55, 10, 87, 4, 71, 97]"
1241,96,4,10,0.4831725639832574,0.025668051093816757,"[8, 4, 55, 61, 41, 76, 19, 99, 38, 35]"
1242,96,4,10,0.4778037480836691,0.025732314214110374,"[2, 91, 45, 47, 9, 55, 61, 48, 89, 12]"
1243,96,4,10,0.48083348984635155,0.029533740133047104,"[7, 44, 9, 70, 38, 31, 67, 72, 64, 81]"
1244,96,4,10,0.4883081342765065,0.025905176997184753,"[67, 48, 9, 37, 54, 19, 52, 13, 38, 86]"
1245,96,4,10,0.4815056603835073,0.025471433997154236,"[97, 45, 94, 65, 39, 50, 73, 87, 40, 93]"
1246,96,4,10,0.48206489212637726,0.025723066180944443,"[57, 23, 44, 71, 27, 39, 73, 62, 52, 88]"
1247,96,4,10,0.4858087067687234,0.026416951790452003,"[97, 55, 72, 58, 87, 57, 9, 86, 11, 50]"
1248,96,4,10,0.4765536136058874,0.025239892303943634,"[45, 4, 37, 81, 8, 27, 97, 30, 85, 90]"
1249,96,4,10,0.4788939583786698,0.02665499784052372,"[59, 89, 29, 28, 81, 30, 4, 54, 76, 15]"
1250,96,4,10,0.4727212407734505,0.025279534980654716,"[70, 64, 78, 22, 51, 20, 88, 65, 8, 37]"
1251,96,4,10,0.48155767007969147,0.026896264404058456,"[88, 10, 50, 65, 47, 30, 92, 89, 83, 94]"
1252,96,4,10,0.4799571234299693,0.024699032306671143,"[9, 92, 57, 39, 19, 71, 78, 81, 1, 76]"
1253,96,4,10,0.4797614932926588,0.025545751675963402,"[63, 19, 28, 48, 8, 43, 81, 42, 80, 65]"
1254,96,4,10,0.4786138506996077,0.030082877725362778,"[65, 10, 63, 28, 66, 35, 7, 86, 57, 30]"
1255,96,4,10,0.4711006673962571,0.025548946112394333,"[55, 60, 98, 51, 75, 96, 76, 83, 4, 19]"
1256,96,4,10,0.47564275401622746,0.025816770270466805,"[86, 9, 40, 53, 55, 1, 60, 71, 41, 92]"
1257,96,4,10,0.47619031551618907,0.031719885766506195,"[58, 73, 98, 38, 54, 29, 41, 6, 43, 19]"
1258,96,4,10,0.47460247593563654,0.02709062583744526,"[32, 46, 85, 71, 90, 18, 67, 1, 26, 7]"
1259,96,4,10,0.4746227466609589,0.02927013672888279,"[81, 64, 87, 75, 14, 86, 40, 49, 6, 24]"
1260,96,4,10,0.47636019843955374,0.026492226868867874,"[57, 93, 89, 46, 40, 97, 48, 99, 23, 86]"
1261,96,4,10,0.47351307021670563,0.02773263119161129,"[99, 89, 24, 88, 58, 72, 51, 64, 39, 28]"
1262,96,4,10,0.47395865452844044,0.02516782470047474,"[15, 30, 45, 28, 19, 97, 67, 1, 22, 72]"
1263,96,4,10,0.4724174767039543,0.028502902016043663,"[32, 49, 13, 30, 89, 19, 94, 59, 71, 42]"
1264,96,4,10,0.472457419890304,0.03104451298713684,"[17, 59, 90, 74, 15, 65, 48, 27, 54, 14]"
1265,96,4,10,0.47519657064315884,0.02814212441444397,"[90, 42, 14, 46, 30, 54, 66, 1, 80, 49]"
1266,96,4,10,0.46609643877938733,0.029057884588837624,"[25, 11, 40, 88, 56, 31, 9, 20, 46, 77]"
1267,96,4,10,0.47114349679891454,0.026690451428294182,"[42, 49, 52, 43, 14, 73, 66, 2, 62, 78]"
1268,96,4,10,0.4681978375239428,0.02548275887966156,"[84, 12, 52, 90, 65, 97, 40, 54, 37, 67]"
1269,96,4,10,0.47115966662071473,0.026518184691667557,"[47, 52, 15, 39, 70, 73, 80, 58, 29, 1]"
1270,96,4,10,0.47090027656319533,0.02502155490219593,"[55, 93, 76, 68, 42, 30, 81, 58, 7, 44]"
1271,96,4,10,0.46733254007128777,0.024930715560913086,"[79, 75, 57, 72, 86, 44, 96, 18, 97, 23]"
1272,96,4,10,0.4672322242065918,0.028157278895378113,"[19, 43, 1, 67, 38, 47, 8, 85, 75, 18]"
1273,96,4,10,0.47597346314510636,0.028493709862232208,"[83, 44, 48, 6, 68, 75, 54, 86, 11, 9]"
1274,96,4,10,0.4674768547332564,0.027445683255791664,"[75, 54, 51, 24, 41, 56, 7, 72, 93, 97]"
1275,96,4,10,0.46790185348932134,0.02937336452305317,"[89, 53, 94, 58, 18, 83, 39, 61, 41, 44]"
1276,96,4,10,0.46694267488322977,0.02528824657201767,"[14, 49, 60, 9, 48, 31, 7, 39, 68, 80]"
1277,96,4,10,0.46816623294076254,0.027134690433740616,"[15, 58, 92, 55, 71, 68, 11, 83, 74, 32]"
1278,96,4,10,0.4650539217040289,0.025943247601389885,"[35, 98, 49, 24, 73, 76, 39, 80, 87, 83]"
1279,96,4,10,0.4724975237839444,0.02532319352030754,"[97, 76, 72, 87, 58, 43, 48, 19, 38, 80]"
1280,96,4,10,0.45943559996437194,0.025261152535676956,"[45, 65, 75, 66, 72, 60, 19, 54, 90, 11]"
1281,96,4,10,0.4590517386101013,0.030836578458547592,"[89, 96, 83, 54, 57, 42, 1, 49, 87, 11]"
1282,96,4,10,0.45863931114936984,0.025827772915363312,"[4, 86, 23, 45, 1, 47, 40, 31, 94, 70]"
1283,96,4,10,0.4667488410982281,0.026735257357358932,"[4, 6, 23, 55, 90, 71, 81, 28, 41, 54]"
1284,96,4,10,0.46980128809809685,0.037769168615341187,"[97, 83, 38, 32, 48, 6, 42, 2, 18, 35]"
1285,96,4,10,0.45655966147260607,0.049061428755521774,"[40, 24, 70, 18, 10, 88, 89, 77, 1, 25]"
1286,96,4,10,0.45663819630132163,0.03365754336118698,"[88, 96, 4, 81, 60, 93, 40, 67, 9, 31]"
1287,96,4,10,0.46027673237718814,0.02567782998085022,"[67, 28, 88, 97, 40, 43, 47, 19, 13, 78]"
1288,96,4,10,0.46131632754275964,0.03206726908683777,"[58, 49, 97, 28, 71, 61, 63, 81, 15, 85]"
1289,96,4,10,0.45595345843669977,0.02402968518435955,"[88, 37, 65, 6, 42, 90, 79, 25, 1, 62]"
1290,96,4,10,0.4580113634120586,0.027060655876994133,"[12, 52, 1, 61, 94, 18, 68, 29, 15, 85]"
1291,96,4,10,0.45931031938728895,0.025605931878089905,"[87, 90, 75, 6, 53, 48, 46, 66, 76, 54]"
1292,96,4,10,0.45426541785168095,0.0364161841571331,"[75, 6, 39, 41, 61, 22, 74, 55, 35, 80]"
1293,96,4,10,0.4600313067522853,0.040580540895462036,"[83, 97, 24, 85, 14, 74, 2, 41, 80, 13]"
1294,96,4,10,0.45037774071097375,0.026406222954392433,"[62, 2, 37, 61, 12, 43, 48, 89, 59, 56]"
1295,96,4,10,0.4588797647852537,0.026630906388163567,"[14, 42, 0, 48, 43, 73, 10, 47, 96, 88]"
1296,96,4,10,0.4621424649950377,0.02767861634492874,"[88, 72, 9, 24, 96, 71, 89, 53, 10, 15]"
1297,96,4,10,0.4499039522090623,0.02742968499660492,"[58, 44, 18, 22, 71, 49, 25, 9, 96, 70]"
1298,96,4,10,0.46411451677423576,0.033022306859493256,"[15, 94, 72, 97, 19, 6, 44, 99, 48, 65]"
1299,96,4,10,0.45095619338369647,0.02660435065627098,"[48, 41, 37, 85, 43, 12, 20, 72, 99, 68]"
1300,96,4,10,0.445165611214416,0.027548054233193398,"[94, 4, 68, 14, 2, 29, 1, 20, 25, 99]"
1301,96,4,10,0.4568475762165563,0.03060496225953102,"[11, 35, 52, 38, 2, 10, 15, 47, 4, 54]"
1302,96,4,10,0.45174740937560104,0.027442775666713715,"[54, 51, 89, 98, 71, 35, 88, 81, 73, 38]"
1303,96,4,10,0.45667792309162225,0.03302871063351631,"[87, 39, 55, 48, 79, 67, 75, 97, 77, 71]"
1304,96,4,10,0.45082044923721354,0.026821140199899673,"[35, 22, 96, 51, 54, 72, 42, 28, 30, 38]"
1305,96,4,10,0.4452722186699163,0.02518591471016407,"[29, 80, 55, 63, 6, 68, 71, 14, 76, 8]"
1306,96,4,10,0.44571027341623637,0.0262734554708004,"[23, 88, 30, 57, 27, 44, 25, 41, 87, 71]"
1307,96,4,10,0.4531054951683726,0.028079617768526077,"[97, 10, 87, 67, 55, 66, 78, 19, 24, 27]"
1308,96,4,10,0.4482676397402619,0.03663112595677376,"[52, 7, 39, 48, 54, 90, 91, 43, 2, 86]"
1309,96,4,10,0.4497802997311187,0.02603057026863098,"[14, 61, 31, 47, 93, 9, 67, 81, 12, 66]"
1310,96,4,10,0.4461730629119069,0.02841804176568985,"[44, 58, 85, 6, 25, 68, 7, 90, 88, 11]"
1311,96,4,10,0.4541787237968556,0.04174361377954483,"[94, 75, 61, 2, 83, 8, 15, 10, 18, 65]"
1312,96,4,10,0.44839300489009815,0.03265870735049248,"[31, 97, 52, 18, 88, 10, 54, 76, 87, 8]"
1313,96,4,10,0.44040111511252644,0.0267720278352499,"[66, 23, 28, 93, 4, 38, 52, 37, 41, 99]"
1314,96,4,10,0.4435843698420497,0.02904508449137211,"[86, 10, 38, 23, 17, 89, 88, 58, 28, 97]"
1315,96,4,10,0.4391494247802468,0.02764936164021492,"[51, 52, 10, 55, 40, 91, 1, 54, 97, 2]"
1316,96,4,10,0.4472110654379046,0.0250291358679533,"[24, 97, 92, 8, 10, 59, 94, 76, 68, 42]"
1317,96,4,10,0.44137541226349597,0.03234027326107025,"[2, 72, 84, 13, 10, 83, 52, 85, 41, 19]"
1318,96,4,10,0.44322705344232016,0.025025803595781326,"[30, 15, 80, 42, 92, 94, 6, 59, 40, 44]"
1319,96,4,10,0.4377846745557563,0.02721460722386837,"[42, 51, 28, 58, 81, 35, 92, 22, 53, 67]"
1320,96,4,10,0.43511856040635777,0.02725239098072052,"[72, 79, 14, 35, 63, 86, 85, 41, 33, 48]"
1321,96,4,10,0.4425029691222102,0.02563120611011982,"[10, 42, 94, 22, 97, 51, 75, 12, 85, 59]"
1322,96,4,10,0.43494476871781573,0.03878071531653404,"[47, 60, 37, 93, 9, 44, 89, 18, 65, 59]"
1323,96,4,10,0.4371151446343161,0.03270931541919708,"[51, 62, 76, 30, 88, 45, 65, 2, 42, 29]"
1324,96,4,10,0.4376476186479247,0.02665402926504612,"[32, 19, 48, 76, 67, 88, 1, 77, 61, 96]"
1325,96,4,10,0.43720625146010583,0.026865312829613686,"[97, 1, 55, 20, 93, 66, 86, 44, 73, 70]"
1326,96,4,10,0.43635678521768995,0.025668896734714508,"[55, 56, 28, 59, 94, 29, 97, 71, 22, 75]"
1327,96,4,10,0.436907211708468,0.025045253336429596,"[92, 7, 65, 1, 18, 35, 75, 46, 47, 31]"
1328,96,4,10,0.4474318770128627,0.024989405646920204,"[40, 71, 65, 55, 30, 86, 87, 22, 97, 15]"
1329,96,4,10,0.43094327735692955,0.027022801339626312,"[87, 74, 9, 54, 70, 8, 37, 77, 46, 23]"
1330,96,4,10,0.43384169579245324,0.026682984083890915,"[42, 18, 41, 17, 48, 46, 65, 29, 22, 78]"
1331,96,4,10,0.43591136712321016,0.027340492233633995,"[8, 44, 41, 11, 38, 85, 90, 27, 31, 30]"
1332,96,4,10,0.435772861176452,0.029139533638954163,"[24, 31, 89, 32, 54, 30, 73, 97, 11, 80]"
1333,96,4,10,0.4347443504562212,0.025780297815799713,"[39, 53, 54, 12, 97, 31, 46, 88, 71, 29]"
1334,96,4,10,0.4351217808418496,0.02714664116501808,"[18, 76, 24, 57, 29, 28, 48, 15, 86, 13]"
1335,96,4,10,0.43424753933971705,0.027018766850233078,"[59, 23, 94, 42, 88, 90, 41, 43, 56, 65]"
1336,96,4,10,0.4297494886183115,0.030278174206614494,"[59, 60, 7, 30, 18, 48, 9, 37, 89, 11]"
1337,96,4,10,0.42507540006190536,0.03108508139848709,"[97, 7, 61, 22, 10, 53, 92, 32, 42, 70]"
1338,96,4,10,0.42734424079833333,0.024292394518852234,"[22, 96, 40, 92, 24, 87, 55, 93, 11, 99]"
1339,96,4,10,0.4336688820835809,0.025990381836891174,"[35, 79, 30, 97, 41, 1, 49, 94, 65, 10]"
1340,96,4,10,0.42741724515203816,0.025302398949861526,"[80, 67, 6, 98, 75, 46, 83, 35, 42, 66]"
1341,96,4,10,0.4235367306486465,0.025402970612049103,"[7, 58, 46, 77, 29, 71, 22, 80, 27, 98]"
1342,96,4,10,0.4290742826886302,0.029121333733201027,"[52, 42, 2, 19, 85, 77, 9, 12, 94, 80]"
1343,96,4,10,0.4291325636944452,0.027080340310931206,"[55, 90, 84, 47, 23, 9, 18, 46, 73, 19]"
1344,96,4,10,0.41773378892780044,0.027013879269361496,"[28, 10, 84, 87, 4, 94, 8, 23, 0, 2]"
1345,96,4,10,0.4281034872109114,0.026330171152949333,"[35, 27, 72, 78, 32, 90, 65, 12, 14, 24]"
1346,96,4,10,0.4315265922092421,0.025091735646128654,"[78, 96, 31, 71, 53, 1, 97, 94, 87, 30]"
1347,96,4,10,0.42086614419294655,0.025200355798006058,"[59, 13, 63, 39, 23, 6, 58, 97, 78, 42]"
1348,96,4,10,0.4256729899840646,0.025775909423828125,"[79, 18, 90, 24, 51, 22, 94, 56, 58, 86]"
1349,96,4,10,0.4214243136692879,0.045781347900629044,"[31, 46, 6, 89, 35, 98, 47, 38, 54, 14]"
1350,96,4,10,0.4158542036923558,0.024695882573723793,"[22, 72, 53, 75, 40, 1, 42, 67, 13, 94]"
1351,96,4,10,0.42836409121925056,0.027804726734757423,"[38, 68, 73, 76, 85, 14, 75, 31, 71, 2]"
1352,96,4,10,0.41825090530220155,0.02676806040108204,"[97, 47, 60, 94, 75, 52, 42, 74, 31, 76]"
1353,96,4,10,0.4174882301410964,0.02577732875943184,"[40, 26, 47, 78, 77, 35, 11, 97, 24, 92]"
1354,96,4,10,0.42334153960610543,0.02698541432619095,"[20, 64, 48, 43, 65, 38, 96, 90, 31, 18]"
1355,96,4,10,0.42398633919223105,0.032979920506477356,"[15, 99, 1, 38, 75, 61, 42, 9, 94, 86]"
1356,96,4,10,0.4203535222166846,0.02576300874352455,"[81, 55, 62, 73, 37, 4, 30, 12, 77, 83]"
1357,96,4,10,0.41888402540583247,0.028094634413719177,"[30, 9, 8, 48, 32, 61, 73, 68, 89, 75]"
1358,96,4,10,0.4234256355958276,0.026440419256687164,"[87, 51, 28, 85, 14, 37, 18, 88, 46, 31]"
1359,96,4,10,0.4188384562427568,0.02912142127752304,"[39, 41, 19, 28, 73, 87, 40, 68, 75, 52]"
1360,96,4,10,0.41462330090445143,0.024626459926366806,"[75, 33, 73, 86, 62, 97, 71, 43, 60, 11]"
1361,96,4,10,0.41724099413340177,0.03222925215959549,"[49, 65, 80, 87, 15, 39, 62, 64, 88, 51]"
1362,96,4,10,0.41803047734984133,0.027212103828787804,"[40, 51, 98, 18, 62, 65, 85, 14, 90, 68]"
1363,96,4,10,0.4186471401432226,0.025532539933919907,"[85, 72, 78, 42, 48, 84, 51, 58, 83, 80]"
1364,96,4,10,0.4163381133661713,0.026178235188126564,"[56, 90, 87, 6, 61, 23, 66, 57, 24, 94]"
1365,96,4,10,0.40852527951518464,0.02573590725660324,"[99, 65, 51, 8, 32, 6, 45, 52, 30, 9]"
1366,96,4,10,0.4125117933247672,0.025870751589536667,"[39, 77, 52, 18, 10, 8, 1, 9, 78, 80]"
1367,96,4,10,0.411486089857685,0.02586587518453598,"[14, 56, 7, 6, 83, 10, 97, 59, 33, 30]"
1368,96,4,10,0.41032954184988213,0.025430213660001755,"[41, 51, 11, 77, 99, 76, 14, 92, 57, 86]"
1369,96,4,10,0.41876286198060175,0.027714308351278305,"[43, 12, 55, 30, 94, 83, 81, 65, 9, 46]"
1370,96,4,10,0.4147966614556174,0.02790631167590618,"[76, 72, 24, 35, 30, 75, 2, 44, 80, 14]"
1371,96,4,10,0.40973607989158045,0.025558343157172203,"[74, 25, 33, 90, 65, 83, 94, 46, 58, 30]"
1372,96,4,10,0.4163494392016599,0.03042478673160076,"[61, 58, 47, 90, 18, 96, 62, 24, 74, 38]"
1373,96,4,10,0.40466349884694397,0.035872943699359894,"[94, 86, 47, 18, 35, 60, 75, 27, 46, 38]"
1374,96,4,10,0.40736392081693507,0.03958618640899658,"[9, 15, 55, 99, 58, 47, 25, 39, 81, 49]"
1375,96,4,10,0.4113890728999883,0.026305781677365303,"[92, 61, 88, 20, 81, 8, 71, 35, 31, 66]"
1376,96,4,10,0.41402972696652246,0.02682485617697239,"[93, 96, 71, 65, 81, 13, 76, 43, 90, 9]"
1377,96,4,10,0.41020369730716527,0.03594651073217392,"[83, 77, 2, 28, 38, 81, 86, 48, 98, 54]"
1378,96,4,10,0.4081863712606042,0.027738485485315323,"[18, 10, 59, 85, 65, 77, 38, 22, 30, 23]"
1379,96,4,10,0.3972507768137337,0.02708781324326992,"[80, 88, 27, 85, 38, 44, 65, 96, 54, 60]"
1380,96,4,10,0.40052727354083995,0.035394202917814255,"[78, 2, 19, 6, 44, 24, 30, 55, 56, 25]"
1381,96,4,10,0.40166915264846975,0.02641974203288555,"[23, 15, 46, 56, 18, 40, 62, 9, 35, 29]"
1382,96,4,10,0.4053585419496305,0.02638508379459381,"[80, 2, 24, 54, 74, 19, 88, 52, 40, 15]"
1383,96,4,10,0.4005945619011601,0.028693240135908127,"[2, 61, 53, 30, 81, 71, 97, 50, 8, 92]"
1384,96,4,10,0.4092605652233456,0.02528708428144455,"[47, 10, 58, 65, 4, 14, 8, 24, 9, 45]"
1385,96,4,10,0.4043693518699255,0.029494106769561768,"[75, 14, 39, 40, 86, 7, 54, 46, 62, 88]"
1386,96,4,10,0.4077192220089654,0.02583305537700653,"[70, 10, 15, 59, 92, 46, 14, 55, 94, 58]"
1387,96,4,10,0.40058153247092526,0.02580653876066208,"[62, 25, 87, 54, 9, 15, 86, 33, 58, 48]"
1388,96,4,10,0.4048078998338518,0.025556502863764763,"[7, 73, 83, 90, 98, 58, 97, 53, 66, 67]"
1389,96,4,10,0.4077938132746102,0.03086160123348236,"[55, 48, 98, 61, 65, 93, 15, 49, 11, 10]"
1390,96,4,10,0.39630927843539865,0.02469818852841854,"[79, 24, 97, 40, 42, 67, 65, 68, 2, 33]"
1391,96,4,10,0.40554864170397953,0.028763700276613235,"[18, 51, 86, 32, 7, 97, 72, 15, 47, 61]"
1392,96,4,10,0.39582898735588545,0.024703625589609146,"[52, 71, 22, 74, 10, 62, 55, 43, 84, 59]"
1393,96,4,10,0.40215314743975394,0.030416732653975487,"[67, 6, 9, 97, 86, 88, 11, 14, 98, 99]"
1394,96,4,10,0.40598596755826716,0.025700515136122704,"[8, 47, 23, 30, 57, 48, 31, 97, 14, 65]"
1395,96,4,10,0.3910668175510499,0.024522697553038597,"[11, 74, 13, 15, 75, 37, 32, 31, 61, 53]"
1396,96,4,10,0.39591393687350807,0.02947712503373623,"[99, 62, 9, 35, 41, 7, 64, 94, 72, 85]"
1397,96,4,10,0.38981103097592196,0.026392269879579544,"[66, 76, 39, 37, 46, 99, 15, 91, 55, 67]"
1398,95,5,10,0.40626541398747196,0.048732150346040726,"[85, 86, 90, 39, 38, 48, 70, 2, 41, 9]"
1399,95,5,10,0.38533561685506035,0.03246558457612991,"[43, 75, 74, 28, 9, 17, 42, 96, 40, 89]"
1400,95,5,10,0.39548693555681147,0.025273466482758522,"[39, 25, 94, 20, 71, 24, 6, 0, 31, 90]"
1401,95,5,10,0.4032345969010802,0.02638266608119011,"[31, 11, 83, 51, 85, 43, 40, 48, 52, 39]"
1402,95,5,10,0.39946337202016047,0.03237210214138031,"[97, 9, 11, 39, 55, 75, 66, 87, 59, 7]"
1403,95,5,10,0.3978504340000012,0.03316693753004074,"[40, 44, 52, 65, 30, 15, 24, 57, 77, 88]"
1404,95,5,10,0.3908113649224534,0.0240109134465456,"[49, 1, 88, 32, 48, 65, 12, 76, 52, 7]"
1405,95,5,10,0.3843749568414162,0.026743602007627487,"[33, 94, 38, 14, 64, 86, 93, 79, 41, 75]"
1406,95,5,10,0.38622895582195593,0.05120157450437546,"[10, 92, 7, 66, 42, 29, 30, 39, 41, 82]"
1407,95,5,10,0.38926256095223566,0.028099283576011658,"[8, 51, 23, 41, 88, 47, 29, 32, 66, 75]"
1408,95,5,10,0.3937717602423885,0.027719832956790924,"[88, 71, 75, 66, 30, 2, 58, 35, 27, 68]"
1409,95,5,10,0.3839207635863739,0.025446664541959763,"[9, 0, 85, 1, 90, 24, 58, 92, 35, 79]"
1410,95,5,10,0.39210596171152945,0.029798569157719612,"[98, 38, 55, 42, 71, 75, 88, 31, 97, 78]"
1411,95,5,10,0.39692121120717594,0.02602466195821762,"[52, 7, 62, 28, 96, 78, 11, 71, 83, 86]"
1412,95,5,10,0.3865711001898436,0.02624610811471939,"[15, 78, 98, 61, 39, 9, 31, 59, 44, 53]"
1413,95,5,10,0.39455645466771194,0.024630634114146233,"[83, 88, 46, 6, 18, 12, 20, 9, 14, 71]"
1414,95,5,10,0.38430691158727687,0.026640865951776505,"[13, 24, 2, 88, 83, 56, 76, 99, 58, 61]"
1415,95,5,10,0.38105670763727495,0.0249177273362875,"[67, 22, 10, 40, 48, 65, 18, 50, 91, 43]"
1416,95,5,10,0.3821671131012194,0.02506934106349945,"[39, 93, 56, 57, 8, 97, 52, 83, 68, 47]"
1417,95,5,10,0.3882777285269078,0.026554599404335022,"[24, 50, 71, 15, 30, 11, 9, 47, 26, 35]"
1418,95,5,10,0.38687869048513035,0.03345984220504761,"[87, 97, 86, 75, 49, 70, 58, 72, 67, 43]"
1419,95,5,10,0.3847490675363909,0.028956245630979538,"[89, 47, 94, 98, 48, 81, 66, 19, 40, 70]"
1420,95,5,10,0.3838833416812122,0.026163380593061447,"[42, 59, 31, 20, 23, 97, 14, 75, 92, 87]"
1421,95,5,10,0.3830823750618626,0.026559360325336456,"[85, 20, 59, 1, 10, 44, 4, 38, 66, 81]"
1422,95,5,10,0.3846013452912517,0.0355696901679039,"[41, 28, 81, 91, 65, 10, 1, 77, 86, 94]"
1423,95,5,10,0.3739843586404972,0.027443839237093925,"[62, 2, 85, 17, 74, 45, 89, 31, 97, 71]"
1424,95,5,10,0.3770297417198034,0.027309661731123924,"[64, 46, 10, 77, 92, 32, 24, 94, 14, 50]"
1425,95,5,10,0.38038208693375486,0.02679097279906273,"[87, 66, 49, 94, 78, 45, 54, 71, 42, 38]"
1426,95,5,10,0.378310290559688,0.024885887280106544,"[20, 39, 55, 32, 86, 71, 27, 77, 59, 68]"
1427,95,5,10,0.3861851604491034,0.026141097769141197,"[90, 94, 1, 71, 97, 19, 20, 13, 44, 77]"
1428,95,5,10,0.39363347741172594,0.034006956964731216,"[31, 90, 73, 37, 71, 2, 38, 14, 30, 58]"
1429,95,5,10,0.3793749053825569,0.02823813259601593,"[52, 87, 79, 84, 32, 28, 71, 51, 86, 73]"
1430,95,5,10,0.37814686735270214,0.02522599883377552,"[15, 67, 37, 8, 39, 87, 22, 54, 38, 80]"
1431,95,5,10,0.3796740468776347,0.02373841032385826,"[87, 97, 2, 12, 96, 31, 71, 92, 79, 39]"
1432,94,6,10,0.384721936243552,0.025280145928263664,"[61, 79, 71, 65, 94, 4, 88, 42, 18, 11]"
1433,94,6,9,0.38935815932083073,0.03239591419696808,"[83, 31, 71, 88, 78, 37, 9, 85, 39]"
1434,94,6,9,0.3869976992566698,0.027454182505607605,"[35, 94, 66, 41, 12, 11, 71, 19, 70]"
1435,94,6,9,0.37591489704654496,0.02537282183766365,"[10, 30, 97, 52, 79, 27, 85, 35, 96]"
1436,94,6,9,0.37403170685436016,0.03152766451239586,"[56, 86, 55, 27, 67, 58, 90, 93, 43]"
1437,94,6,9,0.37954549963610384,0.02426242269575596,"[20, 37, 27, 97, 46, 30, 10, 39, 90]"
1438,94,6,9,0.37250754321876645,0.025656379759311676,"[70, 11, 72, 1, 71, 80, 68, 77, 84]"
1439,94,6,9,0.38037890853463774,0.025343822315335274,"[2, 1, 52, 14, 83, 11, 94, 32, 87]"
1440,94,6,9,0.3760901664867632,0.027041584253311157,"[87, 71, 29, 2, 15, 67, 77, 50, 4]"
1441,94,6,9,0.3744082574815538,0.024668650701642036,"[96, 92, 10, 71, 75, 20, 11, 13, 51]"
1442,94,6,9,0.373715030366564,0.027350841090083122,"[57, 19, 54, 65, 56, 35, 72, 66, 24]"
1443,93,7,9,0.37422318444047065,0.02580862119793892,"[20, 81, 86, 9, 41, 30, 1, 46, 52]"
1444,93,7,9,0.37460657237245454,0.023550981655716896,"[92, 83, 6, 41, 35, 9, 13, 59, 37]"
1445,93,7,9,0.3757767669176535,0.03370460495352745,"[61, 87, 80, 52, 92, 41, 30, 15, 23]"
1446,93,7,9,0.3761555513603583,0.026479538530111313,"[31, 97, 51, 18, 68, 86, 49, 88, 76]"
1447,93,7,9,0.3767327999045688,0.023819144815206528,"[65, 35, 23, 93, 47, 90, 98, 39, 37]"
1448,93,7,9,0.37679636009806206,0.03403490036725998,"[18, 87, 86, 48, 35, 92, 62, 15, 79]"
1449,93,7,9,0.3754031655807344,0.031711988151073456,"[9, 2, 74, 94, 7, 70, 48, 53, 72]"
1450,93,7,9,0.3853085414609975,0.030713563784956932,"[28, 90, 39, 93, 9, 85, 48, 87, 73]"
1451,93,7,9,0.3827360962325382,0.02434648387134075,"[71, 39, 23, 43, 30, 73, 6, 94, 88]"
1452,93,7,9,0.37695400589810946,0.026549844071269035,"[13, 24, 51, 72, 23, 15, 56, 14, 48]"
1453,93,7,9,0.37754469570363797,0.02391105704009533,"[30, 79, 46, 39, 10, 19, 58, 51, 97]"
1454,93,7,9,0.3708445227276238,0.02589944191277027,"[19, 41, 43, 11, 96, 64, 76, 67, 48]"
1455,93,7,9,0.37209795928368017,0.025469625368714333,"[97, 10, 18, 54, 46, 87, 32, 72, 44]"
1456,93,7,9,0.3694477371191458,0.025082362815737724,"[58, 97, 57, 86, 85, 94, 8, 63, 90]"
1457,93,7,9,0.3651682003179476,0.024348150938749313,"[8, 24, 66, 14, 44, 63, 18, 42, 57]"
1458,93,7,9,0.36925614561649067,0.026081569492816925,"[73, 80, 10, 77, 23, 88, 42, 68, 76]"
1459,93,7,9,0.3710866038288389,0.025227272883057594,"[88, 19, 78, 96, 67, 73, 40, 51, 72]"
1460,93,7,9,0.3760839839510265,0.025459371507167816,"[11, 96, 86, 4, 10, 47, 9, 94, 2]"
1461,93,7,9,0.3703744749405554,0.026243682950735092,"[30, 65, 47, 18, 78, 15, 42, 59, 4]"
1462,93,7,9,0.3673336398270395,0.024421289563179016,"[86, 42, 53, 99, 48, 14, 67, 57, 19]"
1463,93,7,9,0.3668901152790539,0.02925926074385643,"[38, 46, 75, 6, 94, 83, 88, 66, 59]"
1464,93,7,9,0.3687292103404327,0.037939444184303284,"[55, 90, 80, 87, 42, 62, 18, 85, 14]"
1465,93,7,9,0.36075975098425433,0.02735438011586666,"[48, 66, 78, 7, 44, 17, 67, 70, 83]"
1466,93,7,9,0.3593160131768811,0.02437371015548706,"[1, 39, 22, 98, 37, 19, 96, 12, 71]"
1467,93,7,9,0.3689492941198368,0.02998514100909233,"[39, 1, 9, 18, 46, 71, 42, 83, 93]"
1468,93,7,9,0.3622384941767133,0.0330633744597435,"[80, 48, 30, 23, 84, 77, 11, 94, 55]"
1469,93,7,9,0.36584133543961106,0.029427949339151382,"[77, 10, 61, 29, 28, 99, 35, 87, 48]"
1470,93,7,9,0.3604401255115157,0.0259300097823143,"[92, 48, 20, 54, 68, 71, 52, 53, 24]"
1471,93,7,9,0.36362046333000303,0.026626398786902428,"[96, 65, 71, 74, 29, 72, 23, 51, 12]"
1472,93,7,9,0.3631385829565781,0.024112239480018616,"[54, 68, 71, 93, 8, 47, 58, 90, 12]"
1473,93,7,9,0.36424313120484825,0.02783980406820774,"[18, 61, 72, 39, 65, 78, 71, 22, 62]"
1474,93,7,9,0.36499239683210377,0.030872123315930367,"[41, 87, 71, 7, 81, 24, 43, 99, 28]"
1475,93,7,9,0.3553448266660174,0.027478007599711418,"[14, 96, 54, 84, 7, 39, 73, 11, 20]"
1476,93,7,9,0.3542613107415419,0.024609465152025223,"[41, 68, 86, 7, 4, 98, 29, 8, 35]"
1477,93,7,9,0.35411171433294103,0.024300726130604744,"[96, 98, 85, 88, 9, 23, 65, 22, 6]"
1478,93,7,9,0.35833126266619986,0.025522757321596146,"[93, 74, 9, 71, 28, 79, 47, 23, 83]"
1479,93,7,9,0.3579968501414571,0.026476632803678513,"[61, 94, 43, 31, 11, 10, 47, 35, 56]"
1480,93,7,9,0.35407472576295573,0.02496151626110077,"[19, 51, 93, 37, 24, 6, 72, 54, 56]"
1481,93,7,9,0.3524628420848222,0.024652861058712006,"[8, 48, 46, 90, 15, 64, 27, 81, 18]"
1482,93,7,9,0.35541195211015525,0.02404719591140747,"[83, 75, 9, 68, 18, 23, 11, 73, 93]"
1483,93,7,9,0.3536932858978472,0.023897960782051086,"[9, 35, 93, 42, 92, 4, 65, 43, 38]"
1484,93,7,9,0.3480473973063959,0.026344766840338707,"[74, 4, 59, 28, 11, 97, 93, 88, 64]"
1485,93,7,9,0.35517468698145377,0.025285260751843452,"[40, 68, 10, 94, 72, 54, 86, 71, 45]"
1486,93,7,9,0.35204065228915876,0.024951308965682983,"[32, 48, 89, 78, 58, 42, 97, 4, 76]"
1487,93,7,9,0.36310403004643466,0.038281556218862534,"[71, 72, 49, 47, 30, 15, 86, 83, 85]"
1488,93,7,9,0.3543366083490943,0.028174864128232002,"[67, 35, 77, 90, 48, 89, 29, 68, 15]"
1489,93,7,9,0.35353033288958524,0.03148411959409714,"[64, 74, 7, 90, 62, 73, 86, 66, 14]"
1490,93,7,9,0.34647375408796566,0.024179402738809586,"[46, 75, 93, 44, 22, 65, 13, 18, 94]"
1491,93,7,9,0.3563466379123311,0.02838413417339325,"[38, 98, 94, 28, 48, 83, 31, 47, 19]"
1492,93,7,9,0.35017227606167867,0.024024032056331635,"[72, 76, 81, 41, 79, 37, 44, 90, 65]"
1493,93,7,9,0.3491552959506711,0.027017828077077866,"[80, 90, 18, 44, 72, 54, 58, 35, 11]"
1494,93,7,9,0.34672932808716145,0.025121517479419708,"[50, 42, 74, 59, 14, 19, 15, 37, 30]"
1495,93,7,9,0.357672665948196,0.02575991302728653,"[35, 71, 65, 48, 81, 73, 72, 62, 22]"
1496,93,7,9,0.34683447360755904,0.03128187730908394,"[54, 74, 40, 49, 9, 67, 83, 19, 94]"
1497,93,7,9,0.3421823033353403,0.036035891622304916,"[61, 77, 67, 66, 76, 51, 75, 23, 39]"
1498,93,7,9,0.3475586353609013,0.024167783558368683,"[37, 31, 54, 87, 15, 80, 24, 23, 18]"
1499,93,7,9,0.34597018945016084,0.024135584011673927,"[71, 11, 37, 62, 53, 8, 73, 41, 93]"
1500,93,7,9,0.3494990022912149,0.030183637514710426,"[10, 87, 65, 49, 66, 18, 2, 81, 90]"
1501,93,7,9,0.3450382797949253,0.02589351125061512,"[72, 94, 92, 71, 44, 47, 48, 84, 80]"
1502,93,7,9,0.34556673600205357,0.024356428533792496,"[20, 97, 46, 10, 4, 83, 55, 23, 29]"
1503,93,7,9,0.35388930074663627,0.02779771201312542,"[43, 14, 71, 6, 97, 41, 29, 61, 90]"
1504,93,7,9,0.3375379601493478,0.026137810200452805,"[79, 99, 94, 86, 72, 17, 15, 14, 47]"
1505,93,7,9,0.3409936169443268,0.035738255828619,"[55, 80, 77, 18, 39, 38, 83, 51, 35]"
1506,93,7,9,0.34659773677528377,0.03868163004517555,"[94, 20, 52, 6, 65, 61, 83, 86, 23]"
1507,93,7,9,0.34322239641129737,0.03784049302339554,"[55, 22, 86, 75, 72, 9, 76, 41, 24]"
1508,93,7,9,0.3372906200617315,0.02661054953932762,"[8, 15, 89, 43, 73, 37, 24, 94, 25]"
1509,93,7,9,0.33790487537367475,0.025736114010214806,"[19, 81, 31, 44, 8, 11, 62, 47, 53]"
1510,93,7,9,0.34164254023649154,0.027961868792772293,"[83, 86, 11, 81, 62, 30, 19, 85, 84]"
1511,93,7,9,0.3359295617981208,0.02838779054582119,"[54, 49, 97, 57, 93, 61, 65, 11, 42]"
1512,93,7,9,0.3343158733203179,0.03466181084513664,"[80, 74, 42, 75, 10, 41, 72, 32, 9]"
1513,93,7,9,0.33601898694085697,0.025724364444613457,"[63, 86, 22, 14, 65, 10, 87, 89, 76]"
1514,93,7,9,0.3344435474450981,0.02683812938630581,"[14, 47, 39, 85, 17, 86, 38, 7, 68]"
1515,93,7,9,0.34151652076148564,0.028123389929533005,"[97, 94, 24, 29, 31, 39, 35, 1, 77]"
1516,93,7,9,0.33614450390081085,0.02365376241505146,"[29, 57, 62, 73, 96, 6, 65, 51, 39]"
1517,93,7,9,0.3335178871639073,0.025230685248970985,"[74, 52, 55, 32, 90, 19, 41, 4, 47]"
1518,93,7,9,0.3415924687722018,0.02539898082613945,"[31, 24, 90, 53, 68, 7, 94, 87, 51]"
1519,93,7,9,0.3341050796535989,0.02446817420423031,"[66, 76, 48, 1, 40, 90, 45, 10, 15]"
1520,93,7,9,0.3362876501762205,0.026426570490002632,"[67, 48, 87, 28, 99, 62, 9, 47, 41]"
1521,93,7,9,0.3282491341454997,0.026739658787846565,"[29, 39, 90, 49, 88, 84, 4, 70, 86]"
1522,93,7,9,0.3275339992583862,0.028752680867910385,"[22, 70, 39, 28, 77, 75, 7, 73, 94]"
1523,93,7,9,0.3341521197368228,0.02604469656944275,"[90, 18, 41, 10, 93, 38, 42, 7, 12]"
1524,93,7,9,0.33759350473770783,0.025335075333714485,"[19, 40, 24, 58, 71, 61, 51, 70, 89]"
1525,93,7,9,0.3301098333257768,0.025808431208133698,"[52, 59, 31, 47, 87, 85, 81, 12, 97]"
1526,93,7,9,0.3305226649926414,0.032640378922224045,"[83, 55, 80, 29, 2, 41, 86, 7, 12]"
1527,93,7,9,0.3255084692574446,0.024242663756012917,"[96, 74, 6, 68, 14, 79, 65, 55, 35]"
1528,93,7,9,0.3226239270057588,0.030310725793242455,"[28, 43, 4, 99, 11, 83, 39, 74, 37]"
1529,93,7,9,0.3317675742705072,0.03490152209997177,"[83, 71, 7, 38, 99, 15, 14, 59, 77]"
1530,93,7,9,0.3288830013960482,0.02886391431093216,"[9, 90, 97, 7, 89, 19, 41, 74, 43]"
1531,93,7,9,0.321460604460703,0.025944139808416367,"[44, 88, 68, 81, 64, 80, 52, 10, 51]"
1532,93,7,9,0.33307385814213564,0.03332789987325668,"[72, 6, 35, 30, 19, 58, 99, 87, 24]"
1533,93,7,9,0.32483259081426596,0.024689625948667526,"[80, 40, 10, 73, 75, 23, 2, 14, 35]"
1534,93,7,9,0.32793837115685975,0.030728336423635483,"[83, 85, 9, 2, 49, 29, 80, 88, 48]"
1535,93,7,9,0.3281749712584156,0.030219055712223053,"[71, 80, 11, 88, 74, 35, 2, 15, 42]"
1536,93,7,9,0.3301423224583564,0.025282876566052437,"[30, 51, 23, 43, 11, 37, 14, 15, 10]"
1537,93,7,9,0.3208826019628239,0.025935957208275795,"[15, 64, 87, 83, 39, 74, 59, 22, 30]"
1538,93,7,9,0.3227242861600918,0.026319604367017746,"[25, 53, 58, 86, 28, 29, 14, 15, 10]"
1539,93,7,9,0.33347778475385104,0.02845257893204689,"[48, 90, 7, 73, 61, 19, 80, 9, 14]"
1540,93,7,9,0.3249906898468792,0.03776122257113457,"[14, 74, 48, 58, 70, 75, 67, 31, 15]"
1541,93,7,9,0.3208338486378096,0.02740919217467308,"[71, 90, 32, 98, 11, 29, 30, 68, 9]"
1542,93,7,9,0.32484798450466423,0.024175569415092468,"[30, 15, 65, 62, 97, 72, 53, 37, 73]"
1543,93,7,9,0.32143134877662216,0.026233434677124023,"[70, 90, 13, 24, 77, 10, 2, 37, 38]"
1544,93,7,9,0.31600620025502785,0.03151319548487663,"[39, 2, 78, 93, 58, 38, 70, 89, 31]"
1545,93,7,9,0.3150402097667139,0.03459494188427925,"[47, 14, 57, 72, 31, 27, 41, 43, 19]"
1546,93,7,9,0.30808100989457987,0.02545994147658348,"[37, 29, 25, 44, 71, 76, 19, 64, 35]"
1547,93,7,9,0.31554839539060753,0.025897858664393425,"[83, 88, 30, 50, 65, 87, 71, 63, 54]"
1548,93,7,9,0.3089890437097185,0.0238397978246212,"[7, 84, 46, 65, 19, 80, 51, 6, 79]"
1549,93,7,9,0.314165380328805,0.029160965234041214,"[85, 39, 66, 88, 73, 52, 41, 90, 25]"
1550,93,7,9,0.31613379112622214,0.02436067722737789,"[92, 72, 41, 40, 10, 13, 90, 93, 58]"
1551,93,7,9,0.3103895128061551,0.04000362753868103,"[96, 61, 44, 67, 41, 99, 2, 14, 77]"
1552,93,7,9,0.3166617983360849,0.03576270490884781,"[89, 42, 9, 61, 55, 48, 19, 77, 54]"
1553,93,7,9,0.3174583890146413,0.026166008785367012,"[10, 9, 85, 59, 24, 86, 77, 42, 53]"
1554,93,7,9,0.31955221738474116,0.024463312700390816,"[44, 65, 94, 32, 86, 78, 52, 10, 87]"
1555,93,7,9,0.30989545504636473,0.026429716497659683,"[8, 60, 7, 6, 65, 10, 72, 75, 15]"
1556,93,7,9,0.31081773224656306,0.026708299294114113,"[24, 31, 74, 94, 66, 97, 54, 84, 96]"
1557,93,7,9,0.3099388454029972,0.025608345866203308,"[29, 96, 11, 1, 61, 48, 52, 46, 4]"
1558,93,7,9,0.3106677770570275,0.025098808109760284,"[44, 2, 78, 58, 14, 51, 7, 90, 27]"
1559,93,7,9,0.31337751952158877,0.023590359836816788,"[44, 1, 83, 24, 71, 99, 92, 46, 10]"
1560,93,7,9,0.3122730761893936,0.03577876091003418,"[89, 39, 48, 28, 97, 32, 8, 24, 52]"
1561,93,7,9,0.31015092323419624,0.028945516794919968,"[9, 6, 49, 10, 55, 29, 68, 42, 35]"
1562,93,7,9,0.3108662068164752,0.02765018865466118,"[87, 80, 41, 86, 75, 73, 74, 24, 11]"
1563,93,7,9,0.3035581343001612,0.025150414556264877,"[73, 49, 46, 23, 51, 90, 42, 75, 78]"
1564,93,7,9,0.3098597507766773,0.026521926745772362,"[37, 55, 48, 15, 77, 27, 9, 42, 94]"
1565,92,8,9,0.30964464252737967,0.04622191935777664,"[22, 92, 71, 72, 90, 55, 94, 28, 38]"
1566,92,8,9,0.3016442183200694,0.026707181707024574,"[32, 96, 28, 64, 8, 7, 2, 87, 10]"
1567,92,8,9,0.30824653675886926,0.027895476669073105,"[90, 48, 10, 49, 27, 71, 40, 85, 68]"
1568,92,8,9,0.3081940259769499,0.02671218104660511,"[7, 28, 43, 42, 88, 14, 15, 11, 49]"
1569,92,8,9,0.30177564396980494,0.05689890682697296,"[9, 29, 74, 66, 7, 8, 32, 97, 18]"
1570,92,8,9,0.3037494970161413,0.027017630636692047,"[96, 14, 81, 35, 77, 78, 67, 42, 10]"
1571,92,8,9,0.305168431438007,0.027115553617477417,"[66, 70, 38, 86, 62, 47, 19, 7, 96]"
1572,92,8,9,0.3037614314461568,0.034766845405101776,"[62, 14, 58, 6, 80, 77, 71, 2, 18]"
1573,92,8,9,0.30421064514417445,0.02781994827091694,"[72, 14, 59, 88, 29, 4, 49, 41, 48]"
1574,92,8,9,0.30108785292899193,0.025349294766783714,"[87, 57, 27, 73, 48, 49, 19, 76, 86]"
1575,92,8,9,0.29631246636849806,0.04863917827606201,"[41, 72, 74, 32, 7, 22, 92, 30, 15]"
1576,92,8,9,0.3001959327349023,0.02501433528959751,"[96, 86, 94, 28, 32, 51, 58, 59, 20]"
1577,92,8,9,0.30316606067729446,0.02484872192144394,"[6, 48, 97, 61, 81, 22, 92, 44, 31]"
1578,92,8,9,0.29554018437852425,0.03328080102801323,"[7, 79, 29, 90, 22, 14, 35, 38, 67]"
1579,92,8,9,0.29957992731502536,0.03352414816617966,"[88, 52, 39, 24, 37, 89, 31, 41, 78]"
1580,92,8,9,0.2999388531830356,0.02886907197535038,"[85, 55, 37, 71, 77, 49, 24, 28, 19]"
1581,92,8,9,0.30060241664130205,0.027661876752972603,"[62, 99, 38, 7, 41, 15, 10, 83, 35]"
1582,92,8,9,0.29693183973631065,0.024508997797966003,"[61, 28, 53, 4, 24, 15, 22, 10, 37]"
1583,92,8,9,0.2978650144584367,0.024279074743390083,"[46, 84, 93, 73, 14, 86, 12, 90, 97]"
1584,92,8,9,0.29188797222961543,0.02502276934683323,"[54, 38, 61, 22, 29, 39, 51, 67, 43]"
1585,92,8,9,0.2960810185580887,0.026696626096963882,"[49, 15, 83, 61, 93, 51, 62, 35, 54]"
1586,92,8,9,0.2973698426095377,0.025315282866358757,"[55, 18, 65, 98, 75, 24, 39, 10, 51]"
1587,92,8,9,0.29526422128400487,0.028944889083504677,"[60, 61, 28, 73, 85, 31, 18, 94, 83]"
1588,92,8,9,0.28964620372754246,0.028127091005444527,"[24, 83, 17, 76, 90, 38, 67, 75, 39]"
1589,92,8,9,0.285471762153987,0.023631256073713303,"[86, 19, 57, 44, 94, 90, 63, 84, 23]"
1590,92,8,9,0.2870079662739343,0.025145582854747772,"[14, 50, 73, 28, 54, 43, 10, 80, 9]"
1591,92,8,9,0.28767678649831746,0.024644413962960243,"[30, 97, 17, 7, 38, 94, 51, 8, 68]"
1592,92,8,9,0.29866048882103247,0.02910006418824196,"[59, 15, 11, 72, 18, 10, 48, 44, 67]"
1593,92,8,9,0.2891727366492182,0.024817734956741333,"[85, 92, 41, 42, 27, 24, 48, 15, 99]"
1594,92,8,9,0.2886965242195799,0.02497115358710289,"[78, 14, 62, 73, 29, 15, 76, 28, 59]"
1595,92,8,9,0.2848445671813754,0.025458479300141335,"[48, 32, 81, 49, 74, 31, 90, 93, 22]"
1596,92,8,9,0.2987565239380242,0.02814364619553089,"[24, 28, 30, 41, 81, 73, 88, 14, 62]"
1597,92,8,9,0.28709442609917357,0.023596616461873055,"[86, 4, 7, 13, 90, 10, 60, 65, 59]"
1598,92,8,9,0.28816974633049164,0.027618778869509697,"[59, 43, 35, 19, 40, 89, 9, 97, 15]"
1599,92,8,9,0.29417091981355736,0.03044266439974308,"[38, 6, 39, 96, 71, 48, 88, 43, 72]"
1600,92,8,9,0.29129465501674434,0.026791175827383995,"[90, 83, 46, 86, 71, 78, 24, 27, 74]"
1601,92,8,9,0.28690732946389363,0.024153713136911392,"[40, 48, 31, 20, 76, 88, 87, 29, 12]"
1602,92,8,9,0.282159101709049,0.02320394665002823,"[48, 74, 55, 32, 78, 75, 81, 59, 71]"
1603,92,8,9,0.2799768506471688,0.026618724688887596,"[47, 44, 41, 53, 85, 56, 81, 19, 58]"
1604,92,8,9,0.2869060807844245,0.03756212070584297,"[86, 7, 39, 55, 48, 8, 28, 49, 2]"
1605,91,9,9,0.28178794437538146,0.023567277938127518,"[22, 92, 10, 14, 47, 6, 7, 99, 71]"
1606,91,9,9,0.28878419322332716,0.02589481696486473,"[86, 9, 67, 38, 30, 81, 39, 2, 22]"
1607,91,9,9,0.2942239729874341,0.025982581079006195,"[18, 93, 24, 66, 71, 83, 97, 7, 76]"
1608,91,9,9,0.28909897736619483,0.02242082729935646,"[47, 68, 86, 99, 97, 83, 15, 13, 71]"
1609,91,9,9,0.2843684078595503,0.02589239925146103,"[99, 30, 71, 67, 12, 58, 10, 41, 54]"
1610,91,9,9,0.28814098160703816,0.03983300179243088,"[51, 97, 8, 86, 58, 66, 77, 85, 87]"
1611,91,9,9,0.2881876693326768,0.023214753717184067,"[30, 37, 97, 83, 58, 79, 48, 39, 2]"
1612,91,9,9,0.2849070332833341,0.027883384376764297,"[72, 73, 77, 11, 42, 65, 15, 51, 32]"
1613,91,9,9,0.2773299313486026,0.024005599319934845,"[30, 88, 6, 58, 57, 51, 98, 35, 40]"
1614,91,9,9,0.2757568981013889,0.03236480802297592,"[47, 44, 61, 96, 94, 86, 26, 87, 7]"
1615,91,9,9,0.2803361644579708,0.025502696633338928,"[94, 71, 68, 55, 93, 98, 35, 58, 1]"
1616,91,9,9,0.2723222896608153,0.02412296272814274,"[29, 80, 93, 1, 48, 97, 55, 77, 53]"
1617,91,9,9,0.2827955845359783,0.024364471435546875,"[83, 1, 46, 31, 11, 76, 87, 54, 58]"
1618,91,9,9,0.27589010729941577,0.02669398859143257,"[86, 38, 59, 51, 18, 41, 54, 8, 23]"
1619,91,9,9,0.27833568744442166,0.024065041914582253,"[55, 40, 52, 62, 11, 73, 76, 9, 6]"
1620,91,9,9,0.2789612352636045,0.03146962821483612,"[18, 77, 24, 28, 15, 88, 51, 11, 76]"
1621,91,9,9,0.276259522276822,0.02381632663309574,"[52, 8, 76, 87, 18, 15, 4, 73, 6]"
1622,91,9,9,0.2773513812849394,0.024397006258368492,"[86, 88, 44, 9, 89, 19, 55, 13, 96]"
1623,91,9,9,0.27073193164567555,0.02434753067791462,"[1, 19, 62, 23, 20, 71, 45, 74, 10]"
1624,91,9,9,0.27357694985178427,0.024264676496386528,"[35, 31, 41, 24, 85, 63, 74, 23, 19]"
1625,91,9,9,0.2733868316729581,0.023835042491555214,"[81, 57, 87, 18, 86, 55, 29, 9, 8]"
1626,91,9,9,0.27932623721820715,0.026982277631759644,"[64, 94, 65, 87, 71, 74, 12, 10, 31]"
1627,91,9,9,0.27662399363247203,0.023751182481646538,"[97, 62, 43, 86, 57, 68, 10, 83, 90]"
1628,91,9,9,0.27580093818295215,0.024954451248049736,"[94, 2, 80, 14, 13, 70, 9, 47, 42]"
1629,91,9,9,0.27071675545912044,0.028981441631913185,"[22, 32, 88, 66, 18, 39, 20, 31, 15]"
1630,91,9,9,0.2720438704692171,0.03222611919045448,"[9, 74, 51, 8, 31, 89, 71, 42, 72]"
1631,91,9,9,0.27289704892905503,0.028435125946998596,"[97, 83, 39, 12, 61, 77, 87, 42, 20]"
1632,91,9,9,0.27088991834512005,0.029170118272304535,"[66, 49, 94, 8, 65, 86, 27, 42, 39]"
1633,91,9,9,0.26536139175750134,0.03697742149233818,"[89, 10, 80, 54, 61, 39, 8, 94, 92]"
1634,91,9,9,0.27597178395352956,0.025104282423853874,"[61, 51, 81, 15, 40, 10, 54, 90, 94]"
1635,91,9,9,0.26478147896910265,0.02960367687046528,"[85, 70, 81, 26, 48, 38, 83, 14, 19]"
1636,91,9,9,0.27878151023836156,0.02702254243195057,"[44, 97, 2, 61, 71, 10, 72, 65, 1]"
1637,91,9,9,0.270237899097667,0.033060893416404724,"[38, 18, 10, 88, 70, 67, 59, 73, 94]"
1638,91,9,9,0.26475250557428454,0.02446482703089714,"[4, 20, 52, 14, 88, 47, 18, 68, 72]"
1639,91,9,9,0.2588841053417462,0.024791747331619263,"[8, 90, 25, 94, 41, 40, 4, 81, 85]"
1640,91,9,9,0.26297556017310963,0.025795698165893555,"[22, 53, 6, 97, 61, 19, 85, 12, 88]"
1641,91,9,9,0.2675612898578812,0.025677425786852837,"[24, 30, 13, 19, 86, 84, 47, 52, 7]"
1642,91,9,9,0.2710333875781758,0.025142831727862358,"[78, 28, 68, 51, 55, 71, 83, 23, 24]"
1643,91,9,9,0.2681020368698247,0.025706999003887177,"[53, 90, 35, 15, 4, 28, 86, 65, 38]"
1644,91,9,9,0.26332260529462725,0.026194274425506592,"[97, 6, 54, 35, 49, 87, 46, 73, 78]"
1645,91,9,9,0.2645334354715376,0.024987030774354935,"[48, 35, 51, 43, 89, 62, 41, 39, 6]"
1646,91,9,9,0.26999495087347947,0.023422058671712875,"[8, 94, 9, 92, 24, 1, 97, 48, 35]"
1647,91,9,9,0.25904127450402437,0.026076218113303185,"[15, 90, 77, 52, 71, 99, 24, 29, 20]"
1648,91,9,9,0.2579079827843966,0.036704760044813156,"[50, 32, 72, 14, 9, 55, 48, 38, 89]"
1649,91,9,9,0.26019799821381645,0.0243973471224308,"[97, 2, 22, 71, 1, 86, 42, 77, 72]"
1650,91,9,9,0.25559968746148637,0.024189673364162445,"[50, 86, 37, 51, 92, 83, 15, 62, 85]"
1651,91,9,9,0.26063666024389187,0.02504255250096321,"[85, 10, 24, 51, 11, 46, 38, 27, 52]"
1652,91,9,9,0.2617621257633657,0.02435065433382988,"[29, 47, 13, 14, 71, 9, 52, 66, 43]"
1653,91,9,9,0.2583648147399671,0.02503019943833351,"[93, 97, 25, 19, 73, 86, 90, 51, 41]"
1654,91,9,9,0.24922169044204964,0.026021776720881462,"[89, 42, 31, 54, 28, 11, 78, 27, 9]"
1655,91,9,9,0.2622723979408522,0.026481647044420242,"[72, 85, 88, 1, 73, 15, 53, 39, 24]"
1656,91,9,9,0.2602188375142471,0.025686433538794518,"[93, 61, 72, 46, 62, 39, 15, 35, 41]"
1657,91,9,9,0.25187448507331334,0.024226073175668716,"[90, 79, 56, 1, 72, 48, 10, 73, 42]"
1658,91,9,9,0.25624969726438485,0.024106938391923904,"[43, 62, 39, 93, 71, 87, 52, 88, 54]"
1659,91,9,9,0.2630475278865536,0.025692224502563477,"[15, 7, 51, 86, 24, 90, 18, 88, 68]"
1660,91,9,9,0.24992532053139555,0.02547156997025013,"[71, 56, 45, 42, 74, 48, 65, 4, 94]"
1661,91,9,9,0.25607990721735324,0.04740895703434944,"[87, 42, 50, 14, 85, 65, 9, 20, 6]"
1662,91,9,9,0.2542860776622626,0.024428552016615868,"[66, 85, 24, 97, 23, 22, 92, 30, 40]"
1663,91,9,9,0.25817017326494907,0.03808214142918587,"[30, 67, 58, 74, 83, 88, 65, 39, 49]"
1664,91,9,9,0.25538211504532515,0.024206260219216347,"[87, 15, 58, 88, 76, 22, 10, 57, 48]"
1665,91,9,9,0.24440564174611415,0.025197042152285576,"[84, 88, 63, 83, 38, 90, 14, 43, 39]"
1666,91,9,9,0.25241324428007067,0.030036762356758118,"[87, 40, 10, 18, 77, 29, 85, 90, 24]"
1667,91,9,9,0.2527938396524799,0.025219958275556564,"[39, 32, 24, 19, 27, 2, 41, 7, 65]"
1668,91,9,9,0.24970311588269523,0.02976148948073387,"[70, 77, 10, 67, 78, 38, 94, 65, 7]"
1669,91,9,9,0.24756676640404457,0.026483651250600815,"[86, 75, 11, 7, 62, 31, 85, 72, 96]"
1670,91,9,9,0.25104484863788756,0.025172658264636993,"[61, 90, 4, 10, 23, 67, 9, 89, 42]"
1671,91,9,9,0.25611253210651336,0.029062557965517044,"[11, 90, 61, 85, 65, 87, 73, 2, 20]"
1672,91,9,9,0.24601150613131761,0.027692193165421486,"[66, 44, 49, 73, 64, 28, 24, 88, 85]"
1673,91,9,9,0.2486987247852341,0.029646478593349457,"[73, 71, 47, 1, 65, 58, 48, 70, 56]"
1674,91,9,9,0.24425333705263813,0.026489051058888435,"[59, 85, 18, 61, 96, 14, 86, 72, 32]"
1675,91,9,9,0.2421634120344207,0.025754062458872795,"[94, 93, 67, 96, 38, 18, 20, 54, 19]"
1676,91,9,9,0.2559922018377388,0.027761315926909447,"[19, 87, 38, 71, 92, 24, 48, 66, 18]"
1677,91,9,9,0.23878898156483766,0.024117834866046906,"[56, 15, 11, 93, 73, 13, 88, 28, 41]"
1678,91,9,9,0.24167281708637184,0.023254457861185074,"[30, 19, 31, 79, 57, 75, 48, 37, 83]"
1679,91,9,9,0.2541230142856052,0.024633090943098068,"[71, 14, 11, 42, 15, 44, 90, 78, 30]"
1680,91,9,9,0.23997716537328453,0.03576767072081566,"[85, 14, 22, 92, 32, 76, 90, 48, 41]"
1681,90,10,9,0.24919676752811484,0.03542398288846016,"[70, 14, 30, 41, 20, 90, 39, 48, 55]"
1682,90,10,9,0.24298426090383235,0.023467108607292175,"[10, 97, 67, 46, 87, 42, 63, 23, 88]"
1683,90,10,9,0.2365126553290512,0.0244644396007061,"[42, 22, 41, 62, 24, 45, 28, 93, 86]"
1684,90,10,9,0.23877954488493686,0.0227266326546669,"[24, 60, 81, 41, 65, 31, 20, 47, 78]"
1685,90,10,9,0.24241577404160283,0.026372984051704407,"[41, 87, 75, 6, 44, 43, 66, 10, 38]"
1686,90,10,9,0.24341499361347546,0.02358062192797661,"[24, 92, 68, 15, 10, 72, 55, 78, 35]"
1687,90,10,9,0.24396794165461613,0.024658381938934326,"[77, 73, 46, 15, 80, 14, 90, 6, 71]"
1688,90,10,9,0.24275491554520012,0.022812843322753906,"[65, 55, 96, 43, 73, 19, 80, 71, 31]"
1689,90,10,9,0.25432600644072173,0.026968300342559814,"[24, 40, 71, 10, 9, 94, 11, 97, 72]"
1690,90,10,9,0.24198583572137133,0.02281971275806427,"[31, 99, 86, 76, 97, 81, 73, 83, 10]"
1691,89,11,9,0.23968765835269112,0.02702225372195244,"[94, 11, 74, 76, 83, 90, 73, 49, 47]"
1692,89,11,9,0.23667876733363502,0.022650938481092453,"[59, 23, 51, 9, 47, 18, 27, 58, 86]"
1693,89,11,9,0.23940879837609827,0.024204254150390625,"[65, 86, 14, 15, 90, 81, 17, 13, 83]"
1694,89,11,9,0.2327692151457692,0.023550309240818024,"[73, 35, 19, 64, 46, 30, 85, 99, 55]"
1695,89,11,9,0.23904916479045318,0.024522658437490463,"[62, 84, 48, 72, 10, 97, 51, 81, 6]"
1696,89,11,9,0.22872767925210713,0.023294566199183464,"[92, 38, 57, 43, 39, 98, 58, 87, 19]"
1697,89,11,9,0.2414401695261606,0.024616902694106102,"[29, 65, 9, 55, 97, 93, 80, 48, 2]"
1698,89,11,9,0.2348124283960917,0.027034902945160866,"[28, 94, 71, 9, 96, 61, 17, 11, 14]"
1699,89,11,9,0.23210186098133112,0.024592552334070206,"[27, 30, 35, 58, 40, 73, 29, 66, 2]"
1700,89,11,9,0.23603726177372866,0.02676364779472351,"[2, 14, 18, 58, 86, 97, 89, 47, 96]"
1701,89,11,9,0.22815522422962303,0.02297361195087433,"[54, 76, 90, 47, 53, 73, 99, 71, 51]"
1702,89,11,9,0.23130680841600731,0.02320251800119877,"[72, 23, 83, 59, 79, 87, 62, 66, 81]"
1703,89,11,9,0.2357146998349991,0.022659694775938988,"[61, 40, 24, 71, 68, 46, 35, 92, 72]"
1704,89,11,9,0.23367738096146948,0.024030134081840515,"[18, 55, 83, 86, 47, 97, 92, 35, 52]"
1705,89,11,9,0.23389285126597517,0.02412019856274128,"[96, 72, 15, 47, 55, 42, 18, 65, 51]"
1706,89,11,9,0.23378047563601284,0.03199775889515877,"[93, 70, 14, 31, 48, 58, 57, 47, 87]"
1707,89,11,9,0.23733674818391187,0.02527814358472824,"[11, 38, 30, 6, 94, 40, 28, 83, 15]"
1708,89,11,9,0.23222039532847702,0.027788735926151276,"[37, 70, 71, 49, 46, 73, 48, 18, 83]"
1709,89,11,9,0.23197611838372217,0.032552819699048996,"[8, 71, 72, 58, 32, 18, 48, 13, 66]"
1710,89,11,9,0.22928545870818198,0.023909755051136017,"[93, 10, 71, 39, 38, 15, 96, 75, 8]"
1711,89,11,9,0.22976630413387383,0.022914797067642212,"[54, 88, 58, 66, 67, 90, 30, 37, 8]"
1712,89,11,9,0.23242887097617818,0.02262306958436966,"[52, 86, 94, 76, 39, 48, 35, 6, 43]"
1713,89,11,9,0.22651497274637222,0.02345106191933155,"[48, 83, 12, 6, 8, 49, 78, 10, 15]"
1714,89,11,9,0.2297130076499242,0.02801799401640892,"[54, 6, 87, 47, 30, 90, 1, 94, 40]"
1715,89,11,9,0.22344174634458291,0.025149475783109665,"[65, 39, 73, 60, 2, 78, 66, 87, 72]"
1716,89,11,9,0.22662758472530792,0.025812871754169464,"[54, 51, 31, 24, 20, 83, 61, 53, 13]"
1717,89,11,9,0.22789170210792992,0.02617689222097397,"[41, 77, 71, 11, 72, 47, 20, 65, 14]"
1718,89,11,9,0.22985384886980886,0.02512386627495289,"[72, 39, 15, 40, 66, 1, 87, 94, 86]"
1719,89,11,9,0.23252211741120038,0.023325560614466667,"[94, 93, 90, 87, 11, 42, 88, 23, 86]"
1720,89,11,9,0.21573435477653724,0.02310955338180065,"[81, 28, 1, 18, 93, 30, 22, 52, 31]"
1721,89,11,9,0.2209842170123011,0.02530517801642418,"[93, 54, 10, 72, 11, 14, 39, 78, 29]"
1722,89,11,9,0.2270587145286198,0.02286388725042343,"[68, 42, 2, 39, 11, 15, 23, 93, 71]"
1723,89,11,9,0.22177325472520248,0.023718977347016335,"[66, 54, 38, 14, 15, 35, 46, 92, 41]"
1724,89,11,9,0.22484318867144693,0.023777762427926064,"[61, 64, 39, 42, 24, 59, 53, 48, 65]"
1725,89,11,9,0.2197811327370194,0.025700049474835396,"[22, 80, 89, 81, 48, 24, 61, 38, 6]"
1726,89,11,9,0.2197134584110851,0.025530992075800896,"[9, 73, 41, 7, 23, 62, 72, 71, 63]"
1727,89,11,9,0.21832939233734375,0.026714568957686424,"[13, 48, 29, 68, 90, 11, 4, 51, 8]"
1728,89,11,9,0.21722228229821972,0.025458352640271187,"[65, 42, 41, 43, 71, 7, 44, 10, 91]"
1729,89,11,9,0.21620138028196784,0.02476390451192856,"[70, 30, 66, 18, 37, 94, 4, 38, 52]"
1730,89,11,9,0.215667896068448,0.022700902074575424,"[86, 38, 40, 23, 78, 94, 41, 47, 32]"
1731,89,11,9,0.21429009988722908,0.027348026633262634,"[15, 10, 24, 37, 41, 56, 68, 19, 59]"
1732,89,11,9,0.2162221450229279,0.02675248682498932,"[10, 2, 35, 6, 96, 4, 93, 67, 15]"
1733,89,11,9,0.2178433616542154,0.02273767814040184,"[94, 83, 22, 92, 10, 19, 57, 86, 42]"
1734,89,11,9,0.2245625229125532,0.025192372500896454,"[93, 87, 24, 96, 55, 10, 48, 42, 97]"
1735,89,11,9,0.21980362422246902,0.023456977680325508,"[10, 41, 54, 24, 97, 4, 86, 62, 40]"
1736,89,11,9,0.21292391904862598,0.02632088214159012,"[11, 42, 44, 18, 48, 13, 72, 92, 41]"
1737,89,11,9,0.21266789065363506,0.02311715856194496,"[97, 10, 81, 22, 93, 51, 32, 90, 39]"
1738,89,11,9,0.21828838209815632,0.024144247174263,"[14, 74, 46, 62, 47, 71, 7, 6, 30]"
1739,89,11,9,0.21602190763223916,0.029270458966493607,"[73, 59, 85, 39, 90, 65, 54, 75, 9]"
1740,89,11,9,0.21751006902324865,0.026784135028719902,"[30, 58, 28, 7, 39, 2, 92, 19, 65]"
1741,89,11,9,0.21387643928432631,0.029697444289922714,"[30, 38, 35, 10, 72, 9, 59, 46, 52]"
1742,89,11,9,0.2071226134831603,0.023915674537420273,"[93, 88, 73, 4, 9, 80, 96, 35, 38]"
1743,89,11,9,0.2100375032317566,0.024080900475382805,"[47, 44, 83, 38, 68, 42, 1, 40, 14]"
1744,89,11,9,0.2075796834820519,0.025194453075528145,"[71, 61, 78, 97, 74, 70, 75, 19, 18]"
1745,89,11,9,0.20623959256530117,0.02313254401087761,"[57, 35, 51, 8, 44, 61, 68, 55, 2]"
1746,89,11,9,0.2162687774262546,0.04415019601583481,"[14, 87, 39, 35, 76, 54, 61, 55, 71]"
1747,89,11,9,0.21568781145874205,0.023645026609301567,"[97, 11, 24, 55, 41, 8, 15, 37, 83]"
1748,89,11,9,0.20364527337434185,0.023868564516305923,"[85, 24, 35, 28, 63, 76, 6, 48, 68]"
1749,89,11,9,0.2117025152356493,0.02369491383433342,"[59, 14, 30, 71, 7, 37, 29, 65, 62]"
1750,89,11,9,0.20283138246256083,0.02323954924941063,"[43, 85, 80, 19, 72, 86, 78, 7, 6]"
1751,89,11,9,0.21522835805921608,0.026386849582195282,"[10, 68, 74, 66, 86, 9, 24, 73, 14]"
1752,89,11,9,0.20641254740961207,0.024443194270133972,"[6, 51, 47, 92, 39, 90, 97, 94, 89]"
1753,89,11,9,0.207441722489279,0.024190980941057205,"[61, 80, 9, 46, 73, 71, 68, 90, 29]"
1754,89,11,9,0.19668154626399176,0.024293366819620132,"[19, 67, 61, 58, 6, 74, 56, 8, 55]"
1755,89,11,9,0.20342730667463105,0.023871008306741714,"[66, 32, 55, 7, 54, 76, 4, 88, 71]"
1756,88,12,9,0.1964457989019138,0.03796287253499031,"[51, 45, 55, 54, 65, 97, 22, 35, 29]"
1757,88,12,9,0.2060325757230982,0.023775773122906685,"[31, 61, 83, 42, 66, 92, 74, 94, 81]"
1758,88,12,9,0.20267657620790408,0.024525858461856842,"[39, 62, 19, 90, 35, 53, 54, 28, 94]"
1759,88,12,9,0.19198149805901632,0.021943356841802597,"[65, 63, 62, 53, 44, 18, 58, 4, 93]"
1760,88,12,9,0.2026058446842543,0.027295522391796112,"[70, 31, 75, 73, 24, 99, 48, 41, 30]"
1761,88,12,9,0.20291080719459953,0.02501482516527176,"[68, 23, 9, 70, 66, 87, 65, 7, 74]"
1762,88,12,9,0.20411213861061878,0.02598564699292183,"[50, 71, 44, 31, 39, 87, 38, 88, 19]"
1763,88,12,9,0.20142057558761334,0.024574339389801025,"[7, 61, 48, 40, 18, 76, 97, 19, 41]"
1764,88,12,9,0.2004352145623311,0.022557154297828674,"[62, 55, 96, 88, 71, 80, 40, 97, 65]"
1765,88,12,9,0.20632792100030012,0.029681004583835602,"[9, 86, 62, 83, 67, 85, 48, 54, 2]"
1766,88,12,9,0.19608250759579976,0.024169981479644775,"[46, 68, 97, 98, 65, 38, 44, 90, 72]"
1767,88,12,9,0.19531000270763654,0.023363595828413963,"[71, 14, 68, 59, 79, 9, 96, 8, 48]"
1768,88,12,9,0.18974502051364417,0.024723827838897705,"[18, 61, 97, 22, 46, 72, 45, 1, 71]"
1769,88,12,9,0.20269895125469967,0.0230778306722641,"[14, 65, 24, 59, 58, 35, 68, 51, 1]"
1770,88,12,9,0.19856072409827075,0.022624455392360687,"[97, 4, 90, 92, 67, 9, 51, 15, 6]"
1771,88,12,9,0.20214676273395288,0.022390728816390038,"[37, 83, 19, 87, 54, 79, 24, 73, 94]"
1772,88,12,9,0.19217176985014597,0.024234412238001823,"[70, 42, 40, 47, 7, 30, 20, 29, 31]"
1773,88,12,9,0.18353944606198136,0.02317483350634575,"[65, 64, 38, 4, 68, 37, 27, 61, 88]"
1774,88,12,9,0.19056080519116933,0.023266451433300972,"[58, 76, 50, 37, 43, 24, 86, 44, 35]"
1775,88,12,9,0.18852910123212538,0.02554796077311039,"[12, 42, 52, 11, 18, 87, 53, 66, 20]"
1776,86,14,9,0.19609938811529795,0.02729973942041397,"[2, 94, 18, 81, 85, 65, 39, 44, 57]"
1777,86,14,9,0.19913126233545864,0.021929500624537468,"[10, 51, 24, 37, 94, 31, 35, 54, 75]"
1778,86,14,9,0.19428026263331954,0.022831358015537262,"[78, 47, 24, 8, 30, 87, 66, 49, 38]"
1779,86,14,9,0.19567316944991786,0.022068489342927933,"[97, 9, 44, 52, 71, 7, 79, 14, 1]"
1780,86,14,9,0.19754176826214936,0.024309448897838593,"[72, 31, 10, 85, 65, 48, 70, 32, 47]"
1781,86,14,9,0.20024501988838977,0.02323688194155693,"[58, 7, 39, 19, 24, 75, 43, 10, 97]"
1782,86,14,9,0.19248986119890926,0.03181730583310127,"[77, 20, 86, 32, 22, 14, 65, 87, 58]"
1783,86,14,9,0.1859615688194745,0.024434765800833702,"[53, 85, 65, 55, 1, 14, 61, 28, 98]"
1784,86,14,9,0.19100481851233375,0.021878939121961594,"[62, 61, 81, 46, 65, 2, 75, 8, 87]"
1785,86,14,9,0.19154148145940308,0.023456919938325882,"[54, 31, 14, 81, 38, 75, 94, 4, 11]"
1786,86,14,9,0.20189006709255827,0.04589061439037323,"[90, 24, 83, 15, 13, 65, 42, 30, 74]"
1787,86,14,9,0.1884725894483309,0.024386810138821602,"[31, 54, 15, 11, 59, 87, 76, 44, 29]"
1788,86,14,9,0.18795016406085155,0.0454813651740551,"[92, 90, 66, 65, 18, 11, 32, 23, 39]"
1789,86,14,9,0.19191430249180197,0.021444283425807953,"[73, 55, 48, 19, 43, 15, 10, 4, 20]"
1790,86,14,9,0.19121802766292664,0.023113511502742767,"[14, 10, 48, 72, 73, 13, 11, 1, 18]"
1791,86,14,9,0.17893459591181332,0.021942635998129845,"[65, 55, 2, 32, 13, 46, 31, 99, 96]"
1792,86,14,9,0.17732481632387054,0.02454085648059845,"[41, 72, 80, 12, 9, 83, 37, 85, 98]"
1793,86,14,9,0.1846865550151248,0.024739932268857956,"[6, 57, 49, 83, 61, 80, 39, 65, 58]"
1794,86,14,9,0.18763262520760599,0.022458389401435852,"[4, 9, 29, 6, 31, 13, 28, 15, 10]"
1795,86,14,9,0.19094489963018318,0.023097306489944458,"[24, 41, 88, 9, 87, 31, 11, 53, 32]"
1796,86,14,9,0.18337533388603988,0.02453976683318615,"[74, 67, 38, 9, 81, 71, 40, 31, 46]"
1797,86,14,9,0.18758289778301382,0.029459070414304733,"[67, 13, 66, 87, 65, 38, 32, 10, 97]"
1798,86,14,9,0.18458299910848555,0.02343231625854969,"[88, 8, 6, 48, 67, 81, 20, 65, 85]"
1799,86,14,9,0.17807396210617188,0.026348665356636047,"[97, 88, 53, 67, 51, 77, 14, 35, 70]"
1800,86,14,9,0.17746742618637104,0.022214295342564583,"[92, 22, 30, 19, 46, 10, 12, 31, 38]"
1801,86,14,9,0.1798346267353265,0.02252086065709591,"[13, 59, 94, 23, 54, 93, 86, 40, 10]"
1802,86,14,9,0.17821033133736786,0.021120013669133186,"[52, 78, 86, 4, 23, 48, 7, 31, 40]"
1803,86,14,9,0.1783298506471362,0.0245918370783329,"[89, 52, 15, 9, 68, 38, 71, 97, 53]"
1804,86,14,9,0.1793245099075703,0.022443441674113274,"[73, 76, 74, 39, 67, 9, 87, 85, 1]"
1805,86,14,9,0.18272039618794667,0.026320617645978928,"[83, 87, 89, 7, 58, 9, 81, 46, 85]"
1806,86,14,9,0.17778756322885472,0.023372340947389603,"[47, 85, 40, 66, 72, 46, 65, 62, 71]"
1807,86,14,9,0.1839018001104873,0.02194884791970253,"[61, 97, 86, 48, 73, 59, 92, 31, 65]"
1808,86,14,9,0.18363151719110304,0.02375653386116028,"[9, 51, 67, 65, 31, 39, 85, 15, 81]"
1809,86,14,9,0.17929283394004536,0.022709637880325317,"[47, 30, 70, 90, 71, 80, 6, 87, 46]"
1810,86,14,9,0.17504747748451543,0.023944122716784477,"[61, 23, 97, 65, 96, 8, 51, 79, 48]"
1811,86,14,9,0.17124677243713737,0.02348402701318264,"[25, 93, 52, 13, 15, 51, 58, 71, 88]"
1812,86,14,9,0.17388828716354718,0.023071151226758957,"[70, 67, 97, 93, 61, 42, 20, 23, 73]"
1813,85,15,9,0.17146996207981108,0.028545303270220757,"[45, 15, 58, 88, 89, 42, 38, 97, 7]"
1814,85,15,8,0.17629020312172058,0.024861566722393036,"[66, 24, 73, 83, 50, 89, 52, 94]"
1815,85,15,8,0.1740940233099867,0.021866271272301674,"[7, 83, 87, 64, 46, 31, 13, 97]"
1816,85,15,8,0.17677958989999704,0.025617633014917374,"[77, 30, 73, 35, 86, 58, 4, 81]"
1817,85,15,8,0.1816641998223283,0.02253534644842148,"[58, 81, 31, 65, 94, 80, 71, 23]"
1818,85,15,8,0.18857161898480412,0.0319335050880909,"[55, 71, 6, 24, 14, 65, 88, 31]"
1819,85,15,8,0.16812309946913223,0.022750306874513626,"[19, 37, 66, 90, 93, 65, 47, 89]"
1820,85,15,8,0.17924160079111334,0.022719748318195343,"[10, 44, 93, 24, 23, 97, 39, 38]"
1821,85,15,8,0.17010028670880606,0.029472947120666504,"[79, 54, 86, 29, 53, 83, 2, 94]"
1822,85,15,8,0.17522560872361306,0.028338469564914703,"[94, 76, 87, 51, 67, 65, 74, 15]"
1823,85,15,8,0.17420580859943113,0.023939546197652817,"[7, 65, 9, 39, 96, 35, 88, 97]"
1824,85,15,8,0.1641963441741302,0.023459261283278465,"[42, 22, 61, 70, 72, 96, 2, 88]"
1825,85,15,8,0.17178211545468877,0.023415593430399895,"[19, 24, 49, 55, 35, 46, 62, 41]"
1826,85,15,8,0.16848562237944198,0.021983593702316284,"[19, 31, 90, 32, 41, 71, 46, 92]"
1827,84,16,8,0.1695360788121493,0.02171056531369686,"[73, 46, 8, 44, 4, 14, 88, 39]"
1828,84,16,8,0.16637941190703331,0.023759406059980392,"[32, 80, 92, 31, 83, 97, 39, 11]"
1829,84,16,8,0.1675414717817483,0.023516638204455376,"[89, 66, 19, 22, 32, 9, 87, 48]"
1830,84,16,8,0.17541153609483062,0.02795933000743389,"[37, 10, 81, 87, 24, 47, 39, 90]"
1831,84,16,8,0.16780284282101907,0.030532903969287872,"[11, 30, 41, 48, 74, 92, 42, 28]"
1832,84,16,8,0.16696837352662297,0.02400628849864006,"[61, 41, 73, 39, 80, 81, 59, 48]"
1833,84,16,8,0.16277362556368308,0.022968348115682602,"[1, 10, 84, 58, 62, 85, 15, 66]"
1834,84,16,8,0.1592782234932345,0.021420832723379135,"[79, 15, 47, 55, 94, 27, 97, 38]"
1835,84,16,8,0.15857622408657335,0.023585718125104904,"[11, 43, 63, 48, 39, 72, 54, 15]"
1836,84,16,8,0.16503376951808796,0.02172272466123104,"[42, 23, 64, 43, 44, 48, 71, 81]"
1837,84,16,8,0.16274125084486227,0.02202323079109192,"[92, 14, 42, 19, 58, 7, 67, 93]"
1838,84,16,8,0.15889477173761024,0.021746283397078514,"[11, 63, 2, 44, 78, 83, 71, 23]"
1839,83,17,8,0.16189927153601802,0.0272716972976923,"[49, 76, 38, 62, 11, 88, 94, 90]"
1840,83,17,8,0.1644400432581703,0.021971147507429123,"[12, 66, 59, 67, 86, 41, 10, 61]"
1841,83,17,8,0.1738528808578849,0.02258356660604477,"[7, 73, 68, 31, 24, 58, 65, 86]"
1842,83,17,8,0.16046348673601946,0.02165144309401512,"[2, 97, 24, 99, 23, 71, 52, 32]"
1843,83,17,8,0.16439284166942042,0.023654870688915253,"[96, 97, 10, 29, 2, 87, 15, 35]"
1844,83,17,8,0.16474352927257618,0.02193177118897438,"[93, 24, 6, 40, 55, 62, 83, 58]"
1845,83,17,8,0.16294477326485018,0.022674160078167915,"[51, 94, 71, 97, 54, 2, 43, 68]"
1846,83,17,8,0.17112924666454393,0.022085415199398994,"[71, 2, 73, 14, 46, 86, 51, 83]"
1847,83,17,8,0.16026299454271792,0.026241565123200417,"[15, 92, 30, 86, 58, 70, 77, 48]"
1848,83,17,8,0.16742813021255037,0.025293685495853424,"[30, 10, 94, 46, 28, 90, 61, 65]"
1849,83,17,8,0.15974711997124058,0.022459428757429123,"[1, 65, 24, 88, 28, 93, 68, 39]"
1850,83,17,8,0.15602170874675114,0.021435461938381195,"[88, 37, 58, 10, 79, 6, 39, 35]"
1851,83,17,8,0.15868653334677219,0.022394325584173203,"[73, 4, 68, 1, 10, 94, 74, 48]"
1852,83,17,8,0.15292078704728435,0.021802743896842003,"[86, 29, 30, 46, 20, 66, 23, 37]"
1853,83,17,8,0.15147768968405823,0.026363875716924667,"[13, 32, 7, 48, 11, 80, 12, 72]"
1854,83,17,8,0.1520620247054224,0.02442486584186554,"[8, 87, 83, 31, 62, 90, 30, 45]"
1855,83,17,8,0.1602101217575061,0.022285139188170433,"[19, 44, 10, 8, 65, 83, 20, 61]"
1856,83,17,8,0.1567562910192646,0.021456457674503326,"[78, 23, 81, 71, 48, 10, 30, 37]"
1857,82,18,8,0.15615241512772626,0.027479056268930435,"[35, 55, 83, 52, 24, 18, 92, 41]"
1858,82,18,8,0.15258839683657563,0.02624366246163845,"[88, 78, 10, 65, 90, 67, 55, 89]"
1859,82,18,8,0.15741643236597647,0.023682009428739548,"[29, 71, 11, 70, 19, 51, 10, 85]"
1860,82,18,8,0.15473848596416614,0.024827323853969574,"[94, 10, 9, 49, 66, 55, 40, 39]"
1861,82,18,8,0.15500870564751126,0.0230372603982687,"[54, 97, 30, 14, 68, 35, 85, 87]"
1862,82,18,8,0.15419133635539864,0.03158463537693024,"[28, 74, 94, 70, 31, 61, 7, 24]"
1863,82,18,8,0.15259090766965133,0.02022010087966919,"[28, 88, 61, 37, 94, 13, 97, 6]"
1864,82,18,8,0.1586238561965827,0.02348676323890686,"[83, 87, 28, 55, 71, 74, 4, 24]"
1865,82,18,8,0.15365384105039206,0.021076228469610214,"[73, 19, 66, 86, 12, 87, 75, 44]"
1866,82,18,8,0.16113026732125796,0.022221054881811142,"[47, 9, 88, 2, 76, 65, 24, 94]"
1867,82,18,8,0.15255558945716835,0.02126762457191944,"[67, 76, 9, 51, 85, 83, 24, 40]"
1868,82,18,8,0.15048961537084668,0.02318628504872322,"[94, 84, 8, 71, 81, 43, 48, 14]"
1869,82,18,8,0.14937837569772996,0.021517246961593628,"[10, 94, 65, 96, 47, 13, 62, 41]"
1870,82,18,8,0.14513636559461923,0.026358408853411674,"[24, 81, 72, 99, 55, 30, 1, 90]"
1871,82,18,8,0.14204014028498047,0.021044500172138214,"[65, 1, 24, 2, 76, 89, 80, 66]"
1872,82,18,8,0.14584563368604192,0.027736008167266846,"[55, 39, 7, 41, 94, 80, 11, 49]"
1873,82,18,8,0.14899314519622037,0.02581217885017395,"[87, 86, 49, 15, 80, 14, 41, 35]"
1874,82,18,8,0.14349054083750407,0.03745980188250542,"[14, 94, 87, 85, 99, 24, 89, 67]"
1875,82,18,8,0.14069281532932576,0.02130218595266342,"[13, 29, 24, 92, 46, 73, 88, 59]"
1876,82,18,8,0.14566232375423047,0.022121217101812363,"[79, 73, 94, 31, 48, 49, 97, 83]"
1877,82,18,8,0.14007275450559384,0.021469198167324066,"[86, 96, 78, 10, 41, 70, 61, 51]"
1878,82,18,8,0.1442485031942409,0.02196849323809147,"[74, 24, 13, 41, 94, 43, 66, 30]"
1879,82,18,8,0.14943102781339926,0.021726062521338463,"[46, 24, 11, 18, 19, 94, 41, 51]"
1880,82,18,8,0.13825427197907875,0.02108563855290413,"[31, 40, 75, 81, 76, 88, 2, 24]"
1881,82,18,8,0.146821822197101,0.02077389694750309,"[61, 12, 14, 20, 9, 73, 6, 15]"
1882,81,19,8,0.13503891938838736,0.02039266563951969,"[55, 1, 15, 67, 75, 71, 76, 92]"
1883,81,19,8,0.14200104118567214,0.022779060527682304,"[48, 18, 51, 37, 9, 39, 62, 81]"
1884,81,19,8,0.13558441796021103,0.01999179646372795,"[44, 55, 81, 87, 88, 78, 57, 23]"
1885,81,19,8,0.14591593515727516,0.020760660991072655,"[73, 61, 37, 19, 14, 71, 65, 8]"
1886,81,19,8,0.13862976381971426,0.0220820102840662,"[9, 74, 99, 42, 86, 87, 71, 12]"
1887,80,20,8,0.1383588294377423,0.025140544399619102,"[23, 83, 39, 52, 6, 20, 35, 18]"
1888,80,20,8,0.14567681062099938,0.027919987216591835,"[87, 72, 58, 14, 81, 94, 39, 59]"
1889,80,20,8,0.14109411428216845,0.020019590854644775,"[92, 71, 47, 42, 68, 24, 29, 88]"
1890,80,20,8,0.13792943822045345,0.022373845800757408,"[81, 61, 38, 54, 86, 83, 64, 65]"
1891,80,20,8,0.13625972869663705,0.02423091232776642,"[67, 9, 94, 24, 44, 57, 7, 77]"
1892,80,20,8,0.13390670743279365,0.019477209076285362,"[30, 24, 47, 92, 20, 32, 83, 78]"
1893,79,21,8,0.13838044020606804,0.020833982154726982,"[41, 10, 61, 72, 83, 8, 1, 19]"
1894,79,21,8,0.13205516991585914,0.021320438012480736,"[42, 64, 31, 58, 22, 19, 44, 52]"
1895,79,21,8,0.13875300804494134,0.02121649868786335,"[42, 29, 9, 85, 14, 23, 93, 88]"
1896,79,21,8,0.13601209600718403,0.02213628962635994,"[47, 39, 46, 28, 71, 83, 4, 59]"
1897,79,21,8,0.13892967919786264,0.020678725093603134,"[66, 42, 54, 35, 65, 73, 62, 30]"
1898,79,21,8,0.13518469420615847,0.02211632952094078,"[72, 47, 13, 54, 48, 85, 83, 38]"
1899,79,21,8,0.13742138298300527,0.020740767940878868,"[68, 24, 94, 9, 32, 58, 72, 74]"
1900,78,22,8,0.13338896956763716,0.023416250944137573,"[10, 1, 48, 24, 68, 77, 44, 72]"
1901,78,22,8,0.13628018452519816,0.020460456609725952,"[41, 43, 94, 11, 90, 59, 61, 31]"
1902,78,22,8,0.13807694119667369,0.02016216143965721,"[58, 87, 46, 65, 14, 88, 30, 80]"
1903,78,22,8,0.13964115960490225,0.021781031042337418,"[24, 31, 62, 18, 23, 83, 55, 15]"
1904,78,22,8,0.13295714018500543,0.020770996809005737,"[52, 23, 18, 19, 90, 61, 97, 47]"
1905,78,22,8,0.12922557534849538,0.02143111079931259,"[9, 93, 42, 11, 61, 49, 19, 80]"
1906,77,23,8,0.13037239459309993,0.020230554044246674,"[29, 88, 39, 97, 11, 65, 80, 59]"
1907,77,23,8,0.14311989398835145,0.027979319915175438,"[10, 61, 83, 97, 20, 9, 15, 24]"
1908,77,23,8,0.12897529224932625,0.020281465724110603,"[20, 90, 52, 7, 53, 51, 15, 87]"
1909,77,23,8,0.13306532528224416,0.022842887789011,"[15, 58, 12, 19, 47, 6, 48, 22]"
1910,77,23,8,0.1325872029731239,0.02254965528845787,"[14, 28, 65, 37, 86, 1, 87, 7]"
1911,77,23,8,0.13172521556903055,0.02052351087331772,"[87, 6, 47, 65, 73, 70, 46, 42]"
1912,77,23,8,0.13264875333972168,0.022280411794781685,"[94, 18, 24, 46, 73, 31, 55, 54]"
1913,77,23,8,0.12963443097617963,0.022114235907793045,"[35, 51, 66, 94, 9, 2, 55, 22]"
1914,77,23,8,0.13368659567060895,0.022591061890125275,"[51, 58, 90, 49, 24, 7, 9, 83]"
1915,77,23,8,0.13755617410862359,0.02075611799955368,"[90, 24, 88, 2, 73, 66, 30, 15]"
1916,77,23,8,0.12996451181454072,0.022270560264587402,"[15, 94, 37, 86, 38, 44, 31, 7]"
1917,77,23,8,0.1313440448510042,0.02343226596713066,"[77, 11, 28, 9, 14, 94, 23, 24]"
1918,77,23,8,0.12499856033726879,0.020708540454506874,"[57, 66, 18, 94, 72, 58, 23, 24]"
1919,77,23,8,0.12449766644884064,0.019820498302578926,"[28, 9, 48, 30, 14, 80, 67, 40]"
1920,77,23,8,0.12400341624785485,0.02300788089632988,"[39, 83, 7, 58, 65, 64, 6, 23]"
1921,77,23,8,0.12465504142523244,0.020162047818303108,"[75, 30, 51, 55, 2, 73, 7, 88]"
1922,77,23,8,0.12698597179563798,0.01898053102195263,"[44, 23, 15, 7, 24, 97, 68, 61]"
1923,77,23,8,0.12684827998442494,0.03106897883117199,"[97, 72, 30, 29, 39, 62, 18, 86]"
1924,77,23,8,0.12268886075395605,0.01979878358542919,"[86, 58, 62, 35, 31, 43, 67, 41]"
1925,77,23,8,0.1268371005029674,0.01993059739470482,"[65, 15, 94, 35, 67, 12, 24, 13]"
1926,77,23,8,0.11708703920569108,0.026635952293872833,"[80, 49, 71, 76, 90, 74, 97, 83]"
1927,77,23,8,0.12082428277969576,0.020982924848794937,"[51, 28, 68, 97, 10, 38, 61, 65]"
1928,77,23,8,0.12883099445236335,0.02105259709060192,"[94, 11, 87, 2, 39, 47, 41, 42]"
1929,77,23,8,0.12112840179326959,0.025686834007501602,"[87, 44, 14, 74, 10, 59, 24, 70]"
1930,77,23,8,0.1166401438590517,0.01955566741526127,"[12, 48, 11, 97, 65, 66, 96, 70]"
1931,77,23,8,0.12066806003154404,0.01934542879462242,"[51, 41, 87, 15, 31, 43, 67, 42]"
1932,77,23,8,0.12270606331446249,0.019990624859929085,"[24, 41, 86, 44, 55, 90, 53, 51]"
1933,77,23,8,0.11512755363356268,0.022649500519037247,"[10, 28, 6, 92, 65, 94, 54, 66]"
1934,77,23,8,0.11537671025059577,0.019802339375019073,"[67, 19, 30, 12, 83, 40, 15, 28]"
1935,77,23,8,0.11369332003717622,0.0206722691655159,"[96, 58, 20, 47, 42, 38, 71, 76]"
1936,77,23,8,0.11521971408628684,0.02071456052362919,"[58, 10, 47, 72, 71, 41, 81, 64]"
1937,77,23,8,0.1211320149064388,0.020032120868563652,"[18, 35, 32, 6, 94, 48, 61, 19]"
1938,77,23,8,0.12239548578129514,0.019385401159524918,"[35, 24, 72, 32, 42, 86, 47, 9]"
1939,77,23,8,0.11818935867210013,0.02479391172528267,"[31, 85, 71, 38, 55, 19, 72, 65]"
1940,77,23,8,0.11748224930108889,0.019763687625527382,"[94, 38, 87, 4, 24, 62, 93, 97]"
1941,77,23,8,0.11661932363336824,0.019790682941675186,"[19, 93, 24, 58, 79, 61, 83, 14]"
1942,77,23,8,0.11248779946101317,0.018847838044166565,"[93, 83, 48, 46, 14, 35, 12, 51]"
1943,77,23,8,0.11150498242805834,0.019510705024003983,"[19, 93, 43, 15, 51, 78, 11, 48]"
1944,77,23,8,0.11801005459889985,0.020740818232297897,"[90, 65, 39, 87, 20, 58, 9, 44]"
1945,77,23,8,0.11221617917476248,0.023041123524308205,"[77, 46, 24, 41, 10, 9, 59, 83]"
1946,77,23,8,0.11584241284678379,0.02267935872077942,"[79, 86, 83, 35, 54, 10, 71, 87]"
1947,77,23,8,0.1068303979953508,0.023486735299229622,"[68, 71, 96, 78, 94, 72, 85, 90]"
1948,77,23,8,0.10896522352687907,0.026020143181085587,"[8, 28, 72, 23, 15, 13, 65, 14]"
1949,77,23,8,0.11068853956606725,0.020670926198363304,"[14, 8, 83, 85, 48, 6, 68, 54]"
1950,77,23,8,0.1104946803180096,0.02085053361952305,"[28, 41, 10, 81, 15, 83, 6, 4]"
1951,77,23,8,0.10683479642266057,0.01969233527779579,"[53, 73, 48, 58, 23, 29, 83, 28]"
1952,77,23,8,0.10680733382215966,0.019176950678229332,"[62, 11, 94, 58, 43, 1, 73, 66]"
1953,77,23,8,0.10485609066065238,0.019677815958857536,"[23, 85, 93, 90, 9, 44, 15, 43]"
1954,77,23,8,0.11139130526883663,0.021284405142068863,"[24, 78, 94, 92, 71, 29, 86, 42]"
1955,77,23,8,0.10776370605858772,0.019047483801841736,"[51, 9, 90, 31, 94, 81, 35, 44]"
1956,77,23,8,0.10679750934081234,0.020519370213150978,"[44, 41, 78, 31, 86, 72, 19, 42]"
1957,77,23,8,0.10366450883853047,0.020028630271553993,"[68, 44, 42, 11, 52, 46, 19, 97]"
1958,77,23,8,0.10812199962379385,0.0220022089779377,"[1, 39, 71, 86, 57, 30, 55, 15]"
1959,77,23,8,0.10396640226109952,0.019581478089094162,"[94, 41, 87, 9, 35, 76, 23, 59]"
1960,77,23,8,0.10998012867175799,0.021672416478395462,"[72, 88, 76, 2, 94, 65, 24, 42]"
1961,77,23,8,0.108191954019223,0.020053930580615997,"[76, 29, 73, 32, 15, 86, 61, 48]"
1962,77,23,8,0.10301363129047272,0.021226875483989716,"[86, 59, 9, 94, 39, 68, 88, 37]"
1963,77,23,8,0.10126749504749002,0.020584918558597565,"[29, 71, 53, 85, 94, 2, 4, 88]"
1964,77,23,8,0.10139873956897012,0.02211666852235794,"[83, 51, 2, 92, 87, 42, 65, 35]"
1965,77,23,8,0.09661996666261036,0.02174985036253929,"[30, 62, 28, 10, 31, 89, 51, 6]"
1966,77,23,8,0.09767767876568859,0.019979380071163177,"[14, 92, 41, 53, 24, 8, 31, 87]"
1967,77,23,8,0.09724261458504244,0.020007187500596046,"[35, 90, 28, 43, 2, 39, 13, 11]"
1968,77,23,8,0.10335785607753348,0.021606676280498505,"[1, 71, 73, 15, 94, 9, 54, 67]"
1969,77,23,8,0.09770648137403085,0.019750887528061867,"[72, 58, 71, 20, 23, 81, 97, 38]"
1970,77,23,8,0.10156680840283525,0.020878756418824196,"[15, 32, 86, 71, 44, 89, 48, 12]"
1971,77,23,8,0.09851686378090602,0.02075367420911789,"[65, 94, 7, 68, 74, 6, 71, 55]"
1972,77,23,8,0.10054209598583047,0.019016601145267487,"[87, 39, 13, 12, 71, 97, 30, 59]"
1973,77,23,8,0.09913437047878793,0.020970435813069344,"[83, 42, 74, 94, 73, 11, 81, 85]"
1974,77,23,8,0.09830317410903619,0.020186448469758034,"[66, 24, 59, 94, 44, 19, 43, 30]"
1975,77,23,8,0.09680715166420364,0.02022201009094715,"[2, 46, 72, 97, 42, 86, 47, 51]"
1976,76,24,8,0.09551392882080426,0.01992175355553627,"[22, 11, 59, 19, 71, 8, 67, 48]"
1977,76,24,8,0.09628489411175799,0.020407846197485924,"[62, 44, 10, 90, 39, 71, 7, 74]"
1978,76,24,8,0.09241728325415513,0.01870904490351677,"[31, 87, 51, 88, 4, 10, 18, 80]"
1979,76,24,8,0.09689397044541478,0.02060694433748722,"[37, 81, 48, 10, 14, 28, 6, 9]"
1980,76,24,8,0.09573666735292029,0.018146077170968056,"[58, 39, 13, 47, 48, 15, 11, 80]"
1981,76,24,8,0.09115728216334794,0.020875290036201477,"[92, 22, 4, 94, 71, 24, 46, 88]"
1982,76,24,8,0.09564428919796175,0.021528402343392372,"[94, 65, 66, 97, 11, 9, 68, 13]"
1983,76,24,8,0.0910485825391815,0.01980227790772915,"[88, 97, 72, 90, 37, 68, 6, 48]"
1984,75,25,8,0.09568413280323833,0.021917637437582016,"[40, 14, 83, 10, 90, 35, 86, 81]"
1985,75,25,8,0.09219347474290364,0.01879374496638775,"[51, 66, 88, 43, 48, 29, 31, 24]"
1986,75,25,8,0.08727202839704593,0.03888328745961189,"[28, 66, 97, 23, 62, 55, 2, 7]"
1987,75,25,8,0.0975331790074567,0.01964757964015007,"[39, 88, 83, 51, 24, 48, 94, 28]"
1988,75,25,8,0.09723179286637747,0.01951414905488491,"[31, 14, 8, 90, 65, 10, 58, 48]"
1989,75,25,8,0.091121776995541,0.023087771609425545,"[41, 72, 71, 87, 94, 11, 23, 22]"
1990,75,25,8,0.08988187009635479,0.021086055785417557,"[46, 48, 73, 93, 39, 29, 7, 30]"
1991,75,25,8,0.08839345277189764,0.019820967689156532,"[66, 65, 23, 68, 20, 14, 73, 71]"
1992,75,25,8,0.08884820513733065,0.01936114951968193,"[97, 28, 13, 42, 23, 19, 58, 14]"
1993,75,25,8,0.08449805716101302,0.018822723999619484,"[35, 51, 48, 9, 46, 39, 58, 96]"
1994,75,25,8,0.08651128051882442,0.019218923524022102,"[29, 20, 48, 1, 90, 81, 15, 65]"
1995,75,25,8,0.09287249458017202,0.021188924089074135,"[86, 65, 94, 75, 97, 48, 70, 55]"
1996,74,26,8,0.08342522465356333,0.019792553037405014,"[24, 93, 51, 6, 14, 13, 58, 43]"
1997,74,26,7,0.08761093914975474,0.01992226578295231,"[75, 15, 48, 13, 10, 59, 73]"
1998,74,26,7,0.08290191668210857,0.01923658512532711,"[10, 73, 97, 35, 38, 8, 68]"
1999,74,26,7,0.08880650572307996,0.02013368159532547,"[47, 2, 87, 10, 73, 39, 31]"
2000,74,26,7,0.08421517751300767,0.02162427455186844,"[30, 85, 12, 71, 54, 58, 2]"
2001,74,26,7,0.08355039870167878,0.0193120576441288,"[87, 28, 22, 9, 14, 73, 32]"
2002,74,26,7,0.0826990783834127,0.01902034506201744,"[8, 11, 97, 93, 86, 39, 59]"
2003,74,26,7,0.08655626729015571,0.019944187253713608,"[18, 11, 87, 73, 30, 14, 74]"
2004,74,26,7,0.08494485558014608,0.020067019388079643,"[70, 20, 24, 15, 11, 88, 65]"
2005,74,26,7,0.08276522427257191,0.01999235711991787,"[67, 86, 83, 94, 42, 74, 93]"
2006,74,26,7,0.0787478937662697,0.02023218385875225,"[30, 93, 54, 9, 55, 68, 42]"
2007,74,26,7,0.07918140110470402,0.020090531557798386,"[31, 51, 19, 48, 14, 78, 8]"
2008,74,26,7,0.08476258905580653,0.024293096736073494,"[51, 7, 10, 42, 15, 41, 83]"
2009,74,26,7,0.08082284878587911,0.019436674192547798,"[47, 11, 29, 14, 48, 1, 58]"
2010,74,26,7,0.08335700836121988,0.01948968507349491,"[88, 48, 86, 32, 93, 52, 71]"
2011,74,26,7,0.07907130186513528,0.018143121153116226,"[51, 88, 86, 94, 55, 6, 12]"
2012,74,26,7,0.08157604680853839,0.018650909885764122,"[73, 52, 46, 30, 86, 11, 65]"
2013,73,27,7,0.08469467070098889,0.019977040588855743,"[10, 30, 48, 15, 23, 4, 14]"
2014,73,27,7,0.08445929233650012,0.019987700507044792,"[48, 11, 14, 29, 19, 94, 2]"
2015,73,27,7,0.07880098656630265,0.02164941094815731,"[2, 41, 10, 39, 86, 46, 67]"
2016,73,27,7,0.07971940813782662,0.018806809559464455,"[47, 30, 20, 93, 24, 15, 48]"
2017,73,27,7,0.08238740756304419,0.019621415063738823,"[9, 24, 10, 75, 71, 43, 90]"
2018,73,27,7,0.07581111065059642,0.019344596192240715,"[18, 44, 94, 97, 39, 12, 41]"
2019,73,27,7,0.07785050582240972,0.01968461461365223,"[94, 87, 65, 14, 76, 59, 90]"
2020,72,28,7,0.07922228612106502,0.02098437212407589,"[67, 72, 30, 83, 18, 19, 24]"
2021,72,28,7,0.0751509644730774,0.024544326588511467,"[90, 61, 89, 66, 87, 9, 11]"
2022,72,28,7,0.0753024882754659,0.018141407519578934,"[19, 11, 23, 31, 38, 24, 39]"
2023,72,28,7,0.0775603053134426,0.019275259226560593,"[85, 11, 48, 44, 65, 18, 90]"
2024,72,28,7,0.07262561626215516,0.02348175458610058,"[32, 62, 38, 10, 86, 22, 61]"
2025,72,28,7,0.071894794326163,0.021129533648490906,"[12, 86, 10, 8, 23, 94, 90]"
2026,72,28,7,0.07513182845995199,0.022294437512755394,"[14, 94, 86, 40, 44, 61, 15]"
2027,72,28,7,0.0749473951557385,0.01961609721183777,"[4, 86, 10, 52, 58, 87, 55]"
2028,72,28,7,0.06988657794964429,0.01848013326525688,"[9, 71, 20, 94, 70, 7, 4]"
2029,72,28,7,0.07617633337216391,0.019262094050645828,"[86, 42, 15, 44, 88, 9, 11]"
2030,72,28,7,0.07025348133903897,0.018101096153259277,"[24, 13, 55, 2, 87, 1, 32]"
2031,72,28,7,0.0723002523733917,0.02068219520151615,"[83, 14, 72, 48, 18, 10, 37]"
2032,71,29,7,0.06904446647411652,0.01868295669555664,"[10, 37, 86, 66, 24, 4, 32]"
2033,71,29,7,0.07267578379521313,0.019181489944458008,"[42, 76, 7, 83, 54, 19, 24]"
2034,71,29,7,0.07310602061053423,0.02661481685936451,"[90, 2, 11, 20, 42, 24, 86]"
2035,71,29,7,0.06535445936866122,0.018116461113095284,"[47, 15, 43, 10, 94, 41, 20]"
2036,71,29,7,0.06965039054128802,0.01750505156815052,"[87, 55, 88, 42, 81, 4, 65]"
2037,71,29,7,0.06922285571402297,0.017668718472123146,"[94, 73, 32, 83, 6, 14, 13]"
2038,70,30,7,0.0626888314766997,0.018347755074501038,"[87, 19, 62, 28, 9, 72, 23]"
2039,70,30,7,0.06347236463001796,0.01877579465508461,"[48, 14, 75, 81, 53, 87, 29]"
2040,70,30,7,0.07084391673006826,0.020103594288229942,"[90, 23, 48, 97, 14, 18, 42]"
2041,70,30,7,0.06605131031819693,0.019127074629068375,"[52, 73, 55, 87, 41, 48, 67]"
2042,70,30,7,0.060897256800210076,0.018561813980340958,"[24, 7, 55, 31, 78, 81, 2]"
2043,70,30,7,0.062020860850766656,0.01998312771320343,"[29, 61, 4, 11, 76, 71, 66]"
2044,70,30,7,0.06660693232894002,0.021402645856142044,"[90, 35, 15, 30, 86, 58, 13]"
2045,70,30,7,0.06643594528958645,0.018907252699136734,"[46, 65, 9, 19, 10, 73, 87]"
2046,70,30,7,0.06800869789661929,0.017170393839478493,"[8, 58, 42, 39, 30, 73, 24]"
2047,70,30,7,0.06589859421642143,0.017794489860534668,"[83, 48, 6, 65, 31, 30, 13]"
2048,70,30,7,0.06063797188893197,0.019073350355029106,"[75, 55, 61, 83, 6, 9, 81]"
2049,70,30,7,0.05824104571504341,0.018010549247264862,"[42, 71, 62, 74, 35, 68, 87]"
2050,69,31,7,0.05877025062005804,0.0205523781478405,"[28, 9, 41, 47, 55, 85, 14]"
2051,69,31,7,0.06601330289249158,0.02232429012656212,"[24, 66, 10, 51, 14, 42, 65]"
2052,69,31,7,0.05809560709033153,0.017599279060959816,"[71, 83, 8, 38, 93, 42, 54]"
2053,69,31,7,0.06034108102031928,0.019655069336295128,"[48, 61, 39, 90, 85, 93, 19]"
2054,69,31,7,0.0591262403681385,0.01762591488659382,"[8, 94, 86, 47, 11, 97, 23]"
2055,69,31,7,0.058583131487843956,0.01897038333117962,"[93, 30, 88, 52, 15, 41, 71]"
2056,69,31,7,0.05661917417304813,0.017576133832335472,"[47, 83, 97, 59, 73, 6, 14]"
2057,69,31,7,0.055550360056053426,0.017981208860874176,"[32, 19, 11, 28, 65, 85, 15]"
2058,69,31,7,0.052863204959075316,0.02014343999326229,"[80, 32, 90, 7, 12, 24, 42]"
2059,68,32,7,0.05227745426404301,0.01793452352285385,"[44, 42, 29, 61, 85, 23, 19]"
2060,67,33,7,0.05234878105083475,0.01791706308722496,"[61, 97, 32, 23, 48, 51, 46]"
2061,66,34,7,0.06034123082901628,0.018257657065987587,"[88, 58, 47, 86, 39, 48, 41]"
2062,65,35,7,0.05808333486539016,0.017383771017193794,"[9, 24, 75, 94, 18, 87, 1]"
2063,65,35,6,0.06312027423815883,0.020417770370841026,"[87, 62, 10, 30, 61, 24]"
2064,64,36,6,0.056513300943691516,0.01631319895386696,"[32, 58, 71, 73, 18, 6]"
2065,63,37,6,0.060348214004550066,0.02118033356964588,"[62, 10, 18, 14, 30, 86]"
2066,63,37,6,0.05793409788850368,0.015760347247123718,"[86, 44, 32, 97, 48, 2]"
2067,63,37,6,0.05581192361760738,0.01735447160899639,"[75, 73, 7, 14, 6, 24]"
2068,62,38,6,0.055394454635301876,0.019308418035507202,"[58, 19, 41, 46, 24, 10]"
2069,62,38,6,0.05870607048754685,0.016603568568825722,"[15, 48, 4, 14, 11, 97]"
2070,61,39,6,0.05550384053345797,0.018543468788266182,"[58, 7, 42, 65, 72, 87]"
2071,61,39,6,0.05803644698480087,0.015701279044151306,"[88, 15, 67, 42, 87, 48]"
2072,61,39,6,0.0563172197209276,0.018549293279647827,"[65, 66, 90, 94, 13, 86]"
2073,61,39,6,0.05798643397054438,0.016496039927005768,"[71, 86, 65, 47, 58, 39]"
2074,61,39,6,0.056039122908347935,0.017768150195479393,"[29, 71, 10, 62, 86, 65]"
2075,61,39,6,0.05280801089177134,0.015584016218781471,"[14, 35, 9, 13, 48, 41]"
2076,61,39,6,0.05781158673785147,0.017344612628221512,"[24, 6, 9, 71, 31, 15]"
2077,61,39,6,0.05377753004943246,0.015688346698880196,"[48, 66, 43, 10, 39, 24]"
2078,60,40,6,0.05142628981627764,0.015542298555374146,"[18, 86, 73, 80, 71, 10]"
2079,60,40,6,0.05243888548014823,0.017627950757741928,"[97, 10, 20, 94, 62, 24]"
2080,60,40,6,0.048809152745417556,0.015610553324222565,"[1, 65, 97, 55, 14, 38]"
2081,58,42,6,0.04939453333941789,0.01834968477487564,"[65, 90, 72, 14, 44, 94]"
2082,58,42,6,0.050724996597870275,0.015118308365345001,"[73, 71, 88, 81, 7, 61]"
2083,58,42,6,0.05190720979440719,0.015718655660748482,"[24, 66, 31, 94, 86, 72]"
2084,58,42,6,0.05822483328759121,0.014949596486985683,"[24, 7, 48, 71, 87, 42]"
2085,58,42,6,0.05417522394250577,0.015340161509811878,"[30, 97, 83, 24, 4, 94]"
2086,58,42,6,0.0524635092429563,0.016477718949317932,"[39, 86, 14, 58, 97, 15]"
2087,56,44,6,0.047256404109924544,0.01514038722962141,"[55, 1, 94, 86, 15, 58]"
2088,56,44,6,0.04932854289965083,0.015564020723104477,"[55, 24, 15, 32, 11, 65]"
2089,56,44,6,0.04735712894704193,0.013494476675987244,"[47, 48, 90, 8, 86, 88]"
2090,56,44,6,0.050972618792826926,0.017158064991235733,"[86, 71, 9, 24, 85, 28]"
2091,56,44,6,0.04526662100804969,0.014995409175753593,"[10, 46, 71, 24, 75, 18]"
2092,56,44,6,0.04792166024601708,0.013948781415820122,"[18, 23, 88, 24, 71, 39]"
2093,56,44,6,0.043121198960579935,0.017427880316972733,"[30, 66, 18, 94, 14, 28]"
2094,56,44,6,0.04871578898086834,0.014429253526031971,"[18, 61, 71, 24, 73, 97]"
2095,56,44,6,0.049888685919480244,0.013923915103077888,"[24, 88, 61, 86, 65, 42]"
2096,55,45,6,0.04395647553533005,0.01777530647814274,"[7, 14, 18, 24, 11, 90]"
2097,55,45,6,0.04375444608898897,0.01334370020776987,"[14, 58, 76, 19, 83, 94]"
2098,55,45,6,0.04261575609748093,0.013821141794323921,"[97, 83, 1, 2, 87, 10]"
2099,55,45,6,0.03963435512847033,0.014525738544762135,"[42, 11, 32, 35, 87, 72]"
2100,55,45,6,0.04026969077820307,0.013160621747374535,"[86, 24, 20, 73, 90, 31]"
2101,54,46,6,0.04198007854307546,0.015090201050043106,"[62, 97, 90, 86, 23, 71]"
2102,54,46,5,0.04240038659297671,0.013552529737353325,"[31, 86, 87, 81, 30]"
2103,53,47,5,0.04608037104409625,0.014767804183065891,"[83, 10, 94, 71, 58]"
2104,52,48,5,0.038886362904061875,0.025270989164710045,"[62, 61, 90, 39, 41]"
2105,52,48,5,0.03909336407024889,0.014901691116392612,"[19, 58, 86, 54, 39]"
2106,52,48,5,0.04151064123267288,0.013501998037099838,"[39, 48, 14, 10, 51]"
2107,51,49,5,0.04401320968847475,0.017481157556176186,"[14, 61, 10, 24, 15]"
2108,51,49,5,0.03984701733570546,0.013954992406070232,"[39, 42, 73, 65, 61]"
2109,51,49,5,0.04171634348180226,0.014231951907277107,"[55, 65, 94, 97, 42]"
2110,51,49,5,0.0432896871661322,0.014251723885536194,"[90, 71, 48, 55, 14]"
2111,51,49,5,0.0405993353598245,0.013039426878094673,"[97, 83, 88, 48, 7]"
2112,51,49,5,0.03862271451849349,0.01350625790655613,"[42, 8, 41, 15, 24]"
2113,50,50,5,0.037949967007064156,0.012960830703377724,"[73, 87, 9, 88, 65]"
2114,49,51,5,0.040490243539291745,0.014752130955457687,"[65, 83, 54, 71, 94]"
2115,49,51,5,0.03416236614893106,0.013034308329224586,"[86, 18, 9, 10, 52]"
2116,49,51,5,0.039088453087341886,0.013976681046187878,"[14, 42, 86, 85, 83]"
2117,49,51,5,0.03705794702770866,0.01297418586909771,"[11, 76, 9, 48, 86]"
2118,49,51,5,0.036273272190010176,0.013856904581189156,"[24, 54, 94, 42, 41]"
2119,49,51,5,0.03696070669605185,0.012897386215627193,"[87, 94, 66, 6, 71]"
2120,48,52,5,0.034982071766452544,0.012997466139495373,"[90, 7, 86, 73, 48]"
2121,48,52,5,0.03492317085173306,0.013411974534392357,"[90, 41, 30, 61, 87]"
2122,46,54,5,0.035754583454365996,0.012909396551549435,"[86, 42, 15, 14, 11]"
2123,46,54,5,0.035638836350450974,0.011798184365034103,"[9, 11, 41, 83, 24]"
2124,46,54,5,0.032490986358465215,0.01187206618487835,"[76, 94, 61, 85, 71]"
2125,46,54,5,0.03170814030440297,0.011490670964121819,"[71, 23, 15, 73, 19]"
2126,46,54,5,0.035263463126200184,0.011944351717829704,"[66, 24, 48, 2, 86]"
2127,46,54,5,0.033264920242675924,0.012590540573000908,"[55, 85, 71, 94, 86]"
2128,46,54,5,0.031444607241783384,0.014522053301334381,"[18, 87, 85, 24, 15]"
2129,45,55,5,0.030674342927097045,0.0108081866055727,"[51, 94, 19, 39, 48]"
2130,44,56,4,0.03425118548383158,0.011668389663100243,"[14, 71, 73, 30]"
2131,44,56,4,0.03848074697307311,0.011968420818448067,"[71, 48, 15, 24]"
2132,44,56,4,0.03233724381716456,0.011306008324027061,"[15, 6, 97, 71]"
2133,44,56,4,0.032135975855635476,0.012367183342576027,"[14, 65, 15, 87]"
2134,44,56,4,0.029416200655396095,0.011931166984140873,"[6, 71, 2, 94]"
2135,44,56,4,0.026936313802434598,0.010854681953787804,"[88, 97, 81, 86]"
2136,44,56,4,0.029839134952635505,0.011306189931929111,"[71, 88, 65, 9]"
2137,43,57,4,0.025374862880562433,0.012441810220479965,"[61, 55, 90, 87]"
2138,42,58,4,0.02657946048361154,0.012857241556048393,"[30, 11, 32, 83]"
2139,42,58,4,0.029237833868185254,0.010710306465625763,"[14, 48, 88, 97]"
2140,42,58,4,0.02720412796387743,0.011180100962519646,"[2, 48, 65, 38]"
2141,42,58,4,0.02688648552544979,0.010607857257127762,"[48, 6, 61, 15]"
2142,41,59,4,0.028391372894954033,0.012124475091695786,"[87, 19, 48, 15]"
2143,40,60,4,0.023760595685932973,0.01059818733483553,"[35, 94, 19, 41]"
2144,39,61,4,0.02597303649478514,0.011005823500454426,"[88, 14, 15, 71]"
2145,39,61,4,0.026286907027575322,0.009996101260185242,"[71, 97, 42, 39]"
2146,38,62,4,0.024868000945675053,0.009938465431332588,"[61, 15, 86, 83]"
2147,38,62,4,0.024699381574892494,0.009971745312213898,"[41, 83, 94, 86]"
2148,38,62,4,0.0229707910124596,0.01079645287245512,"[10, 35, 94, 15]"
2149,38,62,4,0.02562711225404842,0.00942889042198658,"[61, 87, 24, 30]"
2150,38,62,4,0.024597763148074804,0.01043631974607706,"[30, 39, 48, 2]"
2151,37,63,4,0.02345175035203711,0.009808512404561043,"[39, 85, 48, 71]"
2152,37,63,4,0.024570637326123135,0.009396901354193687,"[42, 94, 86, 24]"
2153,37,63,4,0.022310674973678862,0.010220522992312908,"[42, 30, 39, 65]"
2154,37,63,4,0.021744035325492874,0.009338721632957458,"[72, 71, 11, 24]"
2155,37,63,4,0.021400621333723946,0.00871211476624012,"[39, 19, 24, 42]"
2156,37,63,4,0.020917109640625618,0.009104090742766857,"[7, 48, 94, 30]"
2157,37,63,4,0.021322629686134555,0.009152477607131004,"[83, 42, 11, 10]"
2158,37,63,4,0.021793971296794938,0.009031053632497787,"[6, 30, 24, 48]"
2159,36,64,4,0.018465991228092178,0.009751874022185802,"[24, 72, 19, 10]"
2160,36,64,4,0.019554398757463787,0.009483084082603455,"[83, 15, 10, 14]"
2161,36,64,4,0.01772549011002411,0.009153853170573711,"[65, 83, 9, 73]"
2162,36,64,4,0.01780935621536628,0.009246091358363628,"[61, 48, 24, 2]"
2163,36,64,4,0.01860630082046555,0.008957388810813427,"[11, 48, 10, 15]"
2164,36,64,4,0.017053420826414367,0.00916975922882557,"[24, 86, 30, 7]"
2165,36,64,4,0.016614320549706463,0.008884137496352196,"[48, 2, 10, 83]"
2166,35,65,4,0.015475226932267105,0.009786750189960003,"[39, 10, 14, 24]"
2167,35,65,4,0.015550361120051915,0.01026394683867693,"[42, 30, 90, 97]"
2168,35,65,4,0.014792417894275258,0.008737761527299881,"[87, 42, 10, 90]"
2169,34,66,4,0.014462880406250817,0.009010732173919678,"[41, 71, 48, 38]"
2170,32,68,3,0.017170000448087558,0.008814634755253792,"[9, 14, 48]"
2171,31,69,3,0.015326953603452521,0.00813912134617567,"[86, 48, 35]"
2172,31,69,3,0.014946169254558515,0.007250169292092323,"[30, 15, 48]"
2173,31,69,3,0.014297068408701482,0.008040262386202812,"[10, 87, 71]"
2174,30,70,3,0.015308430955407123,0.007727410644292831,"[9, 86, 48]"
2175,28,72,3,0.0123075292838082,0.007665290962904692,"[87, 48, 2]"
2176,28,72,3,0.013305185977369547,0.006847479846328497,"[24, 65, 83]"
2177,28,72,3,0.013144366781537731,0.007811511401087046,"[10, 14, 48]"
2178,27,73,3,0.010545518750635287,0.007876768708229065,"[48, 90, 41]"
2179,26,74,3,0.011757565134757897,0.006330402567982674,"[19, 24, 42]"
2180,26,74,3,0.010866905258887487,0.006552454549819231,"[97, 48, 90]"
2181,26,74,3,0.010673276633378522,0.006117350421845913,"[48, 88, 65]"
2182,25,75,3,0.010656263718071084,0.006226181518286467,"[19, 48, 9]"
2183,25,75,2,0.01090483131069366,0.006135372444987297,"[24, 71]"
2184,25,75,2,0.009690478449160963,0.0063835326582193375,"[10, 48]"
2185,22,78,2,0.009207902833662482,0.006142737343907356,"[42, 86]"
2186,22,78,2,0.009062761358654825,0.005275309085845947,"[71, 42]"
2187,21,79,2,0.00872365806135349,0.005324829835444689,"[24, 97]"
2188,20,80,2,0.00907669657394045,0.005351128987967968,"[48, 87]"
2189,20,80,2,0.007793339266855683,0.004670710768550634,"[65, 48]"
2190,20,80,2,0.007476469078230568,0.004720564000308514,"[48, 71]"
2191,20,80,2,0.006966756035884222,0.00511675700545311,"[19, 97]"
2192,20,80,2,0.006331380880308441,0.004686773754656315,"[48, 9]"
2193,19,81,2,0.00576650273433188,0.004722305107861757,"[86, 30]"
2194,19,81,2,0.005203105916734785,0.005341272801160812,"[83, 42]"
2195,19,81,2,0.004647889513494995,0.00449325842782855,"[48, 71]"
2196,19,81,2,0.004368197662509321,0.004822715185582638,"[30, 11]"
2197,17,83,2,0.0038009912891806487,0.005346194840967655,"[19, 87]"
2198,16,84,2,0.003719784978117483,0.004397894721478224,"[48, 11]"
2199,16,84,2,0.0030968364610868904,0.003994957078248262,"[48, 97]"
2200,16,84,2,0.0021819821600469625,0.0037315895315259695,"[97, 15]"
2201,16,84,2,0.002124530358871977,0.0039382074028253555,"[94, 24]"
2202,13,87,2,0.0014246886094042566,0.0039472198113799095,"[14, 24]"
2203,10,90,1,0.0013953169224502442,0.0051431432366371155,[14]
1,100,0,10,1.1999999999999997,0.03001227043569088,"[79, 95, 87, 72, 49, 40, 26, 91, 50, 33]"
2,100,0,10,1.1995387110445235,0.03365641459822655,"[30, 39, 2, 94, 6, 90, 32, 88, 16, 23]"
3,100,0,10,1.198996161090003,0.029534921050071716,"[20, 57, 80, 5, 51, 41, 69, 93, 18, 8]"
4,100,0,10,1.1984841406345368,0.03849077597260475,"[89, 85, 15, 94, 65, 34, 21, 86, 61, 53]"
5,100,0,10,1.1978295856051975,0.02712821401655674,"[65, 85, 47, 39, 77, 82, 4, 28, 11, 59]"
6,100,0,10,1.1971690456072488,0.04020325839519501,"[14, 29, 6, 58, 92, 22, 30, 23, 70, 94]"
7,100,0,10,1.1965267969502342,0.027957919985055923,"[84, 62, 82, 10, 97, 81, 87, 3, 37, 45]"
8,100,0,10,1.1957889159520467,0.026888350024819374,"[10, 33, 96, 87, 24, 19, 13, 45, 90, 18]"
9,100,0,10,1.19545704987314,0.0315738171339035,"[98, 42, 31, 39, 37, 68, 46, 73, 30, 48]"
10,100,0,10,1.1948718614048428,0.026574602350592613,"[62, 47, 11, 41, 71, 55, 7, 82, 78, 1]"
11,100,0,10,1.1942423979441326,0.02932741306722164,"[12, 58, 38, 13, 85, 8, 75, 96, 66, 60]"
12,100,0,10,1.1935190637906392,0.028040442615747452,"[80, 76, 54, 61, 67, 66, 39, 53, 81, 57]"
13,100,0,10,1.193055523104138,0.026617109775543213,"[68, 83, 99, 8, 71, 42, 89, 4, 84, 0]"
14,100,0,10,1.1926967819531757,0.029324844479560852,"[42, 13, 90, 54, 48, 58, 50, 31, 52, 59]"
15,100,0,10,1.192015228006575,0.027677875012159348,"[15, 51, 11, 85, 96, 61, 14, 86, 92, 22]"
16,100,0,10,1.1914356456862554,0.028434790670871735,"[99, 72, 75, 69, 36, 78, 46, 25, 2, 51]"
17,100,0,10,1.1908509022659726,0.030421582981944084,"[66, 76, 29, 11, 15, 49, 92, 17, 56, 12]"
18,100,0,10,1.1903586910830604,0.027238203212618828,"[7, 70, 46, 32, 73, 93, 43, 92, 25, 42]"
19,100,0,10,1.1901258071263632,0.028689764440059662,"[20, 80, 9, 38, 15, 81, 47, 51, 44, 90]"
20,100,0,10,1.189308608902825,0.026849862188100815,"[38, 71, 92, 10, 45, 23, 4, 46, 64, 37]"
21,100,0,10,1.1885536200470395,0.02935039810836315,"[8, 65, 93, 80, 72, 71, 35, 38, 2, 83]"
22,100,0,10,1.1881521489885118,0.02890748716890812,"[64, 33, 38, 42, 94, 55, 53, 32, 52, 73]"
23,100,0,10,1.1874747322665322,0.026683030650019646,"[25, 20, 37, 22, 43, 10, 6, 86, 50, 48]"
24,100,0,10,1.187142142984602,0.02827964723110199,"[11, 3, 19, 55, 81, 36, 45, 88, 97, 12]"
25,100,0,10,1.186458033985562,0.03274453058838844,"[74, 88, 83, 29, 84, 0, 94, 23, 21, 42]"
26,100,0,10,1.1861411869525909,0.02982415072619915,"[75, 77, 8, 44, 74, 66, 51, 30, 48, 33]"
27,100,0,10,1.185447720024321,0.026374857872724533,"[84, 28, 3, 6, 62, 83, 59, 43, 4, 48]"
28,100,0,10,1.1853296134206985,0.02678639627993107,"[24, 39, 14, 7, 23, 25, 1, 10, 79, 48]"
29,100,0,10,1.1844311098257703,0.02945197932422161,"[40, 52, 90, 65, 9, 75, 54, 16, 93, 43]"
30,100,0,10,1.1834733035829332,0.03265921771526337,"[52, 45, 69, 24, 87, 13, 12, 49, 36, 79]"
31,100,0,10,1.182999869187673,0.032246217131614685,"[73, 1, 77, 64, 17, 66, 29, 89, 24, 86]"
32,100,0,10,1.1820786429776087,0.027996517717838287,"[4, 57, 64, 63, 28, 0, 58, 65, 90, 36]"
33,100,0,10,1.1820727083418103,0.035085976123809814,"[86, 20, 75, 28, 44, 52, 24, 76, 41, 67]"
34,100,0,10,1.1813425666756099,0.026377778500318527,"[32, 81, 46, 48, 38, 13, 2, 19, 95, 60]"
35,100,0,10,1.1805301712618934,0.032078348100185394,"[83, 29, 59, 73, 78, 8, 46, 17, 74, 54]"
36,100,0,10,1.1798577494091458,0.028158267959952354,"[15, 59, 10, 19, 87, 39, 63, 78, 32, 94]"
37,100,0,10,1.1794797327783373,0.026961669325828552,"[79, 28, 9, 6, 61, 80, 31, 21, 56, 47]"
38,100,0,10,1.178942894935608,0.02637670747935772,"[58, 23, 20, 48, 68, 3, 55, 15, 49, 40]"
39,100,0,10,1.1788054724534351,0.038752347230911255,"[52, 62, 61, 15, 45, 70, 92, 35, 71, 97]"
40,100,0,10,1.1776542888747321,0.031598158180713654,"[73, 65, 54, 24, 9, 67, 49, 28, 71, 0]"
41,100,0,10,1.1764688140816157,0.026958957314491272,"[1, 7, 15, 45, 85, 19, 55, 79, 59, 17]"
42,100,0,10,1.1760859999391768,0.0318245068192482,"[7, 50, 56, 41, 43, 11, 65, 97, 25, 83]"
43,100,0,10,1.175629703866111,0.030033010989427567,"[49, 67, 37, 19, 39, 72, 85, 30, 80, 46]"
44,100,0,10,1.1749117698934344,0.02613423578441143,"[46, 84, 60, 30, 98, 33, 58, 47, 22, 81]"
45,100,0,10,1.1743711557653216,0.025483720004558563,"[92, 44, 13, 82, 88, 78, 15, 30, 97, 51]"
46,100,0,10,1.1746121088663737,0.03364432603120804,"[73, 18, 86, 83, 13, 2, 67, 7, 61, 97]"
47,100,0,10,1.1738013221157921,0.0406159944832325,"[20, 94, 74, 90, 80, 55, 48, 41, 61, 2]"
48,100,0,10,1.1725008918179407,0.028268221765756607,"[62, 51, 73, 57, 3, 67, 59, 74, 76, 46]"
49,100,0,10,1.1723131451341842,0.036220237612724304,"[58, 5, 70, 64, 95, 14, 31, 62, 9, 92]"
50,100,0,10,1.172235502799352,0.028268687427043915,"[74, 72, 68, 78, 77, 97, 51, 47, 84, 70]"
51,100,0,10,1.170895003610187,0.030349329113960266,"[55, 10, 63, 24, 47, 21, 41, 36, 46, 18]"
52,100,0,10,1.1698144601451026,0.028746185824275017,"[48, 41, 91, 8, 76, 15, 87, 50, 2, 77]"
53,100,0,10,1.1709605581230589,0.028526969254016876,"[19, 35, 94, 81, 90, 72, 22, 76, 23, 55]"
54,100,0,10,1.1693593839804333,0.053194958716630936,"[18, 16, 86, 41, 83, 62, 10, 58, 76, 89]"
55,100,0,10,1.167926080359353,0.02625628374516964,"[23, 93, 42, 71, 16, 73, 83, 31, 60, 14]"
56,100,0,10,1.16801685028606,0.027382956817746162,"[45, 87, 33, 84, 9, 55, 61, 90, 71, 1]"
57,100,0,10,1.1671647621525658,0.028203347697854042,"[20, 64, 87, 62, 84, 86, 83, 14, 10, 43]"
58,100,0,10,1.1672067105770112,0.025794360786676407,"[39, 14, 71, 65, 23, 47, 53, 79, 99, 70]"
59,100,0,10,1.166012034813563,0.027540042996406555,"[40, 38, 19, 78, 46, 71, 34, 74, 59, 23]"
60,100,0,10,1.1657306724124483,0.02835356630384922,"[72, 47, 19, 67, 78, 89, 32, 23, 11, 35]"
61,100,0,10,1.1654072841008505,0.02768988534808159,"[46, 89, 95, 55, 31, 35, 62, 66, 65, 47]"
62,100,0,10,1.1642568873034582,0.028377683833241463,"[29, 40, 36, 78, 44, 28, 67, 18, 20, 31]"
63,100,0,10,1.1636555300818547,0.028610309585928917,"[88, 8, 90, 29, 93, 70, 64, 94, 44, 80]"
64,100,0,10,1.1637114213572608,0.025616178289055824,"[80, 36, 31, 96, 19, 35, 4, 9, 48, 7]"
65,100,0,10,1.1632877634631265,0.02558545209467411,"[42, 82, 66, 61, 53, 10, 11, 99, 46, 23]"
66,100,0,10,1.1629706137710147,0.02908642590045929,"[85, 14, 27, 76, 77, 40, 42, 41, 24, 78]"
67,100,0,10,1.1614487614896563,0.031229224056005478,"[72, 85, 37, 29, 40, 96, 18, 54, 61, 5]"
68,100,0,10,1.1615095436573029,0.03806149959564209,"[90, 58, 11, 98, 2, 44, 75, 29, 24, 72]"
69,100,0,10,1.1607503844632043,0.02817714586853981,"[8, 41, 68, 67, 9, 85, 4, 1, 88, 20]"
70,100,0,10,1.1594800366295708,0.02716783620417118,"[42, 11, 31, 22, 10, 90, 83, 3, 38, 56]"
71,100,0,10,1.1590081016222635,0.02844168245792389,"[85, 13, 61, 54, 69, 44, 59, 86, 95, 24]"
72,100,0,10,1.1592055281003315,0.026330919936299324,"[66, 6, 20, 84, 19, 53, 13, 97, 63, 7]"
73,100,0,10,1.1580265541871388,0.028879033401608467,"[94, 65, 53, 6, 58, 89, 4, 76, 10, 80]"
74,100,0,10,1.1583584957652622,0.027417829260230064,"[57, 94, 54, 90, 92, 71, 37, 73, 15, 14]"
75,100,0,10,1.1577573312653435,0.028592141345143318,"[24, 18, 62, 81, 92, 13, 9, 55, 19, 83]"
76,100,0,10,1.1567625674936506,0.03056076355278492,"[44, 83, 7, 76, 87, 55, 19, 2, 93, 48]"
77,100,0,10,1.1567517671320173,0.028321171179413795,"[66, 97, 24, 73, 76, 38, 46, 35, 90, 68]"
78,100,0,10,1.1550568825668759,0.026317015290260315,"[53, 39, 0, 52, 30, 51, 25, 84, 87, 81]"
79,100,0,10,1.1550280080901252,0.030455121770501137,"[98, 39, 11, 47, 23, 27, 19, 43, 2, 59]"
80,100,0,10,1.154605402549108,0.02940874919295311,"[29, 85, 14, 96, 20, 81, 7, 50, 71, 18]"
81,100,0,10,1.1539564768473307,0.02754898928105831,"[43, 79, 22, 48, 51, 38, 3, 72, 85, 97]"
82,100,0,10,1.1530381878217062,0.03692086786031723,"[55, 99, 74, 47, 28, 48, 81, 4, 31, 43]"
83,100,0,10,1.1524897105163998,0.056247249245643616,"[54, 24, 55, 39, 97, 90, 48, 49, 58, 38]"
84,100,0,10,1.1512889809078641,0.02771618217229843,"[68, 10, 65, 91, 32, 40, 50, 49, 73, 24]"
85,100,0,10,1.1508681495984394,0.026136592030525208,"[75, 52, 66, 46, 13, 11, 33, 78, 80, 14]"
86,100,0,10,1.1499016808138953,0.03202318400144577,"[73, 32, 13, 68, 48, 69, 95, 42, 84, 97]"
87,100,0,10,1.150780678457684,0.028617599979043007,"[98, 28, 9, 88, 10, 15, 75, 51, 13, 62]"
88,100,0,10,1.1490979618496366,0.035517122596502304,"[54, 37, 67, 57, 66, 99, 63, 15, 6, 30]"
89,100,0,10,1.1487325006061129,0.026502232998609543,"[10, 57, 97, 72, 7, 46, 24, 20, 86, 92]"
90,100,0,10,1.1473545551300048,0.027712082490324974,"[72, 61, 4, 53, 58, 51, 7, 48, 76, 84]"
91,100,0,10,1.147757073905733,0.026167523115873337,"[24, 42, 22, 30, 45, 73, 26, 18, 37, 88]"
92,100,0,10,1.1472501615683237,0.027951659634709358,"[19, 4, 47, 89, 45, 28, 59, 96, 74, 8]"
93,100,0,10,1.1465820776091682,0.030448956415057182,"[28, 88, 71, 62, 32, 58, 74, 81, 93, 70]"
94,100,0,10,1.1456498159302604,0.02880636230111122,"[35, 83, 87, 66, 67, 60, 7, 39, 97, 80]"
95,100,0,10,1.1450107779767777,0.030094023793935776,"[39, 54, 60, 52, 17, 65, 71, 2, 1, 32]"
96,100,0,10,1.1450466003682878,0.032479602843523026,"[10, 71, 39, 81, 47, 31, 62, 90, 96, 40]"
97,100,0,10,1.1444130917390187,0.04613078385591507,"[72, 86, 35, 42, 75, 91, 19, 59, 2, 77]"
98,100,0,10,1.1424079954624178,0.026540569961071014,"[50, 46, 54, 58, 11, 33, 30, 45, 4, 7]"
99,100,0,10,1.1433691091007656,0.03201247751712799,"[81, 23, 8, 83, 61, 73, 88, 44, 54, 11]"
100,100,0,10,1.1418596910105812,0.026165613904595375,"[53, 21, 15, 44, 43, 23, 2, 97, 35, 79]"
101,100,0,10,1.1419544955094656,0.027759093791246414,"[51, 19, 7, 15, 83, 99, 74, 42, 69, 28]"
102,100,0,10,1.1418036805258858,0.037172891199588776,"[68, 50, 11, 39, 66, 30, 23, 51, 0, 41]"
103,100,0,10,1.141294311814838,0.027613123878836632,"[38, 41, 87, 43, 12, 72, 24, 33, 35, 86]"
104,100,0,10,1.1396820538573795,0.02778361365199089,"[81, 61, 49, 12, 87, 93, 46, 59, 74, 79]"
105,100,0,10,1.139752660195033,0.027141595259308815,"[79, 86, 36, 11, 32, 65, 59, 71, 29, 12]"
106,100,0,10,1.1392970038784873,0.026675719767808914,"[15, 68, 30, 66, 64, 48, 33, 24, 47, 55]"
107,100,0,10,1.1387421985467276,0.03058994933962822,"[88, 10, 61, 6, 2, 29, 31, 68, 66, 13]"
108,100,0,10,1.1382410003079309,0.029535986483097076,"[20, 94, 70, 65, 57, 7, 49, 30, 10, 14]"
109,100,0,10,1.1376337865988413,0.028832152485847473,"[41, 55, 80, 98, 96, 12, 9, 86, 11, 64]"
110,100,0,10,1.1357091950045692,0.027755627408623695,"[18, 65, 71, 72, 85, 31, 68, 30, 96, 36]"
111,100,0,10,1.1360940953095753,0.02830316871404648,"[87, 3, 22, 74, 97, 65, 71, 64, 98, 14]"
112,100,0,10,1.1355342944463094,0.0276187751442194,"[72, 23, 8, 35, 83, 71, 39, 92, 10, 57]"
113,100,0,10,1.133604656325446,0.02718135342001915,"[70, 42, 85, 33, 12, 56, 37, 24, 86, 58]"
114,100,0,10,1.1339941574467551,0.027744077146053314,"[89, 41, 45, 2, 74, 86, 54, 78, 39, 76]"
115,100,0,10,1.1336133612526789,0.0319473072886467,"[67, 60, 9, 75, 77, 72, 13, 14, 65, 52]"
116,100,0,10,1.1335269073645273,0.044113628566265106,"[28, 23, 33, 83, 61, 94, 92, 35, 29, 14]"
117,100,0,10,1.1316159533129797,0.029685750603675842,"[37, 31, 75, 67, 8, 7, 70, 77, 66, 4]"
118,100,0,10,1.1315723843044705,0.029541872441768646,"[49, 51, 81, 2, 45, 63, 80, 22, 74, 18]"
119,100,0,10,1.1308281050788032,0.04277095943689346,"[35, 29, 2, 39, 25, 88, 19, 67, 41, 83]"
120,100,0,10,1.129648643069797,0.031736522912979126,"[17, 96, 51, 27, 25, 74, 71, 15, 88, 11]"
121,100,0,10,1.1292660117149351,0.02685539424419403,"[33, 44, 38, 96, 61, 97, 9, 67, 65, 8]"
122,100,0,10,1.1286982523070441,0.026978153735399246,"[56, 50, 20, 68, 1, 94, 83, 98, 77, 41]"
123,100,0,10,1.1272686117225224,0.02796960435807705,"[62, 94, 26, 0, 79, 44, 38, 41, 32, 89]"
124,100,0,10,1.127564667330848,0.02826191671192646,"[15, 19, 98, 87, 14, 76, 2, 69, 27, 64]"
125,100,0,10,1.1276088462935554,0.026219574734568596,"[32, 42, 83, 27, 19, 31, 47, 76, 84, 45]"
126,100,0,10,1.1266166739993624,0.02625800296664238,"[88, 30, 6, 65, 79, 57, 48, 80, 84, 25]"
127,100,0,10,1.1260871880584293,0.03213810920715332,"[45, 38, 49, 12, 41, 75, 76, 20, 66, 65]"
128,100,0,10,1.1263894604312048,0.02977558597922325,"[72, 53, 81, 6, 86, 12, 1, 73, 87, 49]"
129,100,0,10,1.1253222611215379,0.02625979296863079,"[37, 38, 1, 13, 82, 11, 53, 88, 52, 46]"
130,100,0,10,1.1251742197407615,0.02779189683496952,"[62, 80, 45, 1, 39, 68, 51, 48, 20, 73]"
131,100,0,10,1.1245970176325903,0.027734307572245598,"[42, 22, 23, 78, 80, 92, 7, 54, 44, 47]"
132,100,0,10,1.12458655834198,0.026207823306322098,"[19, 52, 57, 64, 54, 37, 92, 40, 9, 71]"
133,100,0,10,1.1218511323134104,0.029690129682421684,"[38, 24, 75, 99, 36, 28, 89, 93, 66, 77]"
134,100,0,10,1.1218867831759982,0.03240330517292023,"[10, 9, 19, 65, 21, 62, 7, 61, 45, 64]"
135,100,0,10,1.1221341066890291,0.03272140771150589,"[77, 14, 32, 10, 87, 22, 23, 89, 19, 42]"
136,100,0,10,1.1209248224894206,0.02815798670053482,"[42, 43, 63, 50, 76, 90, 48, 64, 44, 93]"
137,100,0,10,1.1210912737581464,0.02603563293814659,"[40, 55, 71, 86, 50, 15, 12, 13, 68, 66]"
138,100,0,10,1.1200948503282335,0.04202646389603615,"[41, 64, 28, 22, 13, 7, 90, 92, 18, 68]"
139,100,0,10,1.118954967127906,0.030317803844809532,"[9, 10, 28, 80, 49, 30, 73, 58, 69, 29]"
140,100,0,10,1.1178651597764757,0.034007780253887177,"[97, 68, 17, 6, 18, 63, 54, 7, 2, 58]"
141,100,0,10,1.1175362024042341,0.026524482294917107,"[73, 69, 67, 71, 83, 42, 40, 84, 47, 27]"
142,100,0,10,1.1175399892859987,0.028442446142435074,"[21, 81, 51, 94, 93, 87, 24, 49, 70, 79]"
143,100,0,10,1.1171392261981965,0.029009846970438957,"[81, 90, 54, 2, 19, 92, 11, 31, 97, 0]"
144,100,0,10,1.1178394801086848,0.03845478594303131,"[79, 48, 41, 24, 87, 55, 85, 39, 10, 71]"
145,100,0,10,1.1168983300526936,0.026332393288612366,"[62, 11, 18, 48, 1, 23, 32, 92, 43, 75]"
146,100,0,10,1.115082475211885,0.05854493007063866,"[18, 65, 38, 56, 87, 15, 83, 6, 30, 2]"
147,100,0,10,1.113437654574712,0.025510024279356003,"[99, 10, 45, 86, 43, 67, 32, 28, 87, 12]"
148,100,0,10,1.1138832151889801,0.030436960980296135,"[18, 59, 31, 17, 85, 52, 83, 51, 32, 24]"
149,100,0,10,1.1130265447828505,0.028113003820180893,"[68, 57, 40, 32, 15, 59, 94, 31, 64, 88]"
150,100,0,10,1.1133034971025255,0.030066069215536118,"[31, 71, 93, 89, 8, 32, 55, 90, 97, 48]"
151,100,0,10,1.1128766748640273,0.027944356203079224,"[47, 59, 79, 32, 75, 6, 97, 51, 85, 24]"
152,100,0,10,1.1129408399264018,0.026982571929693222,"[54, 55, 4, 22, 30, 51, 20, 18, 35, 31]"
153,100,0,10,1.110983756515715,0.026069635525345802,"[51, 6, 90, 55, 4, 79, 12, 25, 53, 97]"
154,100,0,10,1.1106679413053726,0.0306643508374691,"[92, 10, 32, 90, 54, 27, 22, 9, 41, 80]"
155,100,0,10,1.1092761907312605,0.02763761207461357,"[31, 19, 80, 2, 76, 61, 54, 88, 84, 40]"
156,100,0,10,1.1084511286682552,0.028019262477755547,"[92, 97, 37, 53, 40, 60, 76, 48, 39, 90]"
157,100,0,10,1.1068569170104132,0.027661843225359917,"[72, 81, 57, 17, 30, 1, 80, 58, 20, 66]"
158,100,0,10,1.1080562472343445,0.02597453072667122,"[20, 55, 45, 0, 11, 1, 22, 86, 94, 70]"
159,100,0,10,1.1069218145476447,0.02923072688281536,"[57, 81, 75, 65, 83, 39, 70, 31, 32, 8]"
160,100,0,10,1.1069821549786463,0.03759564459323883,"[19, 7, 57, 74, 93, 90, 41, 9, 67, 30]"
161,100,0,10,1.1069539315170713,0.029882606118917465,"[88, 9, 41, 46, 35, 85, 36, 86, 14, 90]"
162,100,0,10,1.1050730804602305,0.029068920761346817,"[99, 11, 50, 60, 23, 78, 12, 76, 68, 14]"
163,100,0,10,1.105329614215427,0.02731866016983986,"[9, 94, 92, 71, 1, 78, 40, 74, 69, 14]"
164,100,0,10,1.1057683911588456,0.028030548244714737,"[55, 6, 73, 88, 13, 4, 7, 74, 37, 97]"
165,100,0,10,1.1043074866135916,0.02841382659971714,"[88, 49, 32, 14, 48, 53, 15, 9, 78, 85]"
166,100,0,10,1.1051896062162188,0.02961449883878231,"[43, 51, 24, 47, 18, 15, 65, 98, 68, 81]"
167,100,0,10,1.102870602077908,0.02794988453388214,"[4, 0, 38, 15, 9, 71, 50, 97, 65, 92]"
168,100,0,10,1.1021839519341787,0.030281025916337967,"[11, 74, 49, 19, 4, 64, 51, 90, 24, 30]"
169,100,0,10,1.1023061659601,0.02593749389052391,"[24, 15, 40, 43, 20, 13, 97, 35, 88, 82]"
170,100,0,10,1.1010189182228514,0.03701009973883629,"[89, 67, 70, 28, 42, 72, 73, 14, 38, 23]"
171,100,0,10,1.1002117031150394,0.03376597911119461,"[48, 18, 67, 75, 10, 79, 9, 49, 28, 65]"
172,100,0,10,1.1004960444238452,0.02568989060819149,"[83, 46, 11, 39, 30, 9, 79, 37, 50, 52]"
173,100,0,10,1.0986709621217514,0.028800934553146362,"[84, 23, 99, 13, 50, 79, 12, 14, 37, 94]"
174,100,0,10,1.0987549324830375,0.028818279504776,"[63, 83, 55, 2, 62, 71, 76, 1, 69, 29]"
175,100,0,10,1.09735825392935,0.03130485862493515,"[9, 6, 16, 28, 52, 71, 14, 10, 73, 53]"
176,100,0,10,1.0963514122698044,0.032728031277656555,"[33, 88, 48, 52, 11, 74, 71, 69, 77, 72]"
177,100,0,10,1.0968423803647358,0.029971955344080925,"[11, 85, 54, 2, 76, 77, 48, 83, 37, 81]"
178,100,0,10,1.096146638525857,0.02638663351535797,"[29, 28, 30, 44, 94, 93, 79, 31, 75, 78]"
179,100,0,10,1.0951385524537827,0.02867159992456436,"[38, 64, 97, 11, 56, 4, 76, 42, 12, 87]"
180,100,0,10,1.0960701809989082,0.025943433865904808,"[22, 35, 51, 12, 70, 40, 65, 9, 78, 20]"
181,100,0,10,1.0957908391952516,0.02683999016880989,"[51, 77, 22, 44, 83, 40, 62, 11, 87, 10]"
182,100,0,10,1.0933904806772867,0.030841724947094917,"[86, 14, 67, 9, 56, 53, 96, 10, 70, 1]"
183,100,0,10,1.0933174398210315,0.030245020985603333,"[23, 8, 83, 26, 96, 38, 24, 46, 27, 55]"
184,100,0,10,1.093720820877287,0.028855422511696815,"[74, 39, 19, 65, 23, 12, 84, 54, 75, 68]"
185,100,0,10,1.0908348434501223,0.02852509543299675,"[43, 85, 22, 72, 16, 93, 24, 86, 19, 41]"
186,100,0,10,1.0894083870781794,0.027096418663859367,"[74, 79, 32, 92, 6, 83, 72, 27, 45, 73]"
187,100,0,10,1.0917983406119876,0.028386743739247322,"[30, 8, 31, 85, 58, 42, 1, 64, 41, 37]"
188,100,0,10,1.0914248632060155,0.02626839652657509,"[35, 80, 97, 96, 9, 84, 0, 51, 30, 39]"
189,100,0,10,1.0895622107717724,0.028100233525037766,"[23, 4, 17, 22, 41, 65, 96, 24, 18, 92]"
190,100,0,10,1.088982473479377,0.02990821748971939,"[96, 72, 94, 18, 41, 60, 40, 13, 15, 8]"
191,100,0,10,1.0893888804647658,0.027947355061769485,"[46, 98, 54, 41, 75, 53, 40, 58, 47, 62]"
192,100,0,10,1.0882246759202747,0.02697852812707424,"[10, 95, 59, 99, 88, 63, 22, 47, 48, 97]"
193,100,0,10,1.0886729604668086,0.046107709407806396,"[74, 39, 75, 10, 15, 90, 11, 28, 51, 9]"
194,100,0,10,1.086953267786238,0.02913423627614975,"[61, 31, 38, 10, 1, 63, 9, 90, 53, 54]"
195,100,0,10,1.0879001816113791,0.02662094682455063,"[66, 43, 42, 53, 24, 23, 84, 71, 39, 40]"
196,100,0,10,1.087589356634352,0.028711427003145218,"[29, 73, 7, 15, 45, 35, 47, 19, 65, 89]"
197,100,0,10,1.084220904774136,0.029615169391036034,"[76, 0, 73, 35, 50, 92, 84, 65, 39, 31]"
198,100,0,10,1.0851781725883485,0.02725054696202278,"[55, 39, 94, 0, 7, 92, 22, 24, 96, 15]"
199,100,0,10,1.0856156905492147,0.02561524696648121,"[88, 68, 8, 51, 87, 48, 1, 61, 75, 82]"
200,100,0,10,1.083057301574283,0.0267162024974823,"[22, 10, 12, 68, 8, 28, 81, 93, 38, 40]"
201,100,0,10,1.084562736087375,0.03094482421875,"[46, 83, 74, 54, 94, 23, 88, 10, 19, 52]"
202,100,0,10,1.0833788322077855,0.027753796428442,"[85, 81, 6, 86, 11, 68, 55, 79, 2, 83]"
203,100,0,10,1.08315087556839,0.02746015228331089,"[41, 80, 94, 9, 0, 27, 88, 76, 66, 65]"
204,100,0,10,1.0817516240808698,0.0339788943529129,"[68, 49, 1, 28, 62, 2, 83, 39, 81, 42]"
205,100,0,10,1.0812827891773646,0.02805345319211483,"[30, 61, 18, 0, 9, 94, 82, 4, 55, 35]"
206,100,0,10,1.0808652010228899,0.028794853016734123,"[54, 13, 18, 41, 1, 80, 93, 6, 44, 10]"
207,100,0,10,1.079339651266734,0.02834678813815117,"[58, 85, 97, 87, 28, 95, 71, 63, 42, 41]"
208,100,0,10,1.0779742181301115,0.027380790561437607,"[8, 94, 78, 31, 56, 92, 52, 19, 43, 68]"
209,100,0,10,1.0795557409524918,0.025790292769670486,"[32, 15, 3, 87, 20, 53, 47, 37, 7, 66]"
210,100,0,10,1.079608615901735,0.03675537556409836,"[55, 94, 66, 98, 81, 46, 48, 18, 15, 90]"
211,100,0,10,1.0775059130456712,0.02778533846139908,"[96, 24, 86, 82, 39, 13, 2, 67, 66, 74]"
212,100,0,10,1.078234620557891,0.03192475438117981,"[19, 71, 31, 37, 48, 62, 78, 41, 77, 65]"
213,100,0,10,1.0765815675258636,0.026676561683416367,"[81, 99, 90, 86, 33, 13, 51, 20, 78, 73]"
214,100,0,10,1.0756259732776217,0.030111920088529587,"[69, 64, 92, 9, 14, 87, 31, 6, 48, 12]"
215,100,0,10,1.0740521126323275,0.027936451137065887,"[62, 3, 42, 93, 96, 51, 85, 6, 82, 15]"
216,100,0,10,1.0758108069499333,0.03625329211354256,"[50, 29, 6, 80, 30, 41, 11, 48, 90, 83]"
217,100,0,10,1.075684393114514,0.0273053627461195,"[86, 50, 93, 58, 32, 71, 48, 11, 8, 72]"
218,100,0,10,1.0739047709438536,0.026149239391088486,"[51, 29, 92, 22, 46, 88, 24, 60, 81, 61]"
219,100,0,10,1.0732097999917136,0.030541813001036644,"[29, 38, 8, 88, 74, 98, 90, 73, 62, 52]"
220,100,0,10,1.0721652179956436,0.026247574016451836,"[23, 47, 87, 22, 77, 72, 12, 78, 4, 9]"
221,100,0,10,1.0738296055131489,0.03132331743836403,"[7, 72, 99, 88, 51, 97, 42, 37, 59, 61]"
222,100,0,10,1.0714557485447989,0.026972200721502304,"[24, 53, 70, 65, 78, 66, 8, 43, 75, 13]"
223,100,0,10,1.070935035083029,0.02704358659684658,"[71, 32, 55, 3, 37, 85, 30, 20, 86, 94]"
224,100,0,10,1.0696441067589655,0.026418456807732582,"[80, 68, 46, 90, 33, 7, 55, 51, 8, 67]"
225,100,0,10,1.06834284596973,0.026491893455386162,"[32, 78, 27, 52, 9, 87, 69, 61, 13, 12]"
226,100,0,10,1.0718901190492842,0.035317953675985336,"[31, 97, 94, 30, 83, 32, 14, 48, 39, 11]"
227,100,0,10,1.0672662599219216,0.02707574889063835,"[68, 63, 67, 70, 11, 38, 45, 23, 71, 12]"
228,100,0,10,1.0680003765556547,0.026868704706430435,"[41, 61, 30, 2, 24, 31, 63, 59, 73, 82]"
229,100,0,10,1.0671953048970964,0.029783004894852638,"[10, 74, 63, 65, 13, 24, 37, 7, 18, 20]"
230,100,0,10,1.0665574683083427,0.031395867466926575,"[73, 74, 97, 64, 6, 61, 67, 52, 11, 53]"
231,100,0,10,1.066543792684873,0.03542407974600792,"[66, 2, 74, 94, 14, 55, 46, 75, 57, 73]"
232,100,0,10,1.063787725236681,0.02669241838157177,"[65, 75, 47, 2, 87, 36, 32, 30, 62, 56]"
233,100,0,10,1.0635597632990943,0.027693932875990868,"[6, 85, 66, 69, 47, 48, 54, 63, 39, 94]"
234,100,0,10,1.0631762935055626,0.026773324236273766,"[77, 94, 62, 59, 95, 68, 92, 76, 87, 73]"
235,100,0,10,1.0637666785054738,0.02814563363790512,"[12, 70, 23, 73, 6, 41, 11, 7, 1, 37]"
236,100,0,10,1.0621901031997467,0.02784988097846508,"[59, 53, 97, 23, 41, 46, 47, 70, 85, 0]"
237,100,0,10,1.0633019314871894,0.02856302820146084,"[99, 73, 37, 12, 62, 43, 10, 27, 14, 61]"
238,100,0,10,1.0630598035123613,0.02777787670493126,"[71, 7, 10, 63, 12, 59, 54, 39, 8, 76]"
239,100,0,10,1.062629528178109,0.02599233016371727,"[33, 87, 97, 39, 81, 78, 57, 19, 10, 86]"
240,100,0,10,1.0593611144357258,0.02727733552455902,"[83, 8, 72, 80, 35, 67, 28, 92, 98, 82]"
241,100,0,10,1.0615714725520875,0.02850278653204441,"[71, 47, 94, 4, 65, 29, 25, 77, 80, 93]"
242,100,0,10,1.0612617674801084,0.037551455199718475,"[6, 88, 84, 15, 66, 28, 2, 72, 18, 42]"
243,100,0,10,1.0590409835179646,0.02852545492351055,"[61, 94, 71, 66, 12, 87, 9, 31, 8, 36]"
244,100,0,10,1.0569338983959622,0.02893882803618908,"[2, 47, 42, 38, 28, 67, 14, 93, 21, 27]"
245,100,0,10,1.0583124683962928,0.026521917432546616,"[71, 49, 6, 20, 62, 11, 96, 57, 79, 48]"
246,100,0,10,1.0574244267410702,0.026660528033971786,"[99, 87, 45, 7, 81, 17, 71, 9, 59, 35]"
247,100,0,10,1.0582345876428816,0.02575720101594925,"[94, 93, 53, 4, 33, 30, 15, 44, 9, 23]"
248,100,0,10,1.0557833780845005,0.029052382335066795,"[24, 14, 27, 52, 85, 60, 41, 67, 83, 84]"
249,100,0,10,1.0551429433955086,0.02726401761174202,"[59, 33, 49, 62, 23, 47, 86, 0, 6, 88]"
250,100,0,10,1.0555286665757497,0.029808593913912773,"[20, 55, 19, 77, 96, 28, 94, 48, 41, 8]"
251,100,0,10,1.0544133991003037,0.026477022096514702,"[61, 44, 68, 45, 93, 15, 54, 9, 56, 40]"
252,100,0,10,1.055528966916932,0.031651996076107025,"[62, 54, 2, 93, 61, 24, 23, 88, 55, 67]"
253,100,0,10,1.0547853976488115,0.027025790885090828,"[88, 47, 51, 80, 85, 24, 68, 35, 22, 18]"
254,100,0,10,1.0535327427917056,0.03011580929160118,"[76, 35, 78, 52, 41, 51, 49, 65, 57, 18]"
255,100,0,10,1.0531650294860204,0.02912832610309124,"[54, 4, 57, 18, 83, 53, 12, 80, 43, 19]"
256,100,0,10,1.0539995706743666,0.026995817199349403,"[59, 46, 90, 80, 84, 71, 44, 58, 83, 7]"
257,100,0,10,1.052616145544582,0.02936435677111149,"[68, 42, 70, 64, 59, 86, 65, 71, 19, 77]"
258,100,0,10,1.0522863467534385,0.04531193524599075,"[35, 24, 70, 51, 72, 55, 54, 9, 8, 10]"
259,100,0,10,1.050049677822325,0.02722572535276413,"[97, 42, 48, 69, 54, 22, 10, 43, 28, 8]"
260,100,0,10,1.0505856027205787,0.02724112756550312,"[58, 47, 20, 29, 44, 82, 37, 66, 43, 12]"
261,100,0,10,1.050370685590638,0.027328282594680786,"[7, 82, 93, 87, 15, 48, 11, 14, 32, 64]"
262,100,0,10,1.049846330947346,0.030518338084220886,"[42, 51, 4, 87, 48, 74, 10, 77, 44, 23]"
263,100,0,10,1.0481653951936298,0.027087371796369553,"[61, 22, 14, 44, 70, 12, 86, 82, 55, 59]"
264,100,0,10,1.046492568982972,0.025923535227775574,"[2, 68, 45, 91, 94, 19, 65, 55, 47, 58]"
265,100,0,10,1.0477365179194345,0.03287172690033913,"[97, 62, 72, 47, 11, 19, 74, 6, 41, 76]"
266,100,0,10,1.044922920068105,0.029939603060483932,"[86, 25, 69, 14, 24, 15, 79, 57, 38, 85]"
267,100,0,10,1.044422219859229,0.03435320407152176,"[42, 23, 8, 71, 2, 3, 75, 31, 20, 28]"
268,100,0,10,1.0474416699674394,0.03018600307404995,"[15, 46, 44, 65, 48, 14, 1, 19, 96, 76]"
269,100,0,10,1.044630687104331,0.026198305189609528,"[2, 59, 22, 47, 37, 14, 12, 9, 81, 83]"
270,100,0,10,1.045608788397577,0.028626613318920135,"[81, 11, 92, 22, 24, 65, 2, 47, 72, 39]"
271,100,0,10,1.0417596300443015,0.026966389268636703,"[43, 90, 69, 18, 31, 8, 74, 78, 42, 4]"
272,100,0,10,1.0441937022738987,0.03324935585260391,"[14, 77, 70, 44, 29, 59, 71, 51, 1, 58]"
273,100,0,10,1.0406060063176685,0.03011055290699005,"[27, 63, 48, 18, 59, 89, 42, 93, 80, 49]"
274,100,0,10,1.0419675714439816,0.02712269127368927,"[62, 31, 67, 48, 43, 83, 42, 51, 84, 52]"
275,100,0,10,1.040864364306132,0.04649116471409798,"[86, 42, 25, 88, 83, 24, 93, 85, 18, 77]"
276,100,0,10,1.0406760229004755,0.027520710602402687,"[72, 29, 65, 75, 52, 61, 14, 1, 33, 68]"
277,100,0,10,1.0407755666308933,0.026924747973680496,"[86, 6, 19, 94, 60, 90, 53, 7, 48, 11]"
278,100,0,10,1.0370783905188243,0.028895944356918335,"[66, 62, 57, 81, 63, 75, 85, 2, 4, 12]"
279,100,0,10,1.0399917989969254,0.026291292160749435,"[61, 11, 74, 23, 7, 78, 31, 86, 97, 92]"
280,100,0,10,1.038774874806404,0.029760099947452545,"[12, 18, 73, 40, 29, 61, 48, 9, 68, 8]"
281,100,0,10,1.034629422095087,0.026430895552039146,"[43, 82, 93, 47, 12, 37, 63, 87, 44, 7]"
282,100,0,10,1.0365176733997132,0.030798912048339844,"[43, 85, 27, 83, 11, 51, 75, 96, 44, 72]"
283,100,0,10,1.0348511570029788,0.03141403570771217,"[74, 51, 52, 25, 18, 2, 29, 98, 58, 81]"
284,100,0,10,1.0337959789567523,0.04067214950919151,"[66, 75, 62, 61, 50, 7, 79, 92, 22, 70]"
285,100,0,10,1.035703111357159,0.031129848212003708,"[2, 60, 24, 43, 23, 97, 39, 28, 87, 90]"
286,100,0,10,1.0345876932144165,0.02654058299958706,"[50, 73, 46, 47, 31, 28, 49, 53, 65, 30]"
287,100,0,10,1.033767392900255,0.02702806144952774,"[68, 46, 42, 92, 84, 77, 97, 85, 55, 71]"
288,100,0,10,1.0359074854188495,0.028906289488077164,"[24, 86, 1, 71, 13, 66, 48, 62, 9, 68]"
289,100,0,10,1.0350107080406614,0.026722760871052742,"[80, 94, 40, 54, 81, 29, 88, 42, 22, 11]"
290,100,0,10,1.031342225935724,0.03899245336651802,"[14, 48, 24, 65, 27, 85, 70, 61, 94, 91]"
291,100,0,10,1.031388254960378,0.03801139444112778,"[77, 18, 2, 52, 90, 1, 39, 83, 24, 27]"
292,100,0,10,1.0319098009003533,0.026066839694976807,"[58, 78, 65, 73, 84, 96, 62, 55, 44, 20]"
293,100,0,10,1.0309617439905803,0.025682903826236725,"[39, 35, 76, 54, 0, 93, 94, 92, 30, 78]"
294,100,0,10,1.0284579359822803,0.035716790705919266,"[1, 85, 10, 61, 24, 67, 68, 72, 78, 87]"
295,100,0,10,1.0292269657055537,0.03010738082230091,"[11, 77, 42, 48, 89, 12, 75, 86, 4, 37]"
296,100,0,10,1.030783047940996,0.03854813799262047,"[42, 87, 90, 7, 11, 77, 51, 88, 30, 55]"
297,100,0,10,1.0294174290365643,0.035544510930776596,"[72, 49, 14, 88, 92, 24, 13, 83, 39, 89]"
298,100,0,10,1.027313679125574,0.028271298855543137,"[42, 76, 38, 57, 88, 9, 62, 7, 99, 19]"
299,100,0,10,1.0258076118098365,0.036302682012319565,"[41, 50, 38, 94, 77, 0, 74, 35, 62, 30]"
300,100,0,10,1.0270993974473743,0.029600173234939575,"[90, 14, 32, 61, 51, 43, 23, 68, 30, 73]"
301,100,0,10,1.025684897436036,0.02587195858359337,"[97, 47, 99, 12, 33, 4, 66, 86, 98, 20]"
302,100,0,10,1.0244383782148363,0.04047442972660065,"[56, 59, 41, 18, 99, 42, 24, 29, 88, 52]"
303,100,0,10,1.0256587041748895,0.04090588167309761,"[83, 94, 70, 71, 31, 72, 20, 30, 15, 49]"
304,100,0,10,1.0234056757556067,0.026166800409555435,"[65, 46, 11, 79, 37, 72, 97, 23, 61, 70]"
305,100,0,10,1.0201439887285233,0.03623540326952934,"[29, 31, 43, 35, 87, 77, 99, 37, 4, 61]"
306,100,0,10,1.0222628788815604,0.027883362025022507,"[2, 51, 90, 54, 20, 40, 15, 65, 10, 69]"
307,100,0,10,1.0228067033820682,0.050223398953676224,"[48, 6, 19, 15, 65, 73, 41, 96, 72, 49]"
308,100,0,10,1.0189161800675923,0.026535067707300186,"[94, 52, 45, 14, 0, 76, 80, 62, 1, 27]"
309,100,0,10,1.0201074414783053,0.026118949055671692,"[44, 54, 57, 98, 32, 47, 52, 20, 97, 33]"
310,100,0,10,1.0188586986727186,0.032187312841415405,"[72, 39, 20, 76, 75, 9, 86, 70, 93, 2]"
311,100,0,10,1.0197304056750403,0.02809816598892212,"[91, 44, 10, 58, 18, 40, 71, 4, 48, 20]"
312,100,0,10,1.0152879012955558,0.030490431934595108,"[9, 86, 45, 70, 80, 32, 79, 68, 77, 38]"
313,100,0,10,1.0190847439898385,0.02993372455239296,"[19, 35, 9, 10, 99, 57, 23, 6, 71, 73]"
314,100,0,10,1.0190573864512973,0.03469645977020264,"[99, 4, 46, 86, 19, 11, 43, 83, 58, 10]"
315,100,0,10,1.0182561258474987,0.06096850335597992,"[62, 49, 86, 28, 87, 15, 74, 55, 42, 13]"
316,100,0,10,1.013572453127967,0.027644077315926552,"[93, 55, 44, 77, 96, 38, 53, 51, 22, 67]"
317,100,0,10,1.017863858408398,0.029122330248355865,"[80, 73, 86, 87, 71, 2, 68, 30, 47, 14]"
318,100,0,10,1.01452729900678,0.026013342663645744,"[14, 7, 27, 42, 88, 83, 45, 59, 9, 52]"
319,100,0,10,1.0161085655291875,0.029069628566503525,"[67, 54, 8, 44, 28, 13, 53, 59, 81, 73]"
320,100,0,10,1.014190074801445,0.02833540551364422,"[48, 4, 87, 97, 58, 91, 20, 44, 41, 90]"
321,100,0,10,1.0135896030399536,0.026347536593675613,"[35, 23, 81, 69, 76, 24, 59, 39, 42, 55]"
322,100,0,10,1.0110786798927518,0.02597080171108246,"[65, 39, 78, 12, 47, 75, 68, 22, 64, 73]"
323,100,0,10,1.0113662521044413,0.025688599795103073,"[6, 40, 92, 15, 42, 66, 37, 50, 59, 12]"
324,100,0,10,1.0116473737690184,0.02809867635369301,"[71, 1, 4, 15, 41, 86, 63, 24, 59, 76]"
325,100,0,10,1.0109139929215114,0.02908952347934246,"[10, 85, 14, 44, 19, 22, 65, 20, 84, 2]"
326,100,0,10,1.0106321814987393,0.029303401708602905,"[11, 73, 68, 92, 22, 64, 88, 97, 19, 67]"
327,100,0,10,1.0087475905815761,0.03180471807718277,"[25, 8, 30, 99, 14, 86, 2, 42, 13, 61]"
328,100,0,10,1.0077246006992127,0.02617892436683178,"[79, 70, 75, 65, 43, 30, 15, 51, 96, 20]"
329,100,0,10,1.0084279447793962,0.025903020054101944,"[94, 82, 97, 39, 35, 25, 4, 29, 9, 32]"
330,100,0,10,1.0094632453388637,0.03137240558862686,"[85, 71, 66, 45, 75, 30, 61, 39, 42, 19]"
331,100,0,10,1.0071413781907823,0.027867881581187248,"[64, 72, 51, 76, 35, 7, 78, 19, 15, 93]"
332,100,0,10,1.0086110671361288,0.027583932504057884,"[81, 73, 29, 1, 12, 64, 10, 44, 61, 62]"
333,100,0,10,1.00708068145646,0.02605048567056656,"[61, 4, 43, 66, 58, 38, 81, 33, 44, 15]"
334,100,0,10,1.0050285663869645,0.028238767758011818,"[17, 68, 51, 47, 94, 90, 7, 10, 42, 32]"
335,100,0,10,1.0061846693356833,0.029207734391093254,"[71, 96, 94, 44, 53, 98, 88, 48, 39, 27]"
336,100,0,10,1.0024789525402917,0.025261659175157547,"[82, 78, 32, 52, 49, 15, 13, 7, 44, 88]"
337,100,0,10,1.0029530856344435,0.030653178691864014,"[18, 35, 76, 19, 57, 54, 49, 93, 41, 75]"
338,100,0,10,1.0022977451483408,0.02691219374537468,"[53, 64, 22, 40, 73, 32, 88, 83, 20, 29]"
339,100,0,10,1.0004676514201694,0.02836577221751213,"[86, 87, 84, 14, 71, 26, 37, 0, 55, 2]"
340,100,0,10,1.0006021304263009,0.02766307257115841,"[2, 48, 44, 90, 8, 10, 87, 95, 6, 0]"
341,100,0,10,1.001242795586586,0.02963762916624546,"[32, 85, 4, 7, 73, 74, 93, 81, 25, 46]"
342,100,0,10,1.0016907314459482,0.02703508362174034,"[87, 72, 51, 23, 53, 43, 86, 66, 44, 32]"
343,100,0,10,0.9995455957121319,0.02752474881708622,"[11, 90, 77, 74, 14, 22, 23, 43, 1, 2]"
344,100,0,10,1.0012217495176527,0.028402352705597878,"[19, 29, 81, 98, 13, 41, 65, 75, 11, 35]"
345,100,0,10,1.0017686244514252,0.027949407696723938,"[6, 41, 30, 29, 32, 90, 93, 11, 24, 84]"
346,100,0,10,0.9980864859289593,0.026549043133854866,"[44, 98, 86, 62, 15, 75, 87, 48, 53, 84]"
347,100,0,10,0.9996212512254715,0.03838677331805229,"[57, 63, 97, 35, 52, 58, 94, 24, 65, 85]"
348,100,0,10,0.9971544957823224,0.027596350759267807,"[17, 92, 97, 94, 22, 83, 72, 15, 43, 86]"
349,100,0,10,0.9961785528394911,0.03330852836370468,"[55, 68, 57, 89, 75, 46, 58, 86, 81, 60]"
350,100,0,10,0.9966608371999528,0.028661858290433884,"[99, 39, 50, 72, 19, 90, 63, 42, 73, 24]"
351,100,0,10,0.9943947613239288,0.027623411267995834,"[62, 80, 79, 17, 42, 37, 25, 11, 87, 14]"
352,100,0,10,0.9946402470270793,0.026522919535636902,"[75, 61, 78, 71, 45, 35, 66, 64, 10, 31]"
353,100,0,10,0.9992977761560016,0.03870448097586632,"[15, 1, 11, 59, 86, 30, 24, 71, 93, 83]"
354,100,0,10,0.9968205667204327,0.03180268406867981,"[35, 8, 81, 41, 14, 32, 6, 85, 94, 15]"
355,100,0,10,0.9955709619654549,0.031154289841651917,"[58, 41, 39, 83, 4, 47, 51, 28, 2, 24]"
356,100,0,10,0.9952572392092811,0.02763422206044197,"[71, 77, 65, 42, 39, 53, 40, 15, 30, 47]"
357,100,0,10,0.9926149464315839,0.02937133051455021,"[14, 96, 20, 32, 58, 70, 23, 64, 39, 81]"
358,100,0,10,0.9922165443499883,0.027339231222867966,"[33, 63, 81, 8, 49, 52, 30, 24, 88, 89]"
359,100,0,10,0.992378767993715,0.028027649968862534,"[87, 46, 35, 92, 77, 10, 67, 86, 59, 90]"
360,100,0,10,0.9911071373356712,0.027797112241387367,"[62, 73, 60, 30, 54, 1, 35, 64, 46, 78]"
361,100,0,10,0.9908596419625813,0.02963535115122795,"[44, 61, 58, 72, 14, 80, 54, 18, 56, 37]"
362,100,0,10,0.9879237817393409,0.03697630763053894,"[6, 66, 93, 74, 88, 15, 37, 91, 11, 40]"
363,100,0,10,0.9880968325667912,0.026817690581083298,"[58, 84, 55, 48, 80, 73, 74, 98, 6, 99]"
364,100,0,10,0.9871005326509475,0.028295673429965973,"[29, 84, 97, 6, 32, 64, 41, 74, 11, 37]"
365,100,0,10,0.9867739094628227,0.03318629786372185,"[11, 28, 9, 71, 75, 56, 98, 7, 49, 62]"
366,100,0,10,0.988167761762937,0.03756337612867355,"[11, 43, 52, 67, 86, 1, 2, 71, 73, 37]"
367,100,0,10,0.9886962738302019,0.02811437100172043,"[37, 24, 38, 9, 67, 14, 92, 89, 31, 62]"
368,100,0,10,0.9844996127817366,0.027026794850826263,"[27, 98, 48, 67, 0, 30, 80, 84, 71, 66]"
369,100,0,10,0.9857258756955465,0.02853304147720337,"[72, 62, 71, 50, 74, 27, 79, 24, 10, 70]"
370,100,0,10,0.986253336403105,0.035188302397727966,"[86, 47, 39, 40, 43, 88, 90, 89, 68, 52]"
371,100,0,10,0.9875849395990371,0.028794866055250168,"[8, 94, 43, 88, 55, 40, 18, 71, 20, 90]"
372,100,0,10,0.9856637987825606,0.029504764825105667,"[53, 65, 94, 17, 9, 81, 46, 72, 28, 24]"
373,100,0,10,0.9849391827980677,0.02634032443165779,"[27, 14, 86, 79, 9, 66, 32, 31, 48, 71]"
374,100,0,10,0.9807100819216834,0.028391528874635696,"[4, 15, 49, 90, 85, 40, 0, 31, 80, 58]"
375,100,0,10,0.9826802959044774,0.02770627662539482,"[4, 52, 39, 64, 76, 73, 11, 8, 87, 57]"
376,100,0,10,0.9832200755675633,0.03318074718117714,"[31, 88, 2, 89, 87, 81, 15, 64, 94, 41]"
377,100,0,10,0.982115978664822,0.035334523767232895,"[88, 38, 24, 32, 67, 50, 29, 14, 10, 2]"
378,100,0,10,0.9815323799848557,0.03116789646446705,"[73, 39, 80, 19, 28, 48, 12, 70, 2, 9]"
379,100,0,10,0.9788437359862858,0.02691071107983589,"[74, 41, 4, 20, 6, 15, 79, 65, 39, 27]"
380,100,0,10,0.9769991146193611,0.02680477499961853,"[92, 30, 7, 38, 95, 48, 88, 29, 63, 67]"
381,100,0,10,0.979900175333023,0.026108393445611,"[40, 45, 65, 42, 20, 46, 35, 14, 66, 13]"
382,100,0,10,0.9791134238243103,0.031087785959243774,"[27, 30, 51, 13, 65, 29, 38, 23, 8, 80]"
383,100,0,10,0.978152808215883,0.044061288237571716,"[74, 75, 94, 87, 52, 93, 81, 41, 39, 96]"
384,100,0,10,0.9749606781535678,0.03023669868707657,"[13, 62, 98, 60, 96, 89, 15, 94, 67, 86]"
385,100,0,10,0.9772864904668597,0.028247714042663574,"[10, 71, 84, 86, 99, 40, 76, 65, 19, 48]"
386,100,0,10,0.9776365803347693,0.029296180233359337,"[9, 47, 77, 12, 8, 28, 15, 48, 44, 54]"
387,100,0,10,0.9738082975149154,0.028174864128232002,"[55, 63, 15, 10, 50, 32, 45, 87, 18, 90]"
388,100,0,10,0.9721023089355892,0.02714533917605877,"[51, 50, 52, 55, 46, 3, 32, 9, 23, 31]"
389,100,0,10,0.9734592480791939,0.03195342794060707,"[62, 6, 89, 24, 85, 64, 59, 61, 13, 38]"
390,100,0,10,0.9717880838447147,0.04407648369669914,"[17, 94, 7, 40, 19, 99, 41, 48, 74, 43]"
391,100,0,10,0.9722792575756709,0.027603354305028915,"[18, 29, 99, 73, 44, 36, 30, 15, 10, 96]"
392,100,0,10,0.9712482571601868,0.028845738619565964,"[23, 73, 89, 35, 92, 95, 24, 81, 45, 46]"
393,100,0,10,0.9739600413375431,0.029674731194972992,"[8, 44, 24, 7, 2, 45, 31, 71, 97, 89]"
394,100,0,10,0.9678695132335027,0.027213089168071747,"[31, 14, 62, 1, 15, 86, 32, 3, 29, 75]"
395,100,0,10,0.97403514749474,0.04955148324370384,"[55, 71, 30, 9, 18, 90, 33, 97, 79, 20]"
396,100,0,10,0.9713192919890086,0.030988698825240135,"[15, 18, 73, 68, 44, 97, 24, 29, 58, 99]"
397,100,0,10,0.9694888224204381,0.030216487124562263,"[62, 70, 55, 27, 86, 23, 81, 10, 7, 39]"
398,100,0,10,0.9721393118302027,0.03378215804696083,"[8, 94, 90, 39, 87, 41, 76, 10, 19, 24]"
399,100,0,10,0.969288260406918,0.027689164504408836,"[65, 31, 30, 22, 58, 59, 67, 24, 9, 96]"
400,100,0,10,0.967117499642902,0.029975702986121178,"[81, 23, 13, 41, 61, 38, 42, 94, 32, 68]"
401,100,0,10,0.9690097570419312,0.047242406755685806,"[94, 89, 58, 15, 24, 74, 19, 83, 72, 93]"
402,100,0,10,0.9645605156819026,0.02791007235646248,"[54, 19, 59, 27, 76, 10, 24, 98, 83, 80]"
403,100,0,10,0.9648156099849277,0.02840634062886238,"[85, 86, 52, 42, 43, 96, 58, 8, 80, 78]"
404,100,0,10,0.9645745287338892,0.02557939849793911,"[92, 1, 47, 45, 62, 42, 73, 7, 10, 75]"
405,100,0,10,0.9634256101316876,0.026126114651560783,"[15, 79, 98, 30, 58, 25, 14, 90, 8, 46]"
406,100,0,10,0.9604480610953436,0.02722998522222042,"[29, 89, 18, 42, 68, 65, 26, 45, 40, 97]"
407,100,0,10,0.9624715907706155,0.02622675895690918,"[94, 87, 65, 11, 50, 1, 45, 84, 67, 66]"
408,100,0,10,0.9620757172505061,0.027973994612693787,"[77, 43, 76, 85, 66, 88, 14, 78, 53, 18]"
409,100,0,10,0.9599261906411912,0.027193216606974602,"[15, 84, 47, 32, 23, 51, 9, 60, 83, 64]"
410,100,0,10,0.9606563985347748,0.027940664440393448,"[14, 32, 40, 46, 44, 71, 57, 98, 92, 24]"
411,100,0,10,0.9601480854882134,0.025922836735844612,"[73, 72, 45, 20, 76, 6, 43, 24, 19, 65]"
412,100,0,10,0.9646787719594108,0.042214054614305496,"[48, 87, 24, 30, 60, 71, 72, 10, 52, 97]"
413,100,0,10,0.959080954392751,0.027412839233875275,"[36, 94, 55, 2, 86, 15, 48, 51, 40, 38]"
414,100,0,10,0.9596192763911353,0.026776595041155815,"[39, 73, 9, 23, 78, 75, 84, 86, 52, 83]"
415,100,0,10,0.9587267183595234,0.030996661633253098,"[13, 71, 11, 76, 2, 73, 32, 8, 72, 44]"
416,100,0,10,0.9605032818184959,0.027936730533838272,"[93, 9, 55, 4, 51, 38, 39, 58, 53, 54]"
417,100,0,10,0.9552319212092293,0.026735518127679825,"[30, 80, 24, 62, 50, 7, 84, 25, 44, 1]"
418,100,0,10,0.9584151956770155,0.033094875514507294,"[44, 72, 14, 8, 59, 54, 6, 89, 61, 94]"
419,100,0,10,0.9590968658526738,0.034922774881124496,"[8, 71, 53, 72, 90, 41, 10, 58, 18, 24]"
420,100,0,10,0.9555051525433857,0.030200336128473282,"[90, 66, 10, 13, 72, 7, 53, 57, 80, 55]"
421,100,0,10,0.9558301677306493,0.02886902540922165,"[60, 14, 97, 81, 18, 39, 19, 84, 61, 28]"
422,100,0,10,0.9512842678361468,0.02771729975938797,"[41, 92, 25, 14, 63, 71, 46, 49, 76, 28]"
423,100,0,10,0.9574048631721073,0.029762711375951767,"[42, 73, 71, 81, 76, 11, 37, 7, 14, 94]"
424,100,0,10,0.9532145142555237,0.02606404945254326,"[48, 2, 43, 23, 71, 13, 50, 33, 44, 24]"
425,100,0,10,0.9531738688548406,0.028063515201210976,"[62, 22, 10, 39, 91, 61, 51, 11, 48, 15]"
426,100,0,10,0.9519656029012469,0.027765564620494843,"[67, 59, 15, 13, 39, 1, 4, 78, 23, 58]"
427,100,0,10,0.9506885641151004,0.03025275655090809,"[31, 13, 46, 47, 72, 56, 65, 61, 96, 90]"
428,100,0,10,0.9488941854900783,0.04948439449071884,"[89, 55, 1, 44, 43, 90, 48, 86, 52, 91]"
429,100,0,10,0.9504461354679532,0.029499517753720284,"[54, 66, 43, 60, 11, 85, 40, 97, 80, 7]"
430,100,0,10,0.949067250225279,0.027160407975316048,"[87, 31, 23, 94, 53, 80, 46, 38, 78, 76]"
431,100,0,10,0.9510278960069021,0.045933861285448074,"[28, 55, 97, 9, 39, 91, 71, 90, 6, 54]"
432,100,0,10,0.9477855645947986,0.028270933777093887,"[24, 92, 22, 31, 35, 93, 74, 49, 13, 48]"
433,100,0,10,0.9464940034680895,0.02877715416252613,"[13, 75, 9, 11, 51, 63, 38, 71, 40, 55]"
434,100,0,10,0.9466992043786578,0.02962116152048111,"[51, 23, 77, 46, 44, 98, 55, 71, 48, 4]"
435,100,0,10,0.9450934085581038,0.026617417111992836,"[47, 43, 32, 2, 40, 9, 93, 83, 59, 79]"
436,100,0,10,0.9452459692955018,0.029493946582078934,"[65, 93, 47, 32, 35, 1, 70, 54, 25, 48]"
437,100,0,10,0.9413183692428801,0.02704058215022087,"[31, 12, 79, 32, 50, 19, 7, 77, 43, 76]"
438,100,0,10,0.9459798233376608,0.029922988265752792,"[86, 54, 72, 92, 51, 11, 20, 74, 67, 44]"
439,100,0,10,0.9454473290178511,0.02742612175643444,"[87, 4, 51, 10, 78, 14, 24, 73, 67, 45]"
440,100,0,10,0.9444712407059139,0.030889855697751045,"[28, 88, 94, 20, 84, 62, 77, 92, 48, 73]"
441,100,0,10,0.9400148762596978,0.02596832439303398,"[38, 75, 90, 41, 46, 65, 32, 68, 33, 37]"
442,100,0,10,0.9392002036174139,0.027459314092993736,"[22, 92, 69, 61, 93, 96, 85, 10, 35, 31]"
443,100,0,10,0.9406123071908951,0.026745585724711418,"[73, 27, 18, 12, 10, 35, 86, 66, 91, 50]"
444,100,0,10,0.9415508912669288,0.0283502284437418,"[69, 23, 96, 15, 67, 71, 35, 38, 10, 97]"
445,100,0,10,0.9410522292057673,0.02580162324011326,"[57, 22, 43, 86, 80, 4, 52, 30, 90, 51]"
446,100,0,10,0.941744617621104,0.029278792440891266,"[1, 43, 6, 29, 87, 19, 73, 66, 20, 65]"
447,100,0,10,0.9392159948746364,0.030275845900177956,"[50, 43, 12, 56, 41, 66, 22, 11, 97, 23]"
448,100,0,10,0.9402313927809397,0.026019195094704628,"[97, 90, 39, 37, 71, 14, 47, 33, 84, 65]"
449,100,0,10,0.9362784620788362,0.027414511889219284,"[59, 63, 84, 54, 30, 31, 50, 80, 72, 51]"
450,100,0,10,0.9362812164756986,0.028090279549360275,"[22, 54, 35, 1, 72, 58, 93, 6, 37, 74]"
451,100,0,10,0.9376676476664013,0.03701439127326012,"[15, 97, 99, 40, 87, 73, 54, 2, 4, 43]"
452,100,0,10,0.9355983939435747,0.02972208708524704,"[86, 89, 29, 61, 55, 2, 82, 14, 46, 54]"
453,100,0,10,0.9370754443936877,0.026243530213832855,"[57, 71, 97, 11, 48, 9, 51, 1, 70, 82]"
454,100,0,10,0.9335299511750539,0.02657957747578621,"[73, 84, 8, 65, 75, 50, 37, 47, 54, 31]"
455,100,0,10,0.9311948266294268,0.026114992797374725,"[71, 92, 37, 99, 82, 53, 74, 19, 15, 73]"
456,100,0,10,0.9349594453970591,0.02591804787516594,"[22, 40, 20, 79, 62, 46, 94, 88, 55, 7]"
457,100,0,10,0.9355047772328059,0.026685647666454315,"[85, 66, 19, 30, 10, 42, 37, 86, 92, 22]"
458,100,0,10,0.932396889395184,0.026558425277471542,"[30, 80, 7, 22, 59, 53, 41, 94, 98, 20]"
459,100,0,10,0.933485636777348,0.03356809914112091,"[54, 55, 38, 83, 67, 73, 52, 84, 6, 71]"
460,100,0,10,0.9351633267270194,0.03050445392727852,"[62, 43, 54, 68, 11, 83, 66, 58, 73, 9]"
461,100,0,10,0.9326400852865643,0.026215430349111557,"[19, 96, 94, 40, 39, 43, 81, 73, 79, 51]"
462,100,0,10,0.9288324611054526,0.059337690472602844,"[25, 85, 94, 26, 30, 49, 47, 9, 71, 99]"
463,100,0,10,0.9313541187180413,0.027421988546848297,"[88, 67, 60, 48, 62, 35, 51, 87, 86, 50]"
464,100,0,10,0.9327904449568853,0.04484280198812485,"[90, 17, 97, 47, 35, 44, 39, 88, 15, 87]"
465,100,0,10,0.9285709165864521,0.029511278495192528,"[66, 12, 77, 14, 84, 85, 42, 57, 11, 52]"
466,100,0,10,0.9296912630399068,0.03283824771642685,"[7, 33, 8, 31, 20, 14, 24, 42, 10, 49]"
467,100,0,10,0.928701149755054,0.027407856658101082,"[83, 64, 52, 90, 45, 14, 61, 42, 94, 40]"
468,100,0,10,0.9262264923916923,0.028252145275473595,"[24, 14, 47, 19, 72, 79, 65, 25, 49, 31]"
469,100,0,10,0.92822145819664,0.02643139660358429,"[46, 48, 44, 42, 50, 79, 8, 66, 87, 35]"
470,100,0,10,0.9229879286554125,0.02797723188996315,"[87, 38, 30, 88, 65, 14, 12, 17, 21, 11]"
471,100,0,10,0.9266801748010847,0.0312633216381073,"[8, 73, 99, 59, 90, 89, 97, 38, 39, 6]"
472,100,0,10,0.9280113478501638,0.04477311298251152,"[71, 9, 37, 2, 24, 48, 35, 90, 28, 46]"
473,100,0,10,0.9251843005418777,0.0372915044426918,"[37, 42, 67, 41, 19, 14, 15, 54, 94, 57]"
474,100,0,10,0.9266889840364456,0.037745773792266846,"[1, 90, 48, 11, 60, 58, 41, 30, 86, 15]"
475,100,0,10,0.9190789096885257,0.027395177632570267,"[40, 71, 79, 80, 54, 38, 11, 97, 2, 36]"
476,100,0,10,0.9214949720435672,0.029248660430312157,"[86, 89, 31, 60, 80, 9, 40, 55, 38, 30]"
477,100,0,10,0.9245336280928718,0.027267778292298317,"[31, 9, 13, 55, 15, 83, 78, 1, 47, 18]"
478,100,0,10,0.9245697756608326,0.030111543834209442,"[94, 86, 97, 19, 23, 46, 72, 42, 4, 62]"
479,100,0,10,0.9208873831563525,0.026324773207306862,"[24, 93, 48, 65, 2, 47, 23, 72, 45, 68]"
480,100,0,10,0.9200041592121124,0.029248081147670746,"[71, 97, 40, 14, 38, 32, 70, 62, 68, 94]"
481,100,0,10,0.9172113868925307,0.02712159790098667,"[94, 10, 42, 19, 64, 74, 0, 20, 92, 99]"
482,100,0,10,0.9183449467023215,0.029604224488139153,"[2, 51, 68, 14, 58, 43, 29, 76, 18, 72]"
483,100,0,10,0.9206850445932813,0.029851697385311127,"[88, 61, 49, 87, 39, 4, 43, 81, 20, 89]"
484,100,0,10,0.9153567565812004,0.028758665546774864,"[45, 10, 4, 19, 80, 98, 14, 57, 67, 24]"
485,100,0,10,0.9166268375184801,0.02714405208826065,"[38, 4, 71, 97, 20, 50, 22, 93, 29, 66]"
486,100,0,10,0.9169454438818825,0.026496658101677895,"[79, 2, 15, 44, 49, 12, 65, 51, 54, 81]"
487,100,0,10,0.9161122961176766,0.028890099376440048,"[23, 58, 51, 2, 64, 99, 47, 6, 87, 15]"
488,100,0,10,0.9157468660010232,0.026875963434576988,"[67, 39, 74, 40, 96, 22, 71, 86, 15, 24]"
489,100,0,10,0.91452959312333,0.030277976766228676,"[12, 97, 55, 41, 72, 99, 87, 89, 20, 49]"
490,100,0,10,0.9143614566988416,0.031005797907710075,"[75, 86, 65, 19, 42, 32, 23, 22, 52, 10]"
491,100,0,10,0.9131586379475064,0.02868100441992283,"[95, 13, 24, 4, 65, 94, 62, 97, 71, 14]"
492,100,0,10,0.9131945179568397,0.028747234493494034,"[54, 89, 23, 73, 0, 4, 87, 24, 55, 85]"
493,100,0,10,0.9117299308379492,0.02784428745508194,"[9, 75, 6, 53, 28, 83, 0, 42, 40, 58]"
494,100,0,10,0.909380903840065,0.029251152649521828,"[91, 47, 75, 28, 13, 83, 65, 51, 76, 20]"
495,100,0,10,0.9132430066665014,0.0297539159655571,"[28, 97, 81, 19, 51, 56, 8, 64, 30, 46]"
496,100,0,10,0.9129901972081926,0.025961896404623985,"[67, 73, 44, 58, 18, 83, 78, 45, 97, 11]"
497,100,0,10,0.9150590038961834,0.028760042041540146,"[15, 55, 93, 81, 96, 94, 12, 28, 30, 42]"
498,100,0,10,0.9080823381741843,0.029991330578923225,"[91, 10, 46, 23, 55, 2, 87, 39, 57, 8]"
499,100,0,10,0.9120945533116658,0.03628189116716385,"[24, 72, 55, 41, 48, 4, 1, 70, 7, 66]"
500,100,0,10,0.9086071348852581,0.027175914496183395,"[83, 37, 92, 79, 64, 29, 18, 66, 14, 67]"
501,100,0,10,0.910670409268803,0.03406798467040062,"[9, 73, 86, 71, 88, 85, 32, 49, 67, 51]"
502,100,0,10,0.9068781667285495,0.04134736955165863,"[91, 47, 29, 7, 52, 48, 74, 38, 85, 30]"
503,100,0,10,0.9074766119321187,0.02796887792646885,"[66, 98, 80, 97, 68, 20, 85, 86, 61, 88]"
504,100,0,10,0.9075099666913351,0.02654675766825676,"[61, 35, 92, 88, 48, 45, 18, 4, 68, 7]"
505,100,0,10,0.9065880851613151,0.03302701562643051,"[87, 55, 42, 72, 68, 66, 49, 65, 13, 83]"
506,100,0,10,0.903820417324702,0.02878124825656414,"[75, 7, 47, 70, 71, 63, 48, 94, 57, 64]"
507,100,0,10,0.9061655279662875,0.028056254610419273,"[97, 13, 65, 42, 8, 12, 24, 59, 86, 38]"
508,100,0,10,0.9028134812911351,0.03154297173023224,"[58, 43, 65, 85, 28, 6, 90, 61, 64, 67]"
509,100,0,10,0.9025422500239478,0.027110209688544273,"[89, 52, 97, 1, 39, 33, 80, 92, 96, 54]"
510,100,0,10,0.8984199692805608,0.0266281608492136,"[90, 55, 9, 32, 86, 88, 25, 74, 78, 95]"
511,100,0,10,0.9005428039365344,0.030453898012638092,"[13, 30, 49, 86, 39, 55, 82, 15, 65, 68]"
512,100,0,10,0.8983686986896726,0.02794179692864418,"[18, 39, 76, 53, 74, 22, 75, 58, 25, 89]"
513,100,0,10,0.900131634871165,0.027081161737442017,"[56, 11, 50, 65, 76, 83, 74, 15, 37, 59]"
514,100,0,10,0.9005168040593465,0.026557682082057,"[54, 40, 75, 97, 78, 92, 65, 10, 66, 28]"
515,100,0,10,0.9010219507747226,0.026631120592355728,"[25, 81, 18, 9, 33, 59, 15, 62, 14, 55]"
516,100,0,10,0.8977156311273575,0.026169288903474808,"[78, 79, 87, 45, 20, 35, 81, 30, 49, 99]"
517,100,0,10,0.9002369539605246,0.046386800706386566,"[13, 6, 72, 97, 62, 65, 8, 7, 61, 90]"
518,100,0,10,0.8950202564398448,0.028318554162979126,"[85, 62, 79, 48, 43, 29, 23, 27, 98, 74]"
519,100,0,10,0.8973703629440731,0.027440663427114487,"[72, 9, 51, 39, 31, 44, 45, 94, 14, 17]"
520,100,0,10,0.8961431334416071,0.026900028809905052,"[33, 38, 39, 87, 56, 23, 81, 47, 72, 67]"
521,100,0,10,0.8978034847312504,0.036621659994125366,"[31, 81, 59, 75, 93, 94, 47, 57, 44, 97]"
522,100,0,10,0.897553003165457,0.030537541955709457,"[47, 9, 57, 23, 54, 67, 55, 39, 59, 18]"
523,100,0,10,0.8957910133732689,0.030296724289655685,"[70, 51, 43, 30, 37, 86, 73, 14, 1, 23]"
524,100,0,10,0.8959442622131771,0.02968871220946312,"[0, 19, 29, 83, 24, 80, 66, 74, 81, 73]"
525,100,0,10,0.895201760199335,0.027185561135411263,"[28, 84, 87, 67, 6, 81, 83, 90, 12, 1]"
526,100,0,10,0.8936929490831164,0.028412431478500366,"[58, 94, 30, 18, 9, 74, 96, 39, 20, 36]"
527,100,0,10,0.8909669776757558,0.02604501135647297,"[29, 48, 33, 44, 92, 67, 39, 43, 76, 97]"
528,100,0,10,0.8927963972091675,0.027907459065318108,"[48, 24, 70, 58, 11, 66, 0, 61, 39, 98]"
529,100,0,10,0.8926965173747805,0.028760476037859917,"[19, 48, 44, 20, 11, 57, 1, 70, 87, 58]"
530,100,0,10,0.8938155200746325,0.031135352328419685,"[81, 43, 85, 58, 1, 93, 66, 94, 71, 51]"
531,100,0,10,0.8923606293068992,0.027024444192647934,"[70, 10, 6, 83, 71, 73, 84, 57, 88, 47]"
532,100,0,10,0.8895957638820012,0.0272216759622097,"[61, 57, 18, 9, 37, 86, 33, 73, 4, 62]"
533,100,0,10,0.8891154189904531,0.027535591274499893,"[32, 11, 80, 87, 14, 38, 7, 55, 84, 78]"
534,100,0,10,0.8891211559375127,0.02938614785671234,"[62, 35, 18, 65, 85, 98, 8, 70, 23, 80]"
535,100,0,10,0.884956600268682,0.025986218824982643,"[98, 31, 69, 87, 58, 61, 83, 1, 20, 51]"
536,100,0,10,0.8851287937826581,0.02901327796280384,"[77, 79, 52, 4, 75, 55, 18, 69, 30, 9]"
537,100,0,10,0.886428521407975,0.03115750476717949,"[76, 30, 25, 63, 9, 77, 31, 54, 35, 61]"
538,100,0,10,0.8859461045927473,0.033518899232149124,"[71, 2, 19, 15, 24, 58, 87, 36, 90, 85]"
539,100,0,10,0.8826285524500741,0.03458661586046219,"[15, 42, 77, 24, 23, 38, 83, 31, 45, 3]"
540,100,0,10,0.8864762034681108,0.04275382682681084,"[98, 72, 88, 44, 2, 55, 46, 39, 42, 90]"
541,100,0,10,0.8800348430871964,0.02693026326596737,"[88, 68, 64, 13, 39, 73, 70, 84, 45, 93]"
542,100,0,10,0.8850647101799647,0.029230976477265358,"[66, 30, 54, 97, 8, 27, 40, 24, 88, 57]"
543,100,0,10,0.8882238030433656,0.032998960465192795,"[65, 85, 86, 55, 88, 24, 81, 87, 61, 23]"
544,100,0,10,0.8809824698501163,0.02690444141626358,"[65, 15, 12, 50, 54, 31, 63, 8, 56, 41]"
545,100,0,10,0.8828105648358664,0.03181745111942291,"[85, 25, 55, 97, 47, 87, 28, 65, 35, 51]"
546,100,0,10,0.8799279229508505,0.027285704389214516,"[86, 74, 46, 94, 96, 12, 92, 22, 37, 1]"
547,100,0,10,0.8813701526986228,0.03562706336379051,"[73, 57, 78, 85, 35, 10, 93, 88, 66, 98]"
548,100,0,10,0.8806174970335431,0.027071921154856682,"[62, 85, 54, 70, 42, 83, 22, 9, 88, 99]"
549,100,0,10,0.8825908266835742,0.030458500608801842,"[86, 46, 13, 44, 97, 18, 76, 83, 2, 39]"
550,100,0,10,0.8833543386724261,0.028853654861450195,"[68, 29, 80, 10, 41, 35, 30, 38, 6, 93]"
551,100,0,10,0.8783231384224361,0.02914760634303093,"[45, 75, 18, 19, 66, 67, 55, 81, 7, 86]"
552,100,0,10,0.881154262026151,0.03255944699048996,"[4, 62, 61, 55, 9, 68, 30, 46, 97, 7]"
553,100,0,10,0.8774410429928038,0.02572859637439251,"[76, 54, 90, 30, 46, 6, 12, 99, 50, 86]"
554,100,0,10,0.8809478110737271,0.02890685200691223,"[72, 87, 93, 96, 15, 30, 80, 1, 81, 24]"
555,100,0,10,0.875885115067164,0.02689361199736595,"[24, 68, 48, 62, 65, 97, 27, 43, 50, 55]"
556,100,0,10,0.8741942240132226,0.027452511712908745,"[36, 14, 53, 19, 68, 24, 39, 90, 1, 9]"
557,100,0,10,0.8754937191804251,0.026709867641329765,"[47, 53, 54, 87, 12, 42, 32, 6, 86, 56]"
558,100,0,10,0.8749584241045846,0.026369500905275345,"[62, 39, 85, 71, 48, 9, 37, 7, 95, 35]"
559,100,0,10,0.8766613105932871,0.04825258255004883,"[89, 41, 83, 30, 87, 2, 7, 18, 45, 92]"
560,100,0,10,0.8753702064355215,0.026652608066797256,"[6, 52, 83, 29, 22, 35, 94, 96, 31, 8]"
561,100,0,10,0.8718720495700836,0.04102557152509689,"[11, 41, 60, 56, 63, 38, 83, 24, 55, 15]"
562,100,0,10,0.8752244353294373,0.028920909389853477,"[51, 42, 44, 73, 4, 72, 68, 48, 80, 30]"
563,100,0,10,0.8713662488592995,0.026785405352711678,"[65, 87, 37, 30, 11, 62, 15, 69, 67, 71]"
564,100,0,10,0.8760595430930456,0.03653261065483093,"[42, 11, 31, 97, 29, 52, 18, 78, 65, 83]"
565,100,0,10,0.8718513058291542,0.026459824293851852,"[59, 30, 78, 42, 53, 54, 79, 73, 85, 7]"
566,100,0,10,0.8766270554727978,0.04947996512055397,"[73, 71, 86, 48, 81, 96, 15, 88, 47, 72]"
567,100,0,10,0.867326408624649,0.02753916010260582,"[69, 68, 97, 86, 48, 53, 83, 15, 4, 78]"
568,100,0,10,0.8684999310308033,0.029476188123226166,"[13, 35, 97, 77, 50, 30, 27, 18, 41, 75]"
569,100,0,10,0.8677872406111823,0.030625907704234123,"[29, 8, 93, 87, 66, 74, 6, 59, 57, 15]"
570,100,0,10,0.8651645614041222,0.02983185648918152,"[11, 76, 22, 82, 14, 89, 30, 47, 49, 52]"
571,100,0,10,0.8701651788420147,0.02731114625930786,"[94, 22, 23, 65, 48, 6, 41, 42, 29, 59]"
572,100,0,10,0.865024118953281,0.02686661295592785,"[8, 35, 20, 70, 53, 10, 99, 76, 90, 43]"
573,100,0,10,0.8684954120053185,0.027165846899151802,"[76, 41, 4, 45, 83, 71, 70, 90, 30, 48]"
574,100,0,10,0.8624825961059994,0.02832368202507496,"[85, 50, 88, 23, 52, 26, 59, 89, 97, 30]"
575,100,0,10,0.8686395668321185,0.02874600514769554,"[81, 9, 10, 97, 52, 29, 7, 50, 47, 11]"
576,100,0,10,0.8664910760190752,0.03128322586417198,"[61, 11, 49, 41, 39, 13, 23, 1, 14, 59]"
577,100,0,10,0.8630287243260277,0.028269730508327484,"[52, 35, 80, 96, 89, 30, 27, 41, 83, 43]"
578,100,0,10,0.862788458334075,0.04320244491100311,"[58, 94, 55, 97, 25, 54, 73, 42, 59, 56]"
579,100,0,10,0.8580192281140222,0.028440386056900024,"[58, 47, 86, 35, 78, 70, 88, 3, 85, 29]"
580,100,0,10,0.859106938706504,0.028298554942011833,"[78, 1, 58, 94, 95, 24, 50, 48, 87, 88]"
581,100,0,10,0.8614433384603924,0.028379585593938828,"[89, 4, 86, 61, 60, 20, 81, 90, 30, 46]"
582,100,0,10,0.863252196709315,0.02919778786599636,"[48, 90, 44, 52, 61, 12, 9, 18, 84, 89]"
583,100,0,10,0.8603908492459191,0.03110450506210327,"[9, 47, 54, 84, 41, 71, 81, 70, 74, 29]"
584,100,0,10,0.8562515235609478,0.03044593520462513,"[28, 32, 8, 51, 14, 76, 17, 12, 96, 60]"
585,100,0,10,0.8612803899579577,0.029106080532073975,"[66, 93, 19, 68, 55, 39, 10, 15, 74, 76]"
586,100,0,10,0.8588129126363331,0.044093139469623566,"[74, 52, 44, 73, 49, 43, 48, 59, 15, 94]"
587,100,0,10,0.8566528230905532,0.026481868699193,"[72, 53, 64, 11, 46, 19, 52, 79, 96, 39]"
588,100,0,10,0.857314795255661,0.02765072137117386,"[64, 73, 80, 92, 14, 54, 1, 15, 61, 40]"
589,100,0,10,0.8543328450785743,0.02717095986008644,"[27, 31, 35, 24, 1, 29, 38, 83, 55, 82]"
590,100,0,10,0.8591036740276549,0.04295821487903595,"[10, 71, 8, 97, 51, 32, 70, 83, 72, 23]"
591,100,0,10,0.8567493680450651,0.03034311719238758,"[88, 64, 0, 14, 72, 73, 94, 10, 85, 81]"
592,100,0,10,0.8550862259334988,0.026065643876791,"[83, 76, 73, 43, 31, 19, 62, 45, 41, 88]"
593,100,0,10,0.8536594122648239,0.0689639300107956,"[63, 88, 14, 72, 77, 35, 44, 70, 39, 94]"
594,100,0,10,0.8512316544850668,0.02890617959201336,"[76, 14, 28, 85, 42, 59, 18, 97, 69, 54]"
595,100,0,10,0.8495953556564119,0.02528473734855652,"[90, 68, 32, 67, 40, 43, 45, 65, 86, 10]"
596,100,0,10,0.8508344805902905,0.026867687702178955,"[29, 10, 71, 13, 85, 57, 79, 78, 48, 40]"
597,100,0,10,0.8510917911926905,0.030598530545830727,"[93, 23, 74, 31, 27, 66, 15, 54, 14, 61]"
598,100,0,10,0.8493767801258298,0.03149358183145523,"[2, 50, 9, 90, 58, 75, 56, 38, 28, 54]"
599,100,0,10,0.8491957777076298,0.03431137651205063,"[29, 97, 27, 96, 65, 10, 86, 89, 24, 63]"
600,100,0,10,0.8497667471567789,0.02932680770754814,"[61, 86, 88, 42, 11, 32, 60, 9, 17, 31]"
601,100,0,10,0.8468300501505535,0.03118443675339222,"[80, 23, 50, 62, 89, 20, 73, 30, 74, 72]"
602,100,0,10,0.8499771512216991,0.04197899252176285,"[31, 85, 58, 28, 61, 30, 66, 93, 6, 67]"
603,100,0,10,0.848366634051005,0.033162184059619904,"[35, 20, 28, 64, 11, 52, 9, 29, 54, 59]"
604,100,0,10,0.8433813144763311,0.026988323777914047,"[47, 57, 70, 83, 78, 18, 97, 45, 49, 24]"
605,100,0,10,0.8488987323310639,0.03240936994552612,"[90, 56, 27, 51, 71, 7, 18, 81, 61, 83]"
606,100,0,10,0.8484722740120358,0.0300998967140913,"[55, 71, 12, 35, 94, 15, 90, 79, 67, 52]"
607,100,0,10,0.8446237448188993,0.027298573404550552,"[47, 76, 20, 9, 92, 46, 74, 32, 42, 75]"
608,100,0,10,0.8451167245705922,0.02496759593486786,"[12, 35, 23, 71, 80, 93, 45, 7, 81, 65]"
609,100,0,10,0.8448661231332355,0.03235825523734093,"[14, 90, 55, 10, 97, 33, 32, 12, 15, 92]"
610,100,0,10,0.8407751639684042,0.0436471663415432,"[61, 42, 24, 63, 58, 54, 56, 9, 97, 60]"
611,100,0,10,0.8386221958531274,0.02842186763882637,"[3, 73, 46, 87, 41, 61, 54, 96, 67, 29]"
612,100,0,10,0.8400040090084075,0.026025772094726562,"[33, 10, 94, 62, 22, 2, 81, 79, 76, 78]"
613,100,0,10,0.8421947341826227,0.028268009424209595,"[87, 10, 0, 31, 24, 11, 25, 42, 86, 38]"
614,100,0,10,0.8371602937579155,0.030309779569506645,"[17, 20, 35, 53, 6, 13, 62, 67, 76, 64]"
615,100,0,10,0.8397668747438325,0.02683950774371624,"[80, 48, 33, 2, 39, 77, 59, 73, 40, 6]"
616,100,0,10,0.8351262774732378,0.02973957359790802,"[60, 1, 48, 89, 67, 58, 37, 35, 18, 0]"
617,100,0,10,0.8391894337203767,0.02804342471063137,"[67, 23, 97, 19, 7, 61, 40, 68, 12, 83]"
618,100,0,10,0.8371926620602608,0.02663033828139305,"[24, 33, 72, 29, 96, 83, 4, 73, 15, 68]"
619,100,0,10,0.8377382490370009,0.02712967060506344,"[18, 78, 44, 53, 40, 24, 6, 28, 8, 98]"
620,100,0,10,0.8348932418558332,0.02797047235071659,"[48, 38, 74, 93, 37, 14, 45, 52, 75, 66]"
621,100,0,10,0.8364668233527077,0.026123445481061935,"[55, 51, 66, 38, 46, 39, 57, 61, 88, 33]"
622,100,0,10,0.8370456717080541,0.02749735489487648,"[46, 19, 18, 81, 22, 64, 4, 28, 59, 88]"
623,100,0,10,0.8325591670142279,0.02854638546705246,"[49, 53, 57, 7, 37, 14, 48, 40, 29, 68]"
624,100,0,10,0.8369103501240412,0.033370327204465866,"[54, 6, 74, 58, 12, 55, 66, 86, 8, 65]"
625,100,0,10,0.8323453057143424,0.0261439997702837,"[22, 4, 47, 43, 9, 99, 55, 40, 86, 81]"
626,100,0,10,0.8332133316331439,0.02558891288936138,"[78, 81, 60, 79, 48, 32, 9, 80, 55, 88]"
627,100,0,10,0.8366653152638012,0.029149070382118225,"[73, 28, 74, 71, 12, 52, 58, 62, 59, 41]"
628,100,0,10,0.8333514140711891,0.029321378096938133,"[39, 57, 41, 97, 43, 14, 58, 72, 80, 2]"
629,100,0,10,0.8327022357119455,0.026312831789255142,"[7, 38, 73, 35, 25, 79, 65, 71, 68, 31]"
630,100,0,10,0.8320425528619024,0.029926791787147522,"[39, 35, 32, 24, 67, 62, 20, 51, 71, 26]"
631,100,0,10,0.8337891285618146,0.029545079916715622,"[7, 13, 49, 39, 87, 81, 14, 96, 44, 61]"
632,100,0,10,0.830486521952682,0.03500598296523094,"[72, 51, 85, 19, 30, 70, 29, 97, 13, 14]"
633,100,0,10,0.8321049042873913,0.0287470743060112,"[55, 35, 8, 65, 64, 86, 23, 62, 46, 66]"
634,100,0,10,0.8302009059323205,0.029861176386475563,"[47, 97, 75, 32, 62, 44, 94, 38, 23, 40]"
635,100,0,10,0.8328678925832114,0.030221853405237198,"[59, 30, 55, 90, 48, 8, 58, 31, 76, 35]"
636,100,0,10,0.8290267480744256,0.03293275833129883,"[52, 87, 48, 81, 85, 92, 22, 38, 77, 8]"
637,100,0,10,0.8266672242018911,0.05229320377111435,"[41, 23, 51, 84, 33, 49, 42, 83, 38, 28]"
638,100,0,10,0.8306037800179586,0.033473894000053406,"[11, 15, 47, 44, 85, 38, 71, 62, 10, 64]"
639,100,0,10,0.8256622365779347,0.027215592563152313,"[48, 53, 59, 6, 7, 18, 61, 44, 33, 31]"
640,100,0,10,0.830552218357722,0.04699559509754181,"[49, 81, 39, 38, 86, 83, 9, 74, 71, 30]"
641,100,0,10,0.8272547375824717,0.03591805323958397,"[75, 91, 24, 90, 10, 11, 66, 62, 6, 65]"
642,100,0,10,0.8231614084707366,0.028042694553732872,"[13, 56, 42, 86, 71, 99, 61, 88, 1, 84]"
643,100,0,10,0.8239976283576753,0.028232093900442123,"[93, 28, 81, 55, 13, 20, 12, 38, 73, 18]"
644,100,0,10,0.8221785156263246,0.027028456330299377,"[84, 4, 54, 44, 97, 92, 9, 88, 55, 27]"
645,100,0,10,0.8231728030575647,0.029945403337478638,"[74, 50, 76, 73, 83, 92, 75, 97, 71, 23]"
646,100,0,10,0.8192674217952622,0.025689851492643356,"[83, 60, 45, 32, 44, 90, 93, 6, 48, 92]"
647,100,0,10,0.8183772794074482,0.03839854896068573,"[1, 57, 37, 85, 24, 19, 28, 74, 9, 25]"
648,100,0,10,0.8212311233083407,0.028639934957027435,"[11, 4, 9, 32, 23, 99, 85, 35, 59, 87]"
649,100,0,10,0.8157904013991356,0.026107192039489746,"[55, 42, 58, 86, 44, 66, 1, 84, 45, 56]"
650,100,0,10,0.8145722877648142,0.027631796896457672,"[98, 38, 78, 82, 39, 65, 86, 52, 55, 96]"
651,100,0,10,0.8184207874867652,0.029676146805286407,"[51, 83, 71, 86, 62, 81, 45, 33, 39, 97]"
652,100,0,10,0.8142214957210753,0.03452381119132042,"[17, 52, 20, 70, 99, 49, 75, 88, 6, 10]"
653,100,0,10,0.8161713265710406,0.02647729218006134,"[86, 92, 99, 41, 19, 83, 46, 59, 50, 53]"
654,100,0,10,0.8169685653514333,0.029099468141794205,"[9, 12, 42, 59, 11, 30, 49, 13, 43, 77]"
655,100,0,10,0.818734339872996,0.029764097183942795,"[10, 9, 12, 55, 96, 90, 29, 27, 41, 94]"
656,100,0,10,0.8193084499902196,0.043235406279563904,"[77, 54, 47, 67, 66, 14, 7, 19, 90, 30]"
657,100,0,10,0.818551667034626,0.06622718274593353,"[72, 41, 61, 14, 18, 86, 52, 40, 15, 2]"
658,100,0,10,0.8110645163390371,0.026011096313595772,"[96, 28, 39, 52, 24, 78, 92, 1, 0, 80]"
659,100,0,10,0.8133162602782249,0.025266291573643684,"[46, 88, 79, 65, 51, 59, 71, 55, 58, 60]"
660,100,0,10,0.8122358482744958,0.03187470883131027,"[6, 58, 49, 71, 72, 69, 39, 4, 90, 48]"
661,100,0,10,0.8132254799207053,0.032667167484760284,"[81, 54, 29, 94, 66, 76, 23, 67, 49, 11]"
662,100,0,10,0.8117906388309266,0.0458967387676239,"[78, 96, 72, 10, 15, 83, 56, 52, 39, 86]"
663,100,0,10,0.8118952810764313,0.027300510555505753,"[13, 89, 92, 40, 15, 84, 28, 65, 48, 10]"
664,100,0,10,0.81143322719468,0.026206765323877335,"[71, 8, 20, 19, 40, 72, 7, 15, 22, 31]"
665,100,0,10,0.809647475845284,0.02888590656220913,"[52, 53, 85, 94, 74, 42, 4, 64, 58, 55]"
666,100,0,10,0.8146193668246269,0.03307197242975235,"[10, 24, 38, 7, 54, 20, 11, 71, 14, 59]"
667,100,0,10,0.8136639287074408,0.0322982594370842,"[41, 35, 51, 71, 53, 48, 80, 39, 79, 58]"
668,100,0,10,0.8092636227607727,0.0278609786182642,"[58, 11, 55, 44, 68, 37, 89, 77, 20, 24]"
669,100,0,10,0.8082560067375502,0.027419522404670715,"[94, 85, 87, 8, 22, 92, 96, 88, 54, 75]"
670,100,0,10,0.8060273077752855,0.02965964749455452,"[92, 22, 2, 66, 60, 24, 90, 41, 97, 49]"
671,100,0,10,0.807386896179782,0.02705824375152588,"[46, 87, 48, 88, 80, 52, 75, 42, 25, 92]"
672,100,0,10,0.8043345232804616,0.031260550022125244,"[42, 96, 71, 8, 24, 66, 98, 29, 17, 55]"
673,100,0,10,0.8088650188512272,0.036668986082077026,"[73, 41, 97, 96, 44, 88, 57, 87, 77, 19]"
674,100,0,10,0.8071645008193122,0.033986326307058334,"[64, 8, 53, 41, 75, 20, 83, 94, 87, 28]"
675,100,0,10,0.7999244368738598,0.027394691482186317,"[74, 20, 97, 89, 59, 58, 41, 79, 6, 63]"
676,100,0,10,0.8056859294573466,0.028120288625359535,"[30, 98, 50, 7, 6, 15, 87, 10, 86, 54]"
677,100,0,10,0.7997313299112849,0.02667343243956566,"[55, 37, 27, 6, 10, 58, 11, 71, 3, 90]"
678,100,0,10,0.8022256422373983,0.026546310633420944,"[8, 1, 2, 22, 81, 78, 59, 71, 44, 41]"
679,100,0,10,0.8042275875806808,0.029402123764157295,"[65, 86, 24, 68, 98, 15, 20, 39, 32, 41]"
680,100,0,10,0.8032540248499976,0.04039546474814415,"[99, 71, 86, 61, 93, 35, 72, 19, 4, 6]"
681,100,0,10,0.7998793037401305,0.02618863247334957,"[53, 42, 79, 66, 20, 87, 23, 52, 65, 57]"
682,100,0,10,0.7991974186566141,0.027926838025450706,"[56, 10, 4, 67, 65, 89, 31, 79, 14, 47]"
683,100,0,10,0.79549437413613,0.027726924046874046,"[71, 68, 90, 85, 4, 32, 50, 27, 80, 78]"
684,100,0,10,0.8029910849200355,0.03627245873212814,"[58, 88, 6, 18, 29, 47, 48, 74, 15, 62]"
685,100,0,10,0.7974747253788842,0.028240270912647247,"[17, 37, 72, 83, 73, 48, 46, 76, 41, 79]"
686,100,0,10,0.8052427311738333,0.029526308178901672,"[87, 97, 62, 24, 28, 32, 9, 1, 10, 11]"
687,100,0,10,0.7965921021170086,0.03078361228108406,"[46, 88, 2, 87, 83, 17, 28, 68, 63, 51]"
688,100,0,10,0.7985148082176844,0.02718980424106121,"[35, 11, 77, 7, 63, 54, 92, 90, 1, 42]"
689,100,0,10,0.7935894331998294,0.02706742286682129,"[88, 58, 86, 72, 42, 25, 54, 32, 22, 81]"
690,100,0,10,0.7994496925009622,0.028001360595226288,"[42, 30, 14, 10, 65, 41, 72, 61, 46, 33]"
691,100,0,10,0.7927071647511588,0.028043020516633987,"[44, 45, 22, 2, 14, 6, 67, 38, 73, 94]"
692,100,0,10,0.7960269797179433,0.02876019850373268,"[15, 89, 64, 24, 1, 58, 4, 80, 94, 75]"
693,100,0,10,0.7969953444268969,0.03616638481616974,"[78, 44, 46, 30, 66, 24, 2, 48, 59, 61]"
694,100,0,10,0.7921263944771555,0.02937987633049488,"[99, 13, 58, 88, 76, 72, 96, 75, 11, 8]"
695,100,0,10,0.7901369497179985,0.02681397832930088,"[91, 31, 79, 90, 97, 61, 71, 23, 96, 28]"
696,100,0,10,0.793399486442407,0.03404998034238815,"[88, 90, 39, 52, 10, 28, 94, 41, 51, 3]"
697,100,0,10,0.7927471361226506,0.0346207469701767,"[27, 67, 75, 41, 43, 88, 10, 29, 30, 15]"
698,100,0,10,0.7908469102448887,0.028399338945746422,"[96, 75, 30, 42, 51, 72, 86, 77, 80, 53]"
699,100,0,10,0.7920330416825083,0.028549939393997192,"[28, 94, 9, 49, 66, 68, 24, 78, 6, 76]"
700,100,0,10,0.7905072680777974,0.0398920476436615,"[52, 15, 90, 54, 66, 85, 49, 81, 19, 1]"
701,100,0,10,0.7922687752379312,0.029239783063530922,"[14, 71, 94, 83, 60, 44, 87, 76, 6, 88]"
702,100,0,10,0.783204209473398,0.02921910397708416,"[55, 13, 53, 9, 49, 8, 96, 25, 51, 89]"
703,100,0,10,0.7915753642717998,0.03142717853188515,"[73, 40, 62, 11, 64, 59, 81, 18, 41, 39]"
704,100,0,10,0.7845121032661861,0.027742860838770866,"[30, 52, 44, 89, 67, 4, 39, 33, 61, 20]"
705,100,0,10,0.786478226714664,0.03325449302792549,"[58, 72, 28, 49, 18, 6, 23, 24, 79, 88]"
706,100,0,10,0.7832936492231157,0.028416279703378677,"[54, 11, 85, 63, 94, 37, 61, 50, 28, 4]"
707,100,0,10,0.7825754514998859,0.026478826999664307,"[71, 39, 40, 87, 9, 8, 95, 74, 30, 13]"
708,100,0,10,0.7891179013583396,0.030369965359568596,"[61, 19, 88, 68, 65, 2, 80, 81, 73, 29]"
709,100,0,10,0.7878118798136711,0.035878825932741165,"[48, 30, 57, 52, 35, 90, 59, 67, 41, 11]"
710,100,0,10,0.7837171388996973,0.028768641874194145,"[24, 54, 81, 38, 64, 63, 87, 51, 30, 32]"
711,100,0,10,0.7890890399614969,0.03853438049554825,"[97, 87, 94, 99, 41, 11, 48, 44, 29, 39]"
712,100,0,10,0.782000765701135,0.025680391117930412,"[59, 62, 44, 97, 90, 88, 42, 43, 33, 35]"
713,100,0,10,0.7806236858169238,0.027253862470388412,"[67, 4, 93, 50, 28, 11, 46, 1, 10, 75]"
714,100,0,10,0.7808674050701989,0.027121469378471375,"[29, 8, 76, 81, 19, 63, 66, 92, 9, 93]"
715,100,0,10,0.7791160442762904,0.026728954166173935,"[93, 8, 13, 31, 67, 39, 58, 79, 6, 70]"
716,100,0,10,0.7733829092648294,0.027041364461183548,"[98, 86, 47, 58, 32, 29, 99, 51, 64, 50]"
717,100,0,10,0.780303817987442,0.026716843247413635,"[84, 4, 73, 58, 64, 90, 55, 30, 62, 93]"
718,100,0,10,0.772015451391538,0.03019097074866295,"[67, 54, 2, 36, 58, 64, 87, 89, 86, 68]"
719,100,0,10,0.7799048339327177,0.02840389497578144,"[93, 86, 27, 89, 9, 48, 71, 10, 50, 38]"
720,100,0,10,0.7792646355099149,0.027570001780986786,"[93, 31, 90, 80, 62, 57, 68, 9, 74, 14]"
721,100,0,10,0.7780637996064292,0.03148477524518967,"[96, 88, 41, 18, 70, 44, 12, 87, 59, 46]"
722,100,0,10,0.7787069199813736,0.029902121052145958,"[29, 83, 55, 51, 96, 48, 78, 19, 38, 65]"
723,100,0,10,0.7724657105074988,0.030592594295740128,"[15, 27, 66, 96, 10, 20, 76, 11, 85, 25]"
724,100,0,10,0.7709790602326393,0.027085475623607635,"[62, 89, 30, 23, 18, 71, 97, 40, 95, 56]"
725,100,0,10,0.7740429346760114,0.027576593682169914,"[55, 4, 43, 50, 11, 84, 24, 42, 71, 85]"
726,100,0,10,0.7788512623972363,0.03144916519522667,"[14, 97, 71, 13, 44, 83, 61, 10, 59, 74]"
727,100,0,10,0.7733113169670105,0.03049943968653679,"[52, 75, 97, 14, 38, 6, 12, 31, 88, 57]"
728,100,0,10,0.7712906623880068,0.029447101056575775,"[14, 96, 13, 55, 64, 87, 9, 40, 46, 88]"
729,100,0,10,0.7704140343599849,0.029654009267687798,"[24, 76, 87, 58, 4, 56, 78, 77, 48, 64]"
730,100,0,10,0.7717154153519207,0.04819357395172119,"[10, 85, 38, 90, 58, 78, 72, 70, 47, 54]"
731,100,0,10,0.7715796364678278,0.02986406348645687,"[9, 51, 77, 45, 12, 75, 90, 89, 73, 48]"
732,100,0,10,0.7698281357685726,0.029759105294942856,"[7, 62, 99, 71, 85, 64, 73, 15, 98, 54]"
733,100,0,10,0.7658528241846296,0.032168492674827576,"[54, 85, 29, 72, 41, 9, 62, 73, 3, 83]"
734,100,0,10,0.7721266301141845,0.029921120032668114,"[44, 35, 93, 72, 14, 89, 80, 23, 4, 18]"
735,100,0,10,0.7705043499668439,0.03101196512579918,"[20, 90, 41, 97, 33, 61, 52, 35, 19, 24]"
736,100,0,10,0.7707829544941585,0.035524819046258926,"[1, 31, 78, 37, 66, 99, 14, 88, 94, 39]"
737,100,0,10,0.764353716870149,0.0258613433688879,"[29, 10, 51, 65, 62, 53, 98, 82, 76, 19]"
738,100,0,10,0.7647483901845085,0.026365764439105988,"[24, 92, 35, 76, 12, 25, 88, 47, 28, 40]"
739,100,0,10,0.7619070370992025,0.02653116174042225,"[29, 37, 75, 8, 2, 45, 26, 10, 73, 86]"
740,100,0,10,0.7649432291587194,0.027300439774990082,"[71, 4, 86, 8, 60, 15, 20, 68, 44, 55]"
741,100,0,10,0.7669453233480453,0.026669135317206383,"[43, 17, 30, 80, 35, 77, 94, 7, 92, 23]"
742,100,0,10,0.7692075149880515,0.03247443959116936,"[70, 93, 35, 18, 51, 29, 83, 74, 48, 19]"
743,100,0,10,0.759656484425068,0.029806578531861305,"[4, 17, 66, 61, 30, 85, 35, 99, 70, 20]"
744,100,0,10,0.7588054834140672,0.03129629045724869,"[27, 89, 8, 81, 49, 52, 90, 78, 4, 93]"
745,100,0,10,0.7620947587821219,0.030458489432930946,"[77, 38, 37, 14, 31, 53, 6, 75, 18, 99]"
746,100,0,10,0.7622253164649009,0.0267983078956604,"[45, 76, 10, 47, 68, 28, 87, 32, 92, 86]"
747,100,0,10,0.7645037026868926,0.02974671497941017,"[85, 39, 31, 81, 46, 70, 88, 6, 80, 97]"
748,100,0,10,0.7667838849955135,0.03298524022102356,"[32, 11, 42, 58, 24, 41, 44, 86, 89, 28]"
749,100,0,10,0.7641587298777368,0.032217007130384445,"[12, 80, 75, 35, 24, 10, 88, 55, 18, 38]"
750,100,0,10,0.7572817704743809,0.02717396430671215,"[35, 24, 10, 75, 78, 8, 41, 56, 97, 0]"
751,100,0,10,0.7601410435305702,0.02897326834499836,"[39, 20, 44, 88, 32, 61, 41, 56, 1, 87]"
752,100,0,10,0.7609782051708963,0.032975174486637115,"[72, 30, 98, 73, 97, 68, 41, 35, 27, 65]"
753,100,0,10,0.7615413861142264,0.028894109651446342,"[86, 58, 71, 90, 80, 65, 88, 28, 43, 77]"
754,100,0,10,0.759227502014902,0.028210727497935295,"[88, 50, 23, 84, 94, 19, 87, 37, 32, 10]"
755,100,0,10,0.7554340198636056,0.026049215346574783,"[87, 92, 13, 40, 11, 80, 86, 20, 37, 54]"
756,100,0,10,0.7583365607592795,0.03051164746284485,"[74, 81, 8, 89, 18, 58, 24, 15, 97, 63]"
757,100,0,10,0.7512824205888642,0.029052337631583214,"[9, 70, 40, 93, 48, 17, 11, 50, 59, 28]"
758,100,0,10,0.7649695429537031,0.03355957567691803,"[83, 73, 42, 15, 65, 31, 30, 35, 85, 76]"
759,100,0,10,0.7557813596394327,0.02923242375254631,"[87, 19, 57, 59, 49, 71, 32, 47, 41, 44]"
760,100,0,10,0.7575472969147894,0.029376158490777016,"[81, 90, 40, 62, 73, 14, 23, 6, 31, 37]"
761,100,0,10,0.759135850932863,0.027810268104076385,"[79, 42, 59, 23, 11, 7, 38, 24, 83, 2]"
762,100,0,10,0.7593339640233252,0.030304811894893646,"[39, 71, 4, 53, 72, 94, 54, 15, 48, 6]"
763,100,0,10,0.7496897414326668,0.027304518967866898,"[41, 2, 75, 35, 93, 9, 83, 40, 17, 79]"
764,100,0,10,0.7537817120552063,0.030436944216489792,"[50, 18, 9, 81, 29, 15, 48, 39, 70, 55]"
765,100,0,10,0.7480112998021973,0.03178148716688156,"[68, 7, 49, 69, 83, 87, 85, 30, 54, 75]"
766,100,0,10,0.7476929619908332,0.028814351186156273,"[92, 84, 94, 48, 56, 74, 24, 88, 77, 17]"
767,100,0,10,0.7510879029830297,0.026534125208854675,"[73, 54, 23, 71, 10, 39, 45, 42, 25, 53]"
768,100,0,10,0.7517347577545378,0.042986515909433365,"[14, 17, 48, 37, 42, 83, 39, 10, 44, 56]"
769,100,0,10,0.7482325010829501,0.025387730449438095,"[1, 37, 94, 65, 88, 86, 33, 22, 92, 66]"
770,100,0,10,0.7489451032545831,0.02859662100672722,"[67, 0, 37, 7, 39, 46, 30, 38, 55, 10]"
771,100,0,10,0.7493322127395206,0.02880212292075157,"[31, 19, 74, 83, 15, 53, 52, 45, 11, 35]"
772,100,0,10,0.749700340628624,0.04198748990893364,"[2, 7, 4, 10, 70, 38, 52, 31, 77, 18]"
773,100,0,10,0.7433364399605327,0.029510067775845528,"[1, 17, 66, 42, 80, 90, 92, 79, 72, 23]"
774,100,0,10,0.7418107804324892,0.02719278819859028,"[41, 68, 52, 28, 20, 31, 40, 33, 90, 2]"
775,100,0,10,0.7502373955316014,0.02943924255669117,"[49, 30, 11, 65, 12, 74, 23, 1, 10, 19]"
776,100,0,10,0.7451660704281595,0.028044050559401512,"[57, 52, 58, 32, 53, 19, 72, 55, 61, 42]"
777,100,0,10,0.7464504793286324,0.028196610510349274,"[32, 94, 18, 62, 98, 51, 40, 15, 47, 66]"
778,100,0,10,0.7450501509838634,0.04392225295305252,"[65, 71, 6, 18, 90, 35, 82, 32, 39, 72]"
779,100,0,10,0.7442545513312022,0.02832109108567238,"[80, 28, 73, 13, 35, 52, 14, 68, 37, 10]"
780,100,0,10,0.7409661266538832,0.02759498730301857,"[64, 71, 47, 78, 11, 85, 54, 66, 53, 43]"
781,100,0,10,0.7368867044647535,0.032035667449235916,"[4, 33, 48, 53, 98, 19, 38, 44, 46, 35]"
782,100,0,10,0.7392833658390575,0.02727312035858631,"[30, 96, 27, 12, 46, 86, 63, 94, 48, 79]"
783,100,0,10,0.7462208522690668,0.03321332111954689,"[8, 65, 42, 22, 88, 30, 31, 39, 72, 70]"
784,100,0,10,0.7452670070860121,0.03259187191724777,"[61, 55, 30, 29, 37, 9, 62, 11, 67, 42]"
785,100,0,10,0.7411684004796876,0.027982141822576523,"[44, 19, 76, 94, 71, 11, 7, 65, 36, 81]"
786,100,0,10,0.7378878174556627,0.027207525447010994,"[78, 86, 68, 84, 65, 85, 76, 6, 42, 20]"
787,100,0,10,0.7401572583450211,0.03594271093606949,"[50, 10, 6, 74, 72, 41, 97, 62, 88, 94]"
788,100,0,10,0.7378453031182289,0.02773788571357727,"[97, 11, 55, 85, 73, 78, 50, 8, 39, 41]"
789,100,0,10,0.7396598261263636,0.032019101083278656,"[49, 38, 10, 64, 35, 18, 48, 68, 23, 51]"
790,100,0,10,0.7347451425260968,0.026341421529650688,"[35, 94, 30, 2, 18, 13, 95, 81, 1, 66]"
791,100,0,10,0.736634702152676,0.030523737892508507,"[54, 84, 18, 9, 72, 97, 14, 61, 99, 89]"
792,100,0,10,0.74069907201661,0.029407361522316933,"[73, 41, 80, 54, 88, 81, 39, 1, 86, 10]"
793,100,0,10,0.7358923870656225,0.02763926051557064,"[45, 73, 94, 29, 38, 61, 13, 93, 41, 18]"
794,100,0,10,0.7336711828907332,0.02952190488576889,"[8, 58, 53, 35, 85, 25, 51, 94, 87, 93]"
795,100,0,10,0.7302718197305997,0.025596631690859795,"[1, 39, 60, 45, 35, 13, 58, 86, 19, 55]"
796,100,0,10,0.7357460202442274,0.0319322906434536,"[83, 40, 42, 62, 7, 31, 81, 85, 72, 57]"
797,100,0,10,0.7293174871140056,0.027666928246617317,"[12, 30, 37, 88, 38, 31, 13, 62, 76, 25]"
798,100,0,10,0.7281970073779425,0.030771348625421524,"[67, 15, 76, 49, 55, 77, 47, 66, 28, 50]"
799,100,0,10,0.7332515160242716,0.02595234289765358,"[93, 46, 7, 23, 40, 73, 10, 86, 11, 45]"
800,100,0,10,0.7293364422188865,0.030836574733257294,"[64, 18, 41, 81, 29, 27, 77, 6, 7, 86]"
801,100,0,10,0.7328732469015651,0.042228784412145615,"[96, 65, 7, 18, 40, 47, 11, 52, 41, 89]"
802,100,0,10,0.7281572820411788,0.02645370177924633,"[1, 98, 4, 93, 55, 73, 15, 92, 22, 14]"
803,100,0,10,0.7308174631661839,0.03443193808197975,"[62, 1, 85, 10, 52, 86, 7, 77, 31, 47]"
804,100,0,10,0.7309511625104481,0.02910427376627922,"[11, 89, 44, 97, 14, 88, 58, 19, 66, 79]"
805,100,0,10,0.7271369078093105,0.028659384697675705,"[76, 75, 65, 33, 29, 72, 19, 30, 44, 15]"
806,100,0,10,0.727415244281292,0.02916816435754299,"[1, 61, 51, 72, 35, 15, 12, 29, 55, 74]"
807,100,0,10,0.7237736228439543,0.029777424409985542,"[49, 29, 68, 28, 51, 7, 44, 23, 99, 6]"
808,100,0,10,0.7283140127857526,0.026752300560474396,"[11, 58, 89, 75, 87, 96, 41, 88, 92, 23]"
809,100,0,10,0.7280447027749486,0.028640519827604294,"[66, 11, 48, 68, 2, 32, 62, 49, 10, 1]"
810,100,0,10,0.7218139823940065,0.02916240133345127,"[66, 83, 50, 8, 97, 63, 79, 61, 71, 12]"
811,100,0,10,0.7259343877434731,0.03035688027739525,"[52, 80, 67, 58, 44, 19, 35, 73, 68, 97]"
812,100,0,10,0.7245547284682592,0.029663175344467163,"[96, 83, 10, 58, 66, 15, 84, 2, 64, 47]"
813,100,0,10,0.7233435074488321,0.026777178049087524,"[13, 48, 58, 66, 37, 31, 72, 81, 53, 4]"
814,100,0,10,0.7191521359814538,0.026473432779312134,"[47, 46, 11, 45, 37, 15, 81, 42, 77, 50]"
815,100,0,10,0.7194772253433863,0.0390126034617424,"[29, 39, 60, 38, 18, 11, 28, 59, 75, 89]"
816,100,0,10,0.7153872109121746,0.027184627950191498,"[30, 19, 51, 40, 37, 68, 96, 93, 0, 85]"
817,100,0,10,0.7181040373941263,0.027044031769037247,"[23, 12, 72, 20, 8, 1, 35, 24, 80, 56]"
818,100,0,10,0.7132084300120671,0.030083293095231056,"[82, 18, 55, 51, 49, 23, 70, 72, 25, 31]"
819,100,0,10,0.7190243698656559,0.02666059136390686,"[44, 28, 41, 40, 42, 46, 50, 31, 30, 68]"
820,100,0,10,0.7192940579520332,0.02638908289372921,"[80, 30, 12, 59, 44, 13, 39, 2, 35, 92]"
821,100,0,10,0.7175891789297263,0.02893032319843769,"[55, 81, 98, 70, 13, 72, 41, 71, 8, 43]"
822,100,0,10,0.725348303715388,0.030222415924072266,"[61, 81, 80, 83, 11, 66, 39, 46, 30, 51]"
823,100,0,10,0.7203200020723872,0.030358418822288513,"[20, 84, 31, 14, 97, 48, 10, 58, 44, 59]"
824,100,0,10,0.7192403463853729,0.03377256169915199,"[44, 71, 93, 72, 62, 28, 11, 19, 55, 43]"
825,100,0,10,0.7018875065777037,0.027386022731661797,"[37, 81, 76, 90, 77, 35, 30, 21, 10, 82]"
826,100,0,10,0.7084678887493081,0.02673988789319992,"[78, 95, 39, 14, 83, 45, 88, 58, 61, 20]"
827,100,0,10,0.7176968934635322,0.05203781649470329,"[1, 94, 81, 31, 65, 52, 72, 87, 89, 99]"
828,100,0,10,0.7125225186347961,0.027848677709698677,"[55, 14, 99, 19, 62, 52, 64, 57, 47, 83]"
829,100,0,10,0.7181840229365561,0.030172524973750114,"[61, 75, 6, 52, 42, 47, 9, 12, 65, 81]"
830,100,0,10,0.7050014473497868,0.027160311117768288,"[70, 35, 4, 95, 79, 67, 47, 81, 83, 9]"
831,100,0,10,0.7125121743314796,0.026458892971277237,"[51, 80, 7, 6, 44, 86, 57, 53, 19, 43]"
832,100,0,10,0.7137069490220811,0.027150291949510574,"[33, 97, 9, 83, 87, 90, 40, 96, 71, 38]"
833,100,0,10,0.7093173330856695,0.030125634744763374,"[13, 88, 15, 30, 43, 54, 96, 10, 26, 38]"
834,100,0,10,0.715727628270785,0.027623377740383148,"[87, 73, 81, 46, 57, 19, 18, 68, 76, 42]"
835,100,0,10,0.7074363258149889,0.026693323627114296,"[37, 6, 93, 49, 19, 71, 13, 58, 45, 11]"
836,100,0,10,0.7120517835848861,0.033557966351509094,"[90, 77, 29, 44, 71, 43, 2, 62, 86, 81]"
837,100,0,10,0.7095728136599064,0.0377226360142231,"[46, 93, 65, 19, 90, 28, 81, 4, 56, 58]"
838,100,0,10,0.710857890215185,0.02969054877758026,"[75, 65, 94, 62, 51, 35, 78, 96, 43, 15]"
839,100,0,10,0.7081552229821682,0.027816541492938995,"[55, 77, 51, 19, 43, 39, 47, 52, 67, 22]"
840,100,0,10,0.7064810312456555,0.037330374121665955,"[97, 15, 99, 31, 2, 90, 4, 46, 91, 18]"
841,100,0,10,0.7070651306874223,0.029462158679962158,"[64, 78, 10, 56, 94, 66, 88, 14, 38, 61]"
842,100,0,10,0.7031251300540236,0.027432991191744804,"[98, 89, 11, 74, 93, 19, 75, 35, 70, 22]"
843,100,0,10,0.7009315411249797,0.027561143040657043,"[56, 60, 28, 51, 55, 71, 79, 30, 75, 2]"
844,100,0,10,0.7048337049782276,0.030273571610450745,"[68, 39, 73, 23, 37, 51, 87, 57, 96, 49]"
845,100,0,10,0.7049508093959755,0.028151577338576317,"[50, 10, 71, 75, 30, 94, 25, 66, 87, 23]"
846,100,0,10,0.7064349547028541,0.05417225509881973,"[31, 66, 49, 29, 67, 6, 14, 35, 39, 87]"
847,100,0,10,0.7034659515652392,0.02767946571111679,"[20, 48, 2, 57, 47, 6, 46, 7, 37, 80]"
848,100,0,10,0.7025099432302846,0.02915673330426216,"[61, 56, 97, 89, 42, 68, 46, 29, 32, 39]"
849,100,0,10,0.6983692795866066,0.028040623292326927,"[97, 57, 14, 32, 4, 99, 75, 51, 20, 47]"
850,100,0,10,0.7032618695663081,0.027169086039066315,"[22, 15, 52, 10, 58, 38, 23, 7, 43, 51]"
851,100,0,10,0.7000808810194333,0.02787119895219803,"[20, 66, 33, 19, 6, 2, 47, 61, 88, 86]"
852,100,0,10,0.6980347485178047,0.02658689394593239,"[69, 11, 44, 12, 42, 4, 9, 15, 39, 20]"
853,100,0,10,0.7041956014931202,0.03482406586408615,"[48, 35, 57, 58, 24, 90, 65, 37, 66, 2]"
854,100,0,10,0.700761592388153,0.029341313987970352,"[4, 39, 46, 88, 83, 70, 58, 53, 90, 81]"
855,100,0,10,0.7062204793923431,0.03289307653903961,"[9, 24, 31, 2, 4, 94, 85, 65, 62, 7]"
856,100,0,10,0.6959686598016156,0.02569463849067688,"[24, 19, 4, 45, 80, 10, 42, 66, 43, 27]"
857,100,0,10,0.6951865411467022,0.03694774955511093,"[65, 24, 20, 13, 55, 35, 28, 71, 23, 69]"
858,100,0,10,0.6977590945031908,0.0426686555147171,"[6, 75, 59, 47, 87, 74, 48, 88, 38, 37]"
859,100,0,10,0.6923842255440023,0.030499538406729698,"[6, 51, 60, 88, 47, 52, 54, 65, 27, 29]"
860,100,0,10,0.6966681102911632,0.028784042224287987,"[7, 62, 13, 9, 39, 49, 52, 46, 87, 1]"
861,100,0,10,0.6919399272236559,0.027317356318235397,"[7, 83, 29, 19, 49, 62, 14, 25, 67, 22]"
862,100,0,10,0.6996416682998339,0.027929646894335747,"[35, 10, 80, 97, 24, 32, 43, 51, 30, 8]"
863,100,0,10,0.6957133501768112,0.028854697942733765,"[41, 22, 92, 87, 83, 67, 77, 54, 15, 96]"
864,100,0,10,0.6950343056685395,0.02891961857676506,"[10, 39, 65, 55, 52, 18, 8, 47, 50, 61]"
865,100,0,10,0.6904456986321343,0.03047364205121994,"[49, 6, 67, 18, 68, 23, 60, 93, 62, 65]"
866,100,0,10,0.6864762145611976,0.029048878699541092,"[92, 9, 83, 60, 96, 49, 65, 26, 15, 62]"
867,100,0,10,0.6958412631518311,0.026882005855441093,"[92, 11, 18, 96, 15, 39, 94, 6, 19, 52]"
868,100,0,10,0.6927550574143728,0.028725307434797287,"[89, 53, 15, 42, 52, 99, 14, 94, 66, 62]"
869,100,0,10,0.68609574428863,0.026874588802456856,"[80, 45, 42, 2, 56, 92, 47, 65, 83, 96]"
870,100,0,10,0.6830743943651517,0.027897361665964127,"[63, 66, 40, 31, 39, 18, 68, 48, 17, 0]"
871,100,0,10,0.688751039819585,0.04096764698624611,"[82, 23, 2, 41, 58, 76, 70, 29, 24, 30]"
872,100,0,10,0.687312082780732,0.02857586368918419,"[96, 94, 35, 99, 29, 47, 81, 88, 10, 84]"
873,100,0,10,0.6952571895387438,0.05063202977180481,"[87, 15, 55, 44, 73, 93, 28, 94, 18, 2]"
874,100,0,10,0.6881216280990177,0.04287280887365341,"[10, 85, 70, 67, 43, 98, 73, 97, 77, 24]"
875,100,0,10,0.6869621141089333,0.026766987517476082,"[10, 61, 66, 90, 43, 83, 81, 53, 22, 92]"
876,100,0,10,0.6858204504681957,0.028602570295333862,"[18, 76, 29, 39, 1, 44, 62, 15, 11, 57]"
877,100,0,10,0.68152982774708,0.029109101742506027,"[6, 19, 18, 91, 46, 1, 96, 51, 64, 42]"
878,100,0,10,0.6862726265357599,0.03017294593155384,"[51, 43, 77, 47, 14, 75, 90, 83, 8, 68]"
879,100,0,10,0.6805977837906944,0.029391955584287643,"[99, 48, 89, 2, 12, 72, 66, 77, 35, 96]"
880,100,0,10,0.6841583823164303,0.02659790590405464,"[69, 42, 94, 90, 44, 51, 31, 63, 9, 83]"
881,100,0,10,0.687928684718079,0.036007706075906754,"[48, 19, 83, 18, 85, 41, 66, 4, 59, 87]"
882,100,0,10,0.6794738502966033,0.03770560771226883,"[10, 1, 83, 47, 6, 29, 54, 96, 63, 97]"
883,100,0,10,0.6842835097677178,0.03029605932533741,"[32, 56, 86, 6, 17, 71, 48, 30, 41, 10]"
884,100,0,10,0.6778340250253677,0.03000863827764988,"[35, 31, 4, 80, 52, 27, 9, 41, 49, 6]"
885,100,0,10,0.6816390899320444,0.028558997437357903,"[4, 70, 51, 37, 74, 10, 19, 31, 76, 94]"
886,100,0,10,0.6697374072339799,0.028640370815992355,"[51, 2, 55, 21, 94, 40, 10, 83, 85, 89]"
887,100,0,10,0.6764615072144402,0.027351703494787216,"[1, 94, 10, 90, 83, 3, 68, 86, 85, 51]"
888,100,0,10,0.673719836357567,0.03087456338107586,"[96, 78, 73, 68, 32, 22, 53, 75, 12, 19]"
889,100,0,10,0.6767419141199854,0.0303395576775074,"[90, 2, 40, 55, 19, 85, 13, 8, 49, 74]"
890,100,0,10,0.6689726240105098,0.027159543707966805,"[80, 95, 46, 8, 2, 23, 77, 32, 94, 66]"
891,100,0,10,0.679098755452368,0.02855985425412655,"[65, 31, 46, 94, 93, 78, 75, 11, 64, 38]"
892,100,0,10,0.6758797454337279,0.026957470923662186,"[41, 96, 83, 65, 63, 39, 22, 92, 58, 8]"
893,100,0,10,0.6765464211503665,0.025205720216035843,"[71, 67, 79, 59, 97, 55, 81, 32, 86, 57]"
894,100,0,10,0.6703960782951779,0.02748354896903038,"[31, 91, 14, 53, 55, 67, 86, 54, 12, 79]"
895,100,0,10,0.6736814424395561,0.029213877394795418,"[28, 13, 88, 42, 17, 57, 37, 14, 72, 15]"
896,100,0,10,0.6738346821731991,0.030552681535482407,"[47, 89, 26, 30, 65, 80, 88, 41, 72, 28]"
897,100,0,10,0.6695566694769595,0.030454015359282494,"[19, 44, 69, 57, 31, 67, 9, 81, 14, 43]"
898,100,0,10,0.6762050692405965,0.04085555300116539,"[9, 38, 93, 48, 60, 52, 78, 42, 73, 85]"
899,100,0,10,0.6745358431504832,0.029495812952518463,"[18, 9, 7, 63, 55, 72, 94, 14, 22, 51]"
900,100,0,10,0.676281752023432,0.03500343859195709,"[38, 87, 24, 88, 75, 42, 82, 41, 14, 15]"
901,100,0,10,0.6712417295409574,0.026763614267110825,"[45, 61, 71, 99, 98, 51, 7, 93, 86, 39]"
902,100,0,10,0.6751190413203505,0.02916097827255726,"[24, 71, 98, 93, 9, 70, 35, 64, 73, 10]"
903,100,0,10,0.6734395050340228,0.02957492135465145,"[38, 81, 8, 29, 23, 99, 68, 71, 86, 15]"
904,100,0,10,0.6689224956350195,0.028415149077773094,"[51, 80, 19, 31, 49, 94, 30, 43, 98, 93]"
905,100,0,10,0.6717046060495906,0.05663915351033211,"[6, 35, 88, 7, 58, 87, 1, 75, 52, 65]"
906,100,0,10,0.6719986796379089,0.027617862448096275,"[9, 86, 31, 20, 83, 88, 7, 78, 99, 94]"
907,100,0,10,0.6670773242082861,0.030624620616436005,"[71, 32, 25, 40, 10, 94, 49, 46, 83, 62]"
908,100,0,10,0.6649668276309968,0.028772763907909393,"[59, 72, 19, 33, 29, 23, 51, 42, 32, 61]"
909,100,0,10,0.6617394810749425,0.026462459936738014,"[87, 89, 97, 43, 61, 44, 23, 56, 82, 65]"
910,100,0,10,0.6676767126139667,0.05176705867052078,"[59, 19, 25, 91, 87, 94, 71, 48, 72, 15]"
911,100,0,10,0.6692210619648298,0.030852796509861946,"[32, 76, 19, 47, 29, 86, 73, 2, 48, 62]"
912,100,0,10,0.6662557945897183,0.03181472420692444,"[86, 24, 28, 71, 18, 55, 58, 63, 89, 64]"
913,100,0,10,0.6706751527471675,0.04420018941164017,"[55, 94, 24, 39, 11, 92, 65, 22, 18, 35]"
914,100,0,10,0.6588107156670756,0.02767147868871689,"[88, 91, 77, 11, 66, 70, 44, 94, 12, 92]"
915,100,0,10,0.657126111868355,0.028963446617126465,"[58, 0, 65, 77, 22, 86, 81, 41, 33, 71]"
916,100,0,10,0.663879508111212,0.02813258022069931,"[4, 62, 30, 57, 94, 12, 2, 47, 73, 81]"
917,100,0,10,0.6612674431254466,0.03436721861362457,"[67, 59, 72, 78, 68, 88, 54, 93, 2, 74]"
918,100,0,10,0.6637265464911859,0.030429819598793983,"[6, 58, 47, 10, 18, 14, 24, 27, 23, 75]"
919,100,0,10,0.6665326653255357,0.04148101434111595,"[63, 65, 74, 42, 90, 81, 9, 35, 41, 30]"
920,100,0,10,0.6609263292203347,0.02666376531124115,"[87, 81, 86, 48, 42, 9, 89, 50, 63, 68]"
921,100,0,10,0.6593754980299208,0.03682911396026611,"[55, 52, 65, 93, 1, 19, 44, 35, 48, 27]"
922,100,0,10,0.6663111485126946,0.04016375541687012,"[55, 4, 7, 24, 18, 89, 41, 87, 65, 48]"
923,100,0,10,0.6597110112508138,0.029443761333823204,"[9, 39, 23, 87, 56, 55, 83, 68, 6, 97]"
924,100,0,10,0.660838767596417,0.030749596655368805,"[93, 8, 66, 68, 58, 39, 28, 90, 54, 61]"
925,100,0,10,0.6617118913266393,0.030550118535757065,"[73, 87, 51, 22, 89, 94, 39, 7, 86, 92]"
926,100,0,10,0.6551694741679563,0.0312444306910038,"[29, 76, 28, 88, 31, 44, 99, 9, 7, 52]"
927,100,0,10,0.6519324738532305,0.0271233469247818,"[98, 90, 23, 77, 37, 45, 61, 2, 15, 18]"
928,100,0,10,0.6581116549670696,0.02784651704132557,"[83, 9, 15, 53, 40, 66, 67, 30, 6, 74]"
929,100,0,10,0.6540392168694072,0.036054469645023346,"[63, 9, 4, 14, 11, 85, 15, 75, 93, 35]"
930,100,0,10,0.6608765868263112,0.030361764132976532,"[55, 83, 23, 62, 94, 47, 48, 68, 61, 24]"
931,100,0,10,0.6567697073022525,0.05140712857246399,"[30, 55, 93, 54, 65, 44, 1, 96, 73, 61]"
932,100,0,10,0.6580044267699123,0.041970979422330856,"[11, 42, 39, 24, 31, 58, 89, 83, 96, 55]"
933,100,0,10,0.6488706849101518,0.030040904879570007,"[99, 74, 97, 30, 13, 78, 48, 29, 84, 66]"
934,100,0,10,0.6555672616387407,0.026934176683425903,"[14, 30, 92, 93, 18, 94, 61, 37, 96, 73]"
935,100,0,10,0.6487532559368345,0.0448247492313385,"[91, 46, 77, 61, 81, 73, 35, 74, 72, 14]"
936,100,0,10,0.6468852244731453,0.045928359031677246,"[45, 72, 7, 77, 41, 39, 70, 28, 9, 13]"
937,100,0,10,0.6546280767975582,0.03286818042397499,"[31, 60, 24, 62, 14, 96, 15, 90, 71, 87]"
938,100,0,10,0.6443153112298913,0.030297597870230675,"[72, 19, 83, 29, 55, 81, 44, 65, 91, 32]"
939,100,0,10,0.6493031061564882,0.02727336436510086,"[8, 18, 57, 76, 15, 31, 11, 84, 28, 41]"
940,100,0,10,0.6475548074063328,0.030060403048992157,"[9, 24, 52, 44, 6, 64, 7, 63, 90, 30]"
941,100,0,10,0.6489515976566407,0.048854194581508636,"[20, 28, 79, 14, 13, 94, 32, 41, 87, 30]"
942,100,0,10,0.6396509206957288,0.02687450870871544,"[92, 84, 79, 77, 25, 94, 83, 15, 73, 96]"
943,100,0,10,0.647019640625351,0.028478244319558144,"[49, 94, 79, 14, 88, 39, 96, 15, 24, 89]"
944,100,0,10,0.636031868101822,0.02652393840253353,"[22, 1, 71, 62, 68, 28, 98, 38, 46, 0]"
945,100,0,10,0.6463004875721203,0.02810187079012394,"[25, 6, 80, 81, 29, 86, 24, 11, 83, 65]"
946,100,0,10,0.641501508715252,0.026900334283709526,"[63, 11, 13, 15, 39, 40, 59, 23, 51, 53]"
947,100,0,10,0.6465463391608661,0.035287048667669296,"[15, 77, 87, 24, 44, 39, 55, 76, 67, 75]"
948,100,0,10,0.6451167384369505,0.025163672864437103,"[48, 80, 24, 11, 35, 92, 99, 1, 83, 81]"
949,100,0,10,0.6489453685573405,0.029085000976920128,"[96, 48, 32, 67, 88, 94, 7, 71, 31, 15]"
950,100,0,10,0.636781781208184,0.027221303433179855,"[8, 41, 81, 45, 61, 58, 94, 77, 59, 25]"
951,100,0,10,0.6443831864123544,0.04050317406654358,"[72, 73, 48, 11, 81, 44, 38, 89, 46, 35]"
952,100,0,10,0.6360403528230058,0.028040984645485878,"[55, 49, 77, 22, 53, 46, 30, 42, 94, 64]"
953,100,0,10,0.6384932827204466,0.029213225468993187,"[37, 67, 98, 40, 1, 78, 23, 65, 10, 42]"
954,100,0,10,0.6397766100863616,0.03908727318048477,"[77, 15, 57, 28, 35, 9, 90, 7, 73, 78]"
955,100,0,10,0.6426329653296206,0.05065930262207985,"[91, 24, 75, 46, 19, 94, 48, 9, 6, 10]"
956,100,0,10,0.6315385421324107,0.026046687737107277,"[99, 79, 97, 90, 67, 81, 96, 80, 38, 68]"
957,100,0,10,0.6380523926681942,0.028196975588798523,"[73, 43, 88, 68, 78, 51, 37, 76, 7, 97]"
958,100,0,10,0.6354337287342382,0.027709634974598885,"[18, 62, 98, 15, 20, 68, 31, 97, 51, 75]"
959,100,0,10,0.6298140296195116,0.028953732922673225,"[84, 64, 70, 68, 10, 51, 62, 23, 93, 77]"
960,100,0,10,0.6376075372410317,0.027240334078669548,"[24, 7, 96, 53, 97, 51, 11, 86, 64, 87]"
961,100,0,10,0.6382026032441193,0.03709167242050171,"[32, 42, 35, 15, 52, 74, 86, 31, 30, 29]"
962,100,0,10,0.6346974990175416,0.027312392368912697,"[51, 31, 53, 17, 90, 58, 18, 73, 94, 1]"
963,100,0,10,0.6337635565393915,0.030901070684194565,"[24, 66, 6, 72, 52, 41, 58, 84, 22, 73]"
964,100,0,10,0.6373770368233737,0.027041815221309662,"[30, 86, 99, 10, 15, 39, 19, 92, 47, 72]"
965,100,0,10,0.6312043487482393,0.03815137594938278,"[57, 44, 65, 41, 99, 67, 49, 74, 73, 24]"
966,100,0,10,0.6319885120908212,0.025796063244342804,"[45, 19, 48, 51, 40, 86, 9, 35, 58, 78]"
967,100,0,10,0.6312970155358522,0.030543703585863113,"[53, 41, 77, 85, 44, 31, 46, 81, 83, 39]"
968,100,0,10,0.6268632449442522,0.029437780380249023,"[9, 76, 39, 23, 38, 27, 64, 17, 8, 71]"
969,100,0,10,0.6311188311639448,0.029573213309049606,"[85, 6, 81, 1, 61, 41, 4, 20, 24, 77]"
970,99,1,10,0.6298361264414982,0.041089341044425964,"[14, 60, 87, 70, 44, 86, 74, 65, 78, 90]"
971,99,1,10,0.6323396384548605,0.03014143742620945,"[48, 41, 20, 86, 72, 51, 13, 70, 49, 1]"
972,99,1,10,0.6306028736608751,0.02762598544359207,"[19, 65, 59, 99, 81, 66, 32, 37, 89, 24]"
973,99,1,10,0.6289746365436677,0.025780320167541504,"[50, 44, 47, 24, 48, 66, 80, 38, 39, 57]"
974,99,1,10,0.6295421853828966,0.026170965284109116,"[70, 65, 48, 84, 45, 46, 90, 71, 43, 76]"
975,99,1,10,0.626462485046869,0.026054998859763145,"[8, 6, 37, 29, 15, 57, 24, 68, 40, 84]"
976,99,1,10,0.6291819827191616,0.028144069015979767,"[90, 30, 54, 83, 93, 96, 87, 45, 18, 85]"
977,99,1,10,0.6322942612797356,0.02609900012612343,"[24, 67, 30, 58, 81, 89, 72, 43, 19, 92]"
978,99,1,10,0.626850483307008,0.02841905690729618,"[42, 30, 62, 0, 92, 86, 85, 88, 68, 13]"
979,99,1,10,0.6351326334258813,0.03298927843570709,"[4, 42, 66, 2, 87, 88, 78, 90, 94, 48]"
980,99,1,10,0.6311665400946408,0.029887186363339424,"[1, 96, 59, 67, 20, 15, 71, 31, 10, 94]"
981,99,1,10,0.6192327612822646,0.029062313959002495,"[99, 56, 80, 67, 76, 38, 8, 2, 37, 75]"
982,99,1,10,0.6245989736044004,0.03731749206781387,"[11, 98, 90, 89, 75, 73, 77, 61, 39, 29]"
983,99,1,10,0.6247993033170031,0.03237463906407356,"[62, 71, 56, 93, 38, 43, 9, 31, 54, 89]"
984,99,1,10,0.6252673520800773,0.03359997645020485,"[2, 11, 18, 25, 8, 66, 32, 55, 61, 48]"
985,99,1,10,0.6258891774446107,0.03379414603114128,"[58, 4, 94, 74, 97, 42, 40, 99, 61, 9]"
986,99,1,10,0.6229083423952708,0.030200792476534843,"[39, 41, 11, 62, 40, 61, 55, 32, 9, 27]"
987,99,1,10,0.6168738297699543,0.02766343578696251,"[61, 18, 7, 75, 31, 51, 33, 65, 56, 89]"
988,99,1,10,0.6206038761172401,0.028311554342508316,"[1, 58, 38, 2, 25, 30, 74, 80, 73, 19]"
989,99,1,10,0.6190887444893296,0.02906242571771145,"[78, 81, 90, 7, 15, 51, 11, 23, 26, 43]"
990,99,1,10,0.622126240249765,0.0332392156124115,"[27, 66, 99, 42, 9, 87, 72, 18, 97, 61]"
991,99,1,10,0.6162631606285491,0.030134234577417374,"[73, 52, 6, 61, 43, 96, 63, 12, 83, 72]"
992,99,1,10,0.6160496954084113,0.030104532837867737,"[32, 88, 25, 66, 77, 72, 42, 23, 48, 52]"
993,99,1,10,0.6167105786460504,0.025964517146348953,"[15, 9, 92, 68, 11, 37, 55, 58, 26, 24]"
994,99,1,10,0.6144770401247432,0.028656592592597008,"[98, 24, 9, 28, 58, 84, 77, 29, 51, 67]"
995,99,1,10,0.616736183621073,0.028268206864595413,"[14, 68, 28, 19, 27, 39, 32, 42, 63, 61]"
996,99,1,10,0.6194505282918389,0.02862941473722458,"[47, 97, 42, 55, 4, 11, 76, 66, 12, 54]"
997,99,1,10,0.6125017282835553,0.025809288024902344,"[33, 22, 62, 9, 73, 19, 4, 39, 58, 38]"
998,99,1,10,0.6160541924574736,0.03009655699133873,"[83, 44, 45, 6, 30, 65, 15, 58, 28, 67]"
999,99,1,10,0.6221565061573233,0.036009468138217926,"[78, 4, 10, 28, 42, 24, 61, 86, 90, 74]"
1000,99,1,10,0.6130678532373035,0.028695406392216682,"[15, 19, 7, 18, 77, 32, 65, 75, 31, 99]"
1001,99,1,10,0.6105230085300595,0.028836706653237343,"[10, 31, 9, 89, 81, 22, 35, 2, 72, 45]"
1002,99,1,10,0.6166342444424884,0.027478141710162163,"[83, 42, 12, 14, 52, 24, 40, 73, 98, 1]"
1003,99,1,10,0.6159235686105624,0.046511709690093994,"[61, 86, 98, 30, 38, 72, 14, 59, 75, 90]"
1004,99,1,10,0.6146425131959528,0.02736991085112095,"[15, 31, 76, 20, 18, 86, 92, 59, 67, 55]"
1005,99,1,10,0.6205723648744352,0.03348490223288536,"[38, 67, 23, 71, 73, 87, 85, 61, 8, 15]"
1006,99,1,10,0.6125357008717034,0.031959936022758484,"[83, 68, 39, 14, 17, 47, 78, 42, 54, 46]"
1007,99,1,10,0.6049188805681267,0.0269932821393013,"[19, 7, 1, 29, 33, 83, 18, 31, 74, 32]"
1008,99,1,10,0.6108493772241171,0.0386236310005188,"[56, 42, 18, 61, 67, 31, 54, 47, 30, 78]"
1009,99,1,10,0.6048242538916261,0.026183119043707848,"[48, 91, 37, 33, 54, 97, 10, 41, 12, 67]"
1010,99,1,10,0.6111890146529741,0.03031083382666111,"[83, 68, 70, 9, 55, 48, 67, 86, 20, 74]"
1011,99,1,10,0.6084639339467113,0.02582533285021782,"[39, 9, 38, 19, 6, 86, 20, 57, 66, 92]"
1012,99,1,10,0.5980915143541741,0.027784468606114388,"[85, 28, 37, 1, 46, 60, 29, 53, 79, 76]"
1013,99,1,10,0.6061806543405805,0.02903163805603981,"[38, 47, 83, 4, 28, 87, 75, 70, 7, 13]"
1014,99,1,10,0.6026185297313031,0.02799498662352562,"[2, 59, 3, 28, 14, 15, 94, 30, 37, 90]"
1015,99,1,10,0.6043039926149871,0.04220590740442276,"[55, 24, 35, 50, 70, 29, 49, 15, 30, 23]"
1016,99,1,10,0.6115038866930631,0.030117778107523918,"[12, 52, 39, 71, 47, 2, 65, 48, 54, 49]"
1017,99,1,10,0.6082759935973903,0.026280252262949944,"[40, 9, 22, 1, 51, 23, 15, 94, 24, 6]"
1018,99,1,10,0.5984625860148769,0.027258792892098427,"[32, 68, 84, 85, 4, 76, 14, 40, 42, 1]"
1019,99,1,10,0.6019940727944957,0.02536848746240139,"[55, 92, 4, 68, 44, 15, 27, 8, 71, 35]"
1020,99,1,10,0.6049822265031131,0.028752172365784645,"[65, 37, 51, 42, 75, 73, 19, 63, 29, 94]"
1021,99,1,10,0.603567073253517,0.0275576151907444,"[61, 76, 6, 32, 55, 81, 58, 71, 47, 43]"
1022,99,1,10,0.6097959337086323,0.028075413778424263,"[94, 10, 76, 8, 97, 60, 30, 81, 48, 18]"
1023,99,1,10,0.6011653327267994,0.025291811674833298,"[45, 55, 48, 71, 53, 19, 44, 80, 83, 43]"
1024,99,1,10,0.6068474888989932,0.027923371642827988,"[86, 6, 73, 44, 10, 59, 94, 88, 74, 53]"
1025,99,1,10,0.5985491534506673,0.02702886052429676,"[54, 24, 41, 59, 22, 60, 57, 92, 46, 86]"
1026,99,1,10,0.6003015791139241,0.030490271747112274,"[32, 88, 27, 93, 38, 77, 52, 14, 94, 48]"
1027,99,1,10,0.5952393620034282,0.0563335195183754,"[38, 77, 65, 54, 85, 40, 60, 10, 56, 71]"
1028,99,1,10,0.6034505028549708,0.025614099577069283,"[24, 20, 78, 92, 41, 14, 6, 73, 13, 42]"
1029,99,1,10,0.5986562567700244,0.035265520215034485,"[56, 90, 18, 47, 7, 39, 27, 87, 65, 81]"
1030,99,1,10,0.601505459735191,0.036510124802589417,"[2, 19, 70, 88, 15, 71, 58, 9, 78, 4]"
1031,99,1,10,0.5963417206006648,0.029257256537675858,"[96, 44, 62, 57, 30, 11, 58, 14, 51, 67]"
1032,99,1,10,0.5946533575047102,0.03156498074531555,"[52, 68, 86, 89, 1, 41, 62, 29, 70, 61]"
1033,99,1,10,0.5972026235839938,0.028132904320955276,"[18, 7, 46, 28, 20, 86, 30, 73, 63, 58]"
1034,99,1,10,0.5904189869023734,0.025710536167025566,"[0, 23, 37, 51, 84, 76, 11, 6, 87, 30]"
1035,99,1,10,0.5885778672239754,0.02636365033686161,"[99, 70, 35, 42, 67, 79, 23, 8, 43, 92]"
1036,99,1,10,0.5996058194100167,0.028452042490243912,"[47, 7, 12, 48, 57, 68, 14, 42, 24, 41]"
1037,98,2,10,0.5935849904859036,0.026309052482247353,"[15, 87, 77, 41, 92, 20, 43, 81, 97, 74]"
1038,98,2,10,0.5979300077665937,0.02752441167831421,"[83, 47, 51, 10, 52, 53, 41, 38, 67, 46]"
1039,98,2,10,0.598429931869561,0.026421111077070236,"[66, 9, 83, 18, 1, 30, 11, 87, 72, 22]"
1040,98,2,10,0.5959822517057711,0.03175881877541542,"[77, 72, 71, 61, 42, 47, 65, 29, 44, 20]"
1041,98,2,10,0.5950502511452544,0.025794358924031258,"[11, 48, 73, 90, 22, 75, 19, 53, 27, 62]"
1042,98,2,10,0.5877516097135165,0.02623443864285946,"[43, 50, 19, 93, 96, 7, 4, 12, 47, 30]"
1043,98,2,10,0.592427702925422,0.026687586680054665,"[88, 24, 29, 13, 85, 32, 63, 90, 68, 14]"
1044,98,2,10,0.5933040934699503,0.025444110855460167,"[47, 40, 88, 42, 86, 15, 4, 11, 50, 41]"
1045,98,2,10,0.5945248181508346,0.027062151581048965,"[35, 88, 44, 87, 19, 41, 55, 14, 76, 98]"
1046,98,2,10,0.5867656822062352,0.02826918289065361,"[83, 8, 40, 6, 71, 64, 99, 70, 86, 17]"
1047,98,2,10,0.5904609638689594,0.027509314939379692,"[78, 88, 89, 4, 47, 20, 2, 7, 19, 42]"
1048,98,2,10,0.5833139836788177,0.030146777629852295,"[61, 55, 68, 19, 4, 74, 63, 49, 52, 58]"
1049,98,2,10,0.5846859077838333,0.04440825805068016,"[45, 24, 62, 90, 97, 15, 35, 94, 82, 32]"
1050,98,2,10,0.5853151831098579,0.02609887346625328,"[25, 94, 28, 51, 30, 33, 31, 11, 13, 9]"
1051,98,2,10,0.5866660349748352,0.02935510128736496,"[28, 49, 54, 29, 45, 30, 83, 73, 88, 81]"
1052,98,2,10,0.5870795044878667,0.028707707300782204,"[90, 27, 49, 19, 85, 10, 4, 24, 32, 11]"
1053,98,2,10,0.5861232320693406,0.027049163356423378,"[9, 30, 94, 73, 64, 78, 27, 52, 14, 76]"
1054,98,2,10,0.5896432780068028,0.02912166714668274,"[97, 90, 12, 94, 24, 71, 61, 25, 96, 40]"
1055,98,2,10,0.5900175817988136,0.028054388239979744,"[43, 23, 7, 2, 49, 62, 11, 10, 68, 24]"
1056,98,2,10,0.5797809269194576,0.02643282525241375,"[39, 24, 68, 59, 49, 43, 7, 33, 72, 53]"
1057,98,2,10,0.5790398726070469,0.02791718766093254,"[98, 55, 13, 93, 89, 46, 35, 64, 72, 62]"
1058,98,2,10,0.5840720778585158,0.026519237086176872,"[1, 54, 66, 11, 39, 19, 46, 7, 57, 79]"
1059,98,2,10,0.5856113491495225,0.03259334713220596,"[24, 15, 78, 60, 66, 59, 18, 83, 14, 6]"
1060,98,2,10,0.5906582430428402,0.0341397263109684,"[97, 94, 9, 83, 38, 57, 48, 78, 86, 90]"
1061,98,2,10,0.5819859436120499,0.02669087052345276,"[61, 24, 78, 84, 35, 48, 60, 49, 71, 1]"
1062,98,2,10,0.5820586605251513,0.02678838185966015,"[92, 9, 23, 85, 46, 84, 47, 28, 86, 90]"
1063,98,2,10,0.5753642356531186,0.02777949906885624,"[76, 31, 17, 46, 55, 44, 67, 9, 78, 89]"
1064,98,2,10,0.5762563257308846,0.030252888798713684,"[14, 48, 58, 17, 42, 56, 70, 81, 49, 12]"
1065,98,2,10,0.5845527123575183,0.03183790296316147,"[6, 12, 77, 23, 90, 24, 86, 14, 89, 87]"
1066,98,2,10,0.5786812281998044,0.029735079035162926,"[12, 39, 45, 90, 30, 94, 28, 35, 51, 58]"
1067,98,2,10,0.5793006525628946,0.029303936287760735,"[7, 77, 13, 49, 58, 28, 86, 14, 46, 61]"
1068,98,2,10,0.5769765562885865,0.04343251511454582,"[55, 14, 48, 26, 18, 61, 49, 28, 15, 6]"
1069,98,2,10,0.5720340258018537,0.02626415155827999,"[44, 9, 40, 4, 73, 35, 32, 43, 78, 72]"
1070,98,2,10,0.5833954487842592,0.026877179741859436,"[35, 42, 71, 8, 68, 18, 39, 62, 23, 1]"
1071,98,2,10,0.575129513527182,0.031981877982616425,"[51, 67, 38, 41, 61, 54, 74, 91, 58, 42]"
1072,98,2,10,0.5782357522709803,0.026405535638332367,"[94, 50, 87, 75, 54, 15, 61, 37, 83, 13]"
1073,98,2,10,0.572725429631431,0.02753043733537197,"[90, 70, 31, 85, 80, 81, 49, 59, 71, 45]"
1074,98,2,10,0.5695214579389853,0.026859773322939873,"[97, 88, 55, 80, 66, 61, 78, 76, 91, 47]"
1075,98,2,10,0.5768806061368774,0.027866721153259277,"[74, 60, 93, 67, 87, 80, 28, 71, 38, 48]"
1076,98,2,10,0.571359860135073,0.027052652090787888,"[59, 44, 6, 94, 48, 43, 67, 1, 62, 50]"
1077,98,2,10,0.573215723130852,0.02662178874015808,"[40, 56, 8, 23, 10, 41, 76, 9, 30, 12]"
1078,98,2,10,0.570393148327077,0.02768823690712452,"[99, 24, 64, 13, 65, 76, 46, 75, 20, 41]"
1079,98,2,10,0.5690913332456893,0.02534455433487892,"[59, 87, 22, 88, 7, 12, 13, 55, 29, 4]"
1080,98,2,10,0.5758015642619946,0.02630455046892166,"[39, 18, 28, 79, 15, 11, 67, 58, 8, 93]"
1081,98,2,10,0.5649501883340153,0.026896510273218155,"[18, 65, 66, 35, 33, 77, 94, 29, 42, 99]"
1082,98,2,10,0.5717878097752955,0.028337838128209114,"[40, 68, 71, 51, 83, 48, 97, 49, 37, 64]"
1083,98,2,10,0.5747094348411668,0.026969710364937782,"[72, 80, 52, 2, 8, 71, 66, 97, 96, 81]"
1084,98,2,10,0.5648317839019,0.027772359549999237,"[74, 12, 41, 88, 73, 7, 60, 83, 9, 0]"
1085,98,2,10,0.5753609400750561,0.027794165536761284,"[73, 13, 2, 48, 42, 62, 24, 29, 84, 93]"
1086,98,2,10,0.5686424853872847,0.027436960488557816,"[11, 93, 39, 27, 62, 23, 89, 59, 76, 14]"
1087,98,2,10,0.5671194449067116,0.03543281927704811,"[19, 11, 1, 38, 77, 66, 41, 31, 52, 28]"
1088,98,2,10,0.566180043701421,0.02719029411673546,"[13, 38, 72, 1, 71, 42, 29, 99, 24, 37]"
1089,98,2,10,0.5635147809728303,0.026521285995841026,"[1, 42, 20, 72, 59, 73, 52, 80, 27, 23]"
1090,98,2,10,0.5624176788059148,0.027347620576620102,"[94, 96, 66, 48, 72, 57, 0, 67, 14, 54]"
1091,98,2,10,0.5639194637283005,0.027504947036504745,"[72, 2, 89, 32, 31, 40, 53, 23, 19, 8]"
1092,98,2,10,0.5665452107533135,0.026649244129657745,"[37, 87, 73, 14, 64, 22, 38, 97, 71, 78]"
1093,98,2,10,0.5615318777124313,0.02669307217001915,"[47, 37, 59, 35, 46, 84, 24, 18, 96, 75]"
1094,98,2,10,0.5620822939175096,0.025908540934324265,"[97, 1, 45, 37, 24, 44, 13, 10, 94, 89]"
1095,98,2,10,0.5649570822461762,0.026530379429459572,"[55, 22, 57, 65, 7, 52, 10, 76, 14, 30]"
1096,98,2,10,0.5693420168605041,0.02662106789648533,"[24, 90, 66, 10, 46, 84, 71, 97, 37, 54]"
1097,98,2,10,0.5587130822071975,0.026084931567311287,"[41, 37, 65, 22, 19, 77, 86, 98, 96, 9]"
1098,98,2,10,0.5639784147454934,0.026242023333907127,"[13, 55, 1, 42, 78, 6, 48, 23, 8, 54]"
1099,98,2,10,0.5550974726084281,0.027549762278795242,"[92, 38, 49, 82, 39, 61, 80, 44, 7, 73]"
1100,98,2,10,0.5634298248216509,0.02955855429172516,"[10, 20, 11, 38, 8, 48, 59, 23, 44, 64]"
1101,98,2,10,0.5645620504817502,0.047042280435562134,"[89, 83, 32, 85, 24, 71, 86, 13, 7, 35]"
1102,98,2,10,0.5539926604113795,0.028226181864738464,"[94, 87, 80, 60, 13, 31, 85, 17, 7, 89]"
1103,98,2,10,0.563337633411654,0.03033682145178318,"[81, 30, 47, 74, 52, 85, 75, 2, 48, 8]"
1104,98,2,10,0.5571251735006544,0.02665804512798786,"[31, 64, 6, 48, 85, 24, 93, 37, 22, 47]"
1105,98,2,10,0.5567358142357659,0.029023759067058563,"[99, 85, 58, 10, 77, 84, 15, 9, 59, 48]"
1106,98,2,10,0.5586842686615207,0.027024440467357635,"[86, 67, 18, 80, 29, 96, 48, 61, 57, 90]"
1107,98,2,10,0.5521829203871841,0.03215090185403824,"[77, 15, 81, 70, 93, 12, 80, 14, 98, 44]"
1108,98,2,10,0.5544299149462445,0.025611598044633865,"[6, 35, 68, 23, 97, 55, 81, 64, 96, 86]"
1109,98,2,10,0.5559084316376935,0.03731894493103027,"[73, 87, 93, 75, 46, 99, 97, 14, 28, 96]"
1110,98,2,10,0.5500576749105346,0.025378074496984482,"[52, 31, 11, 33, 18, 40, 19, 43, 66, 67]"
1111,98,2,10,0.5565129279836335,0.025638462975621223,"[79, 1, 88, 29, 90, 18, 24, 13, 11, 9]"
1112,98,2,10,0.5522245627997273,0.05026525631546974,"[15, 71, 93, 77, 25, 2, 1, 54, 58, 44]"
1113,98,2,10,0.5538808211049234,0.03693651035428047,"[56, 61, 18, 96, 4, 31, 19, 94, 71, 35]"
1114,98,2,10,0.545749826212837,0.025705639272928238,"[18, 6, 72, 12, 66, 40, 79, 23, 80, 35]"
1115,98,2,10,0.5488573080013421,0.026424452662467957,"[28, 38, 62, 23, 59, 92, 93, 41, 4, 52]"
1116,98,2,10,0.5495824909980662,0.027158429846167564,"[41, 40, 35, 53, 81, 39, 99, 61, 66, 54]"
1117,98,2,10,0.5436387718358839,0.02894294448196888,"[33, 62, 88, 55, 54, 73, 81, 82, 42, 51]"
1118,98,2,10,0.548689454463734,0.027155211195349693,"[46, 14, 76, 20, 67, 18, 12, 35, 72, 9]"
1119,98,2,10,0.5455028082201765,0.02743612229824066,"[9, 46, 74, 53, 59, 99, 51, 18, 40, 90]"
1120,98,2,10,0.5478799052240158,0.034972719848155975,"[1, 75, 11, 83, 93, 56, 18, 61, 88, 74]"
1121,98,2,10,0.5439987972124734,0.02811012789607048,"[43, 18, 9, 38, 78, 88, 51, 66, 60, 2]"
1122,98,2,10,0.5427355299068783,0.0502626933157444,"[40, 54, 43, 90, 71, 67, 49, 99, 46, 1]"
1123,98,2,10,0.548331268817525,0.030828624963760376,"[53, 90, 88, 9, 94, 30, 35, 64, 58, 29]"
1124,98,2,10,0.5466169531880455,0.026652485132217407,"[90, 54, 79, 55, 44, 73, 66, 12, 14, 31]"
1125,98,2,10,0.5433733495290984,0.02634032629430294,"[87, 65, 18, 1, 19, 99, 52, 40, 12, 11]"
1126,98,2,10,0.543802041463046,0.0295159500092268,"[91, 70, 20, 48, 65, 1, 61, 71, 11, 49]"
1127,98,2,10,0.5393804118841548,0.026122208684682846,"[10, 4, 81, 37, 69, 30, 43, 71, 73, 22]"
1128,98,2,10,0.5429680826565759,0.02598552219569683,"[53, 15, 78, 55, 31, 29, 35, 52, 42, 51]"
1129,98,2,10,0.5442931973714042,0.026549726724624634,"[89, 30, 1, 86, 53, 55, 41, 43, 73, 51]"
1130,98,2,10,0.5447265712628988,0.028959697112441063,"[1, 67, 41, 2, 35, 76, 90, 43, 10, 14]"
1131,98,2,10,0.5365712202662094,0.025374827906489372,"[45, 2, 78, 22, 61, 24, 6, 43, 72, 19]"
1132,98,2,10,0.5465090356174518,0.04973924532532692,"[90, 7, 87, 93, 85, 59, 77, 71, 83, 28]"
1133,98,2,10,0.5363808445526626,0.027645844966173172,"[57, 52, 29, 90, 35, 92, 22, 28, 24, 14]"
1134,98,2,10,0.5367265712512148,0.025188544765114784,"[92, 22, 98, 86, 6, 80, 8, 2, 43, 41]"
1135,98,2,10,0.5491049879505723,0.026834983378648758,"[73, 8, 58, 85, 86, 68, 48, 37, 7, 65]"
1136,98,2,10,0.5345702431312847,0.029607459902763367,"[68, 85, 1, 56, 10, 80, 67, 38, 93, 23]"
1137,98,2,10,0.5391868206122044,0.03822657838463783,"[66, 13, 52, 94, 10, 84, 7, 24, 41, 79]"
1138,98,2,10,0.5398167079589753,0.027326546609401703,"[6, 10, 32, 59, 47, 65, 39, 90, 11, 17]"
1139,98,2,10,0.5400120846757834,0.02841521054506302,"[81, 85, 94, 22, 14, 51, 83, 61, 12, 23]"
1140,98,2,10,0.5324179934824563,0.02759350650012493,"[18, 51, 98, 4, 40, 38, 9, 67, 44, 8]"
1141,98,2,10,0.5405644967157224,0.028974441811442375,"[86, 87, 40, 10, 94, 7, 61, 56, 51, 47]"
1142,98,2,10,0.5372851396106522,0.02811138704419136,"[37, 59, 58, 11, 86, 77, 88, 55, 83, 51]"
1143,98,2,10,0.5299073555824263,0.02638421580195427,"[86, 74, 85, 37, 55, 19, 66, 84, 31, 27]"
1144,98,2,10,0.5371431845515457,0.026873689144849777,"[80, 47, 97, 73, 90, 70, 94, 84, 20, 8]"
1145,98,2,10,0.5308783834101632,0.027381975203752518,"[20, 52, 73, 27, 61, 62, 74, 7, 59, 13]"
1146,98,2,10,0.5379636360417035,0.031415849924087524,"[68, 87, 55, 40, 30, 15, 73, 31, 41, 77]"
1147,98,2,10,0.5356275565551848,0.026985540986061096,"[62, 61, 7, 2, 53, 24, 94, 17, 31, 58]"
1148,98,2,10,0.5345640852782791,0.02707178145647049,"[29, 7, 8, 86, 65, 11, 45, 41, 46, 81]"
1149,98,2,10,0.5370842030007308,0.027353396639227867,"[94, 43, 9, 83, 14, 70, 81, 39, 57, 8]"
1150,98,2,10,0.5219549549912865,0.025894194841384888,"[96, 31, 2, 75, 11, 12, 48, 94, 95, 58]"
1151,98,2,10,0.5314890172660605,0.03561123460531235,"[10, 6, 48, 79, 30, 87, 74, 76, 66, 84]"
1152,98,2,10,0.5323556563277221,0.025995604693889618,"[99, 87, 53, 58, 59, 73, 11, 65, 39, 96]"
1153,98,2,10,0.5281973198045637,0.028835000470280647,"[56, 83, 14, 54, 87, 48, 40, 72, 53, 57]"
1154,98,2,10,0.5273669517609629,0.028480345383286476,"[63, 28, 73, 2, 67, 7, 87, 51, 27, 9]"
1155,98,2,10,0.5309778475684157,0.025626016780734062,"[27, 10, 50, 8, 31, 54, 15, 71, 93, 44]"
1156,98,2,10,0.5344823280180042,0.02662753313779831,"[10, 96, 87, 24, 48, 15, 52, 76, 9, 78]"
1157,98,2,10,0.5258537888759747,0.03953159600496292,"[45, 24, 86, 30, 2, 92, 29, 38, 61, 80]"
1158,98,2,10,0.5291301817246925,0.028052616864442825,"[27, 97, 71, 48, 51, 40, 38, 96, 39, 83]"
1159,98,2,10,0.5234231361103329,0.02504703961312771,"[4, 98, 75, 32, 44, 65, 79, 24, 59, 73]"
1160,98,2,10,0.5175487050368577,0.026915255934000015,"[52, 84, 43, 54, 44, 68, 51, 17, 31, 8]"
1161,98,2,10,0.5209948031760921,0.029248511418700218,"[89, 97, 51, 55, 86, 54, 93, 41, 27, 17]"
1162,98,2,10,0.5130361111981487,0.026834050193428993,"[40, 29, 33, 62, 8, 11, 87, 82, 73, 66]"
1163,98,2,10,0.5211658031875479,0.025500858202576637,"[83, 13, 65, 84, 75, 9, 12, 40, 39, 53]"
1164,97,3,10,0.5249531418466094,0.027284886687994003,"[23, 72, 76, 48, 70, 15, 65, 51, 96, 1]"
1165,97,3,10,0.5304980837921986,0.03792501986026764,"[32, 58, 65, 86, 72, 13, 48, 51, 85, 30]"
1166,97,3,10,0.5244670547630594,0.026534581556916237,"[38, 48, 65, 1, 32, 25, 9, 10, 88, 80]"
1167,97,3,10,0.5290896519504744,0.03475628048181534,"[64, 94, 61, 2, 72, 51, 65, 62, 31, 86]"
1168,97,3,10,0.5143542687012547,0.03542645275592804,"[64, 66, 49, 41, 62, 97, 84, 99, 37, 83]"
1169,97,3,10,0.5214644598121616,0.026922037824988365,"[17, 94, 97, 92, 63, 83, 18, 68, 8, 81]"
1170,97,3,10,0.5223140737448616,0.02601706236600876,"[59, 93, 75, 29, 8, 4, 83, 68, 37, 71]"
1171,97,3,10,0.5281691937097188,0.025002894923090935,"[62, 94, 88, 70, 7, 81, 92, 39, 71, 40]"
1172,97,3,10,0.5220046148646151,0.02691303752362728,"[94, 20, 74, 44, 31, 0, 66, 97, 71, 83]"
1173,97,3,10,0.5216012212651214,0.02756960503757,"[93, 8, 54, 76, 32, 20, 72, 52, 71, 19]"
1174,97,3,10,0.5237117320641704,0.02650105580687523,"[20, 30, 75, 76, 87, 35, 98, 73, 24, 9]"
1175,97,3,10,0.521812891437747,0.027120433747768402,"[61, 65, 88, 59, 97, 33, 38, 19, 86, 28]"
1176,97,3,10,0.5193635504264599,0.027708683162927628,"[99, 87, 44, 46, 74, 30, 23, 93, 42, 77]"
1177,97,3,10,0.5196258193460004,0.03269783407449722,"[72, 90, 7, 13, 15, 86, 49, 22, 74, 88]"
1178,97,3,10,0.5199007584488597,0.03235725685954094,"[2, 53, 10, 28, 61, 18, 94, 31, 75, 38]"
1179,97,3,10,0.5191772372601019,0.025556623935699463,"[54, 18, 57, 73, 44, 71, 97, 79, 29, 23]"
1180,97,3,10,0.5180366309081343,0.027355488389730453,"[96, 13, 93, 62, 75, 90, 6, 47, 83, 73]"
1181,97,3,10,0.5152903412479436,0.03372137248516083,"[19, 10, 58, 47, 78, 88, 43, 70, 27, 7]"
1182,97,3,10,0.5113621781355349,0.026810644194483757,"[30, 52, 20, 99, 84, 9, 19, 44, 11, 55]"
1183,97,3,10,0.5139370561759362,0.024919657036662102,"[11, 74, 15, 81, 73, 33, 65, 88, 93, 60]"
1184,97,3,10,0.513770982190624,0.04123727232217789,"[7, 43, 40, 14, 54, 19, 81, 55, 44, 96]"
1185,97,3,10,0.5070959446373684,0.026394039392471313,"[12, 13, 90, 23, 84, 44, 14, 49, 96, 31]"
1186,97,3,10,0.5137677236149708,0.02667587250471115,"[19, 84, 59, 44, 66, 30, 63, 97, 41, 94]"
1187,97,3,10,0.5126493297902674,0.02547568827867508,"[65, 31, 97, 86, 46, 71, 84, 55, 11, 33]"
1188,97,3,10,0.5163161727032441,0.02548227645456791,"[85, 71, 93, 66, 60, 24, 62, 92, 73, 14]"
1189,97,3,10,0.5137321681426517,0.027575695887207985,"[86, 88, 15, 38, 94, 14, 45, 35, 66, 47]"
1190,97,3,10,0.5082585572554119,0.02543320506811142,"[87, 10, 58, 11, 44, 46, 22, 53, 45, 19]"
1191,97,3,10,0.5108316838869761,0.035705287009477615,"[67, 54, 38, 90, 75, 11, 25, 19, 31, 39]"
1192,97,3,10,0.5067271364017807,0.027037912979722023,"[84, 63, 35, 37, 14, 72, 42, 97, 65, 77]"
1193,97,3,10,0.505612107481936,0.02600904554128647,"[81, 46, 1, 50, 2, 79, 29, 10, 62, 83]"
1194,97,3,10,0.500117376365367,0.028558161109685898,"[29, 56, 86, 12, 63, 85, 8, 92, 49, 39]"
1195,97,3,10,0.508199166497965,0.028028389438986778,"[53, 18, 42, 80, 85, 47, 19, 88, 77, 28]"
1196,97,3,10,0.5094477046152641,0.03338799625635147,"[46, 1, 59, 30, 54, 11, 29, 7, 43, 48]"
1197,97,3,10,0.5111294740661123,0.03935074433684349,"[14, 42, 72, 86, 89, 70, 93, 40, 41, 30]"
1198,97,3,10,0.5085686217565304,0.033551476895809174,"[9, 86, 1, 55, 24, 93, 28, 29, 35, 58]"
1199,97,3,10,0.5039876945680757,0.02617177739739418,"[73, 81, 10, 8, 94, 29, 31, 17, 52, 53]"
1200,97,3,10,0.510418268096173,0.027485232800245285,"[53, 46, 44, 47, 15, 88, 19, 93, 8, 73]"
1201,97,3,10,0.5088643830119708,0.029690930619835854,"[83, 15, 77, 39, 20, 72, 73, 81, 54, 44]"
1202,97,3,10,0.5029528476190807,0.02854171209037304,"[41, 89, 57, 44, 43, 51, 65, 83, 73, 49]"
1203,97,3,10,0.5074251963082572,0.025185421109199524,"[53, 59, 10, 92, 61, 62, 94, 14, 43, 15]"
1204,97,3,10,0.506504561670724,0.03404393419623375,"[11, 67, 49, 42, 86, 22, 65, 28, 58, 94]"
1205,97,3,10,0.5047793909158,0.03127806633710861,"[10, 42, 26, 89, 65, 39, 73, 93, 4, 11]"
1206,97,3,10,0.5026995885153782,0.025644687935709953,"[80, 65, 94, 31, 62, 46, 63, 85, 7, 58]"
1207,97,3,10,0.498107584109851,0.026103099808096886,"[68, 9, 62, 28, 56, 22, 42, 10, 61, 89]"
1208,97,3,10,0.502071780818461,0.02632717974483967,"[58, 65, 68, 83, 64, 30, 61, 31, 56, 71]"
1209,97,3,10,0.5083448974886674,0.026399850845336914,"[68, 97, 66, 6, 73, 92, 18, 31, 24, 87]"
1210,97,3,10,0.502769274273138,0.026127707213163376,"[52, 4, 97, 24, 53, 70, 87, 19, 18, 20]"
1211,97,3,10,0.49706249708716554,0.04485594481229782,"[59, 91, 44, 96, 72, 10, 88, 86, 18, 73]"
1212,97,3,10,0.49657530983931375,0.026004362851381302,"[40, 23, 78, 15, 84, 97, 14, 67, 47, 52]"
1213,97,3,10,0.4945338096780082,0.028003713116049767,"[9, 41, 0, 56, 48, 27, 72, 88, 71, 42]"
1214,97,3,10,0.4986769452476981,0.026516910642385483,"[65, 67, 93, 81, 28, 68, 23, 9, 71, 56]"
1215,97,3,10,0.4930828456788313,0.025683317333459854,"[54, 79, 18, 78, 48, 22, 9, 62, 70, 38]"
1216,97,3,10,0.4961426849102323,0.027115115895867348,"[8, 59, 35, 19, 43, 90, 83, 64, 38, 2]"
1217,97,3,10,0.49420231571742174,0.025173917412757874,"[94, 35, 71, 55, 37, 15, 50, 40, 57, 65]"
1218,97,3,10,0.49409523412221296,0.02759159915149212,"[8, 46, 67, 7, 1, 38, 10, 54, 64, 94]"
1219,97,3,10,0.4889219910901939,0.032324761152267456,"[26, 90, 77, 9, 19, 44, 42, 62, 28, 89]"
1220,97,3,10,0.49142001505470134,0.033974554389715195,"[48, 40, 26, 28, 44, 86, 11, 97, 67, 61]"
1221,97,3,10,0.49193830078296447,0.02427893877029419,"[55, 98, 79, 48, 35, 2, 20, 88, 40, 71]"
1222,97,3,10,0.49800054119022075,0.029187984764575958,"[6, 83, 55, 12, 48, 94, 68, 11, 86, 85]"
1223,97,3,10,0.4942121220260174,0.02775507979094982,"[66, 32, 83, 96, 72, 30, 71, 70, 15, 18]"
1224,97,3,10,0.4927275154798495,0.02909228391945362,"[19, 40, 52, 75, 59, 15, 76, 87, 74, 7]"
1225,97,3,10,0.4924211929901503,0.032437000423669815,"[18, 11, 8, 23, 33, 24, 87, 85, 88, 58]"
1226,97,3,10,0.48534961753784434,0.026951484382152557,"[93, 61, 59, 48, 33, 9, 4, 18, 90, 98]"
1227,97,3,10,0.49006030580160026,0.02662210911512375,"[78, 9, 75, 55, 61, 54, 10, 48, 64, 43]"
1228,96,4,10,0.493022072747224,0.025237329304218292,"[85, 48, 88, 81, 94, 97, 19, 79, 62, 99]"
1229,96,4,10,0.48671563543206037,0.025274021551012993,"[87, 7, 99, 49, 94, 14, 93, 41, 98, 22]"
1230,96,4,10,0.48722945020295855,0.028291892260313034,"[66, 51, 40, 72, 90, 94, 25, 9, 85, 58]"
1231,96,4,10,0.4895293415805628,0.028161637485027313,"[76, 49, 91, 14, 7, 31, 71, 20, 10, 97]"
1232,96,4,10,0.4937527581009754,0.0284454133361578,"[39, 73, 67, 23, 8, 12, 52, 2, 88, 80]"
1233,96,4,10,0.4907214219140452,0.026677528396248817,"[70, 96, 48, 30, 93, 78, 9, 62, 55, 83]"
1234,96,4,10,0.4883738425408685,0.036461081355810165,"[79, 48, 11, 85, 14, 89, 8, 92, 61, 51]"
1235,96,4,10,0.48790072935611706,0.026163777336478233,"[73, 78, 39, 33, 77, 37, 48, 94, 41, 24]"
1236,96,4,10,0.4832399233829143,0.024818986654281616,"[10, 11, 65, 96, 68, 76, 89, 94, 53, 22]"
1237,96,4,10,0.4893498516359994,0.024341922253370285,"[86, 48, 15, 2, 80, 22, 75, 66, 23, 37]"
1238,96,4,10,0.47919317996779154,0.025258900597691536,"[24, 56, 20, 28, 79, 72, 27, 44, 94, 87]"
1239,96,4,10,0.48808491618134253,0.02633773349225521,"[42, 8, 76, 74, 41, 65, 37, 18, 75, 11]"
1240,96,4,10,0.48961249868883644,0.025776313617825508,"[6, 29, 51, 10, 87, 86, 37, 88, 46, 7]"
1241,96,4,10,0.48547617080946304,0.04047362133860588,"[43, 47, 61, 81, 14, 71, 99, 49, 72, 19]"
1242,96,4,10,0.47827964808012163,0.02567501738667488,"[50, 89, 92, 99, 31, 47, 10, 74, 9, 86]"
1243,96,4,10,0.4841961713897628,0.02678532525897026,"[52, 54, 68, 59, 47, 30, 96, 62, 39, 58]"
1244,96,4,10,0.47506726512382197,0.03739754855632782,"[85, 10, 55, 90, 89, 6, 39, 97, 50, 69]"
1245,96,4,10,0.48324004383974295,0.026287000626325607,"[90, 42, 14, 43, 8, 60, 88, 81, 70, 66]"
1246,96,4,10,0.4787521753720073,0.02641519159078598,"[10, 13, 87, 84, 15, 89, 27, 2, 44, 8]"
1247,96,4,10,0.47257138509736507,0.025121258571743965,"[40, 67, 85, 98, 41, 33, 22, 19, 97, 48]"
1248,96,4,10,0.47701621797195704,0.027632201090455055,"[92, 32, 85, 19, 75, 67, 25, 8, 88, 94]"
1249,96,4,10,0.4811371439764666,0.025047866627573967,"[93, 71, 35, 4, 32, 19, 78, 59, 30, 1]"
1250,96,4,10,0.4824657990315626,0.02634628862142563,"[62, 70, 85, 80, 41, 40, 87, 71, 35, 94]"
1251,96,4,10,0.4790379832477071,0.03153740242123604,"[15, 46, 31, 27, 30, 55, 10, 9, 56, 73]"
1252,96,4,10,0.48179506687230844,0.03776124119758606,"[18, 47, 94, 9, 83, 71, 93, 44, 98, 58]"
1253,96,4,10,0.47313834952060563,0.027306612581014633,"[52, 48, 2, 4, 90, 81, 33, 72, 38, 58]"
1254,96,4,10,0.4686759503255057,0.025779547169804573,"[19, 88, 61, 58, 57, 77, 12, 20, 69, 24]"
1255,96,4,10,0.4782712658997192,0.028879990801215172,"[44, 90, 80, 49, 41, 83, 24, 85, 92, 66]"
1256,96,4,10,0.47536995475028837,0.02557804062962532,"[23, 11, 53, 83, 97, 70, 13, 10, 59, 64]"
1257,96,4,10,0.47832550049521205,0.024912264198064804,"[51, 19, 92, 13, 67, 38, 15, 39, 2, 43]"
1258,96,4,10,0.48361329623433047,0.027058329433202744,"[88, 46, 47, 23, 2, 49, 90, 73, 87, 15]"
1259,96,4,10,0.4834291705385197,0.025331467390060425,"[67, 87, 48, 30, 80, 41, 94, 24, 23, 63]"
1260,96,4,10,0.480180164981027,0.03092595934867859,"[38, 8, 75, 23, 54, 20, 65, 19, 88, 86]"
1261,96,4,10,0.47603829698853717,0.028370782732963562,"[10, 67, 31, 44, 71, 97, 19, 89, 28, 12]"
1262,96,4,10,0.46459510865253073,0.025691531598567963,"[47, 30, 23, 62, 96, 70, 0, 18, 54, 4]"
1263,96,4,10,0.47235138794017395,0.02774648554623127,"[38, 73, 66, 42, 75, 83, 68, 35, 17, 88]"
1264,96,4,10,0.4727257749368978,0.024375541135668755,"[88, 76, 39, 58, 35, 42, 81, 60, 92, 59]"
1265,96,4,10,0.46148182527963505,0.03042149916291237,"[67, 54, 66, 99, 4, 96, 73, 46, 63, 75]"
1266,96,4,10,0.46586583594596664,0.025709183886647224,"[31, 71, 42, 25, 57, 88, 90, 80, 76, 17]"
1267,96,4,10,0.4759295777006205,0.03150026127696037,"[30, 48, 63, 60, 11, 42, 24, 14, 1, 71]"
1268,96,4,10,0.4700570770127829,0.02572452835738659,"[73, 61, 81, 19, 51, 98, 20, 9, 80, 18]"
1269,96,4,10,0.4633907171529393,0.0372769758105278,"[19, 67, 78, 83, 54, 31, 26, 40, 10, 61]"
1270,96,4,10,0.4641134621098984,0.026659836992621422,"[43, 65, 13, 81, 98, 52, 89, 97, 70, 18]"
1271,96,4,10,0.4650021488929904,0.02695581316947937,"[44, 75, 31, 62, 73, 42, 18, 78, 98, 46]"
1272,96,4,10,0.4688229761671188,0.03502754122018814,"[75, 57, 6, 24, 47, 52, 78, 2, 41, 39]"
1273,96,4,10,0.45975372436088185,0.024599172174930573,"[4, 78, 15, 77, 41, 43, 47, 86, 45, 13]"
1274,96,4,10,0.4693755706555621,0.026054823771119118,"[24, 83, 59, 85, 7, 86, 57, 23, 52, 93]"
1275,96,4,10,0.4641058898942415,0.026140905916690826,"[64, 87, 93, 74, 31, 54, 42, 80, 49, 75]"
1276,96,4,10,0.4665865465305572,0.025684190914034843,"[18, 65, 13, 61, 56, 73, 87, 6, 81, 32]"
1277,96,4,10,0.46300790462383,0.025911882519721985,"[10, 19, 13, 68, 60, 76, 64, 94, 24, 35]"
1278,96,4,10,0.4593236393186935,0.027956204488873482,"[51, 8, 75, 9, 48, 77, 2, 59, 99, 28]"
1279,96,4,10,0.460869807905929,0.024976642802357674,"[33, 10, 46, 62, 14, 83, 22, 88, 58, 30]"
1280,96,4,10,0.47020445356881896,0.02954121306538582,"[72, 81, 20, 42, 2, 87, 67, 35, 61, 65]"
1281,96,4,10,0.4637496522866016,0.026804687455296516,"[14, 73, 11, 68, 62, 10, 20, 46, 85, 70]"
1282,96,4,10,0.4604307255772657,0.038556057959795,"[73, 70, 19, 49, 98, 90, 9, 40, 39, 41]"
1283,96,4,10,0.4631390174807504,0.02758566290140152,"[28, 48, 49, 35, 81, 62, 58, 87, 23, 68]"
1284,96,4,10,0.46306965695910673,0.025419460609555244,"[59, 94, 8, 99, 15, 48, 30, 20, 35, 54]"
1285,96,4,10,0.45865145001647084,0.024592718109488487,"[6, 50, 68, 65, 24, 11, 8, 2, 78, 4]"
1286,96,4,10,0.45561671951828997,0.02826778218150139,"[54, 18, 22, 39, 62, 84, 71, 74, 94, 63]"
1287,96,4,10,0.45649274811148643,0.026978859677910805,"[6, 79, 77, 19, 86, 49, 93, 88, 54, 76]"
1288,96,4,10,0.46427526375235517,0.026059528812766075,"[83, 19, 18, 15, 93, 11, 66, 65, 12, 90]"
1289,96,4,10,0.45340633151489634,0.025497134774923325,"[25, 78, 86, 83, 19, 32, 66, 59, 1, 94]"
1290,96,4,10,0.454885218725648,0.025883575901389122,"[94, 66, 4, 14, 13, 84, 35, 32, 18, 15]"
1291,96,4,10,0.4579614567895268,0.02479558438062668,"[92, 64, 1, 93, 72, 48, 6, 68, 65, 87]"
1292,96,4,10,0.4544078958329073,0.025258595123887062,"[90, 62, 19, 78, 20, 24, 25, 30, 93, 51]"
1293,96,4,10,0.4582914287267729,0.03545762971043587,"[19, 41, 47, 71, 56, 24, 57, 61, 70, 65]"
1294,96,4,10,0.4566868937292764,0.026158183813095093,"[47, 99, 84, 35, 19, 15, 61, 88, 30, 42]"
1295,96,4,10,0.45403860471276347,0.02523033879697323,"[42, 41, 92, 1, 55, 31, 12, 2, 66, 23]"
1296,96,4,10,0.45013131112033544,0.025973528623580933,"[87, 2, 41, 79, 81, 78, 70, 30, 77, 35]"
1297,96,4,10,0.46906371048196804,0.03032233938574791,"[94, 65, 31, 97, 80, 86, 51, 39, 71, 42]"
1298,96,4,10,0.44906694329408714,0.025813555344939232,"[72, 33, 57, 94, 8, 73, 81, 47, 41, 14]"
1299,96,4,10,0.46092044887847683,0.0429312065243721,"[38, 61, 86, 83, 88, 97, 52, 41, 42, 55]"
1300,96,4,10,0.4600935235619545,0.02591504342854023,"[41, 86, 15, 94, 13, 58, 35, 65, 37, 87]"
1301,96,4,10,0.4415376862727626,0.026915166527032852,"[92, 38, 52, 7, 63, 84, 14, 24, 79, 28]"
1302,96,4,10,0.44362577450310076,0.02559734508395195,"[79, 17, 2, 55, 19, 71, 83, 85, 27, 31]"
1303,96,4,10,0.45385342054069044,0.029835090041160583,"[83, 67, 49, 6, 11, 59, 42, 24, 88, 20]"
1304,96,4,10,0.4519136921957482,0.026015587151050568,"[76, 73, 71, 94, 8, 27, 87, 85, 83, 12]"
1305,96,4,10,0.4435263894584983,0.02487054653465748,"[79, 8, 41, 1, 78, 32, 59, 85, 9, 48]"
1306,96,4,10,0.4392706286335407,0.02977723814547062,"[78, 59, 24, 17, 99, 66, 30, 4, 88, 28]"
1307,96,4,10,0.4530408356771912,0.03221024200320244,"[97, 35, 61, 54, 81, 71, 88, 24, 56, 74]"
1308,96,4,10,0.44501959407745406,0.027514014393091202,"[61, 37, 97, 92, 1, 73, 11, 74, 57, 7]"
1309,96,4,10,0.4382913224658994,0.02578696236014366,"[90, 41, 40, 22, 38, 61, 8, 12, 76, 96]"
1310,96,4,10,0.438577967708887,0.026806596666574478,"[46, 17, 61, 35, 86, 56, 57, 19, 51, 14]"
1311,96,4,10,0.43727200429799945,0.026296084746718407,"[84, 18, 86, 42, 0, 52, 20, 83, 47, 31]"
1312,96,4,10,0.4431090715146342,0.026695765554904938,"[72, 67, 97, 64, 53, 83, 93, 18, 7, 23]"
1313,96,4,10,0.4540607214407172,0.02524537220597267,"[39, 83, 30, 24, 13, 62, 31, 71, 23, 43]"
1314,96,4,10,0.44968390125174856,0.029235295951366425,"[64, 24, 14, 85, 44, 81, 72, 71, 47, 87]"
1315,96,4,10,0.4390814533933651,0.030268624424934387,"[39, 89, 86, 38, 41, 40, 35, 85, 66, 78]"
1316,96,4,10,0.4366638068542924,0.026698222383856773,"[97, 61, 70, 64, 93, 7, 44, 80, 32, 13]"
1317,96,4,10,0.44176521581099476,0.03933453559875488,"[77, 19, 31, 47, 38, 1, 65, 9, 58, 28]"
1318,96,4,10,0.4446337564220262,0.02714977040886879,"[76, 89, 37, 14, 87, 97, 8, 71, 19, 49]"
1319,96,4,10,0.437146734480941,0.025288550183176994,"[39, 44, 15, 71, 24, 25, 60, 53, 37, 76]"
1320,96,4,10,0.437693606256399,0.03342705965042114,"[67, 84, 66, 32, 31, 14, 8, 61, 65, 18]"
1321,96,4,10,0.4423082749077747,0.02715865522623062,"[20, 42, 76, 19, 93, 38, 29, 24, 23, 54]"
1322,96,4,10,0.43813716905234856,0.02523045241832733,"[58, 40, 43, 74, 92, 32, 94, 85, 87, 97]"
1323,96,4,10,0.437772678947726,0.02387663722038269,"[7, 23, 40, 46, 92, 87, 94, 41, 78, 31]"
1324,96,4,10,0.4359888466898092,0.029568001627922058,"[15, 80, 12, 75, 70, 65, 66, 31, 38, 54]"
1325,96,4,10,0.43794824526926807,0.026525653898715973,"[24, 13, 54, 88, 83, 12, 4, 89, 38, 30]"
1326,96,4,10,0.43377292131095435,0.02590709552168846,"[12, 55, 66, 75, 58, 94, 41, 83, 37, 93]"
1327,96,4,10,0.4338394672284986,0.02552681788802147,"[12, 94, 55, 13, 61, 20, 23, 44, 19, 75]"
1328,96,4,10,0.43598973512822803,0.025621138513088226,"[70, 81, 90, 73, 27, 42, 9, 13, 62, 4]"
1329,96,4,10,0.4396896496155234,0.028495296835899353,"[8, 58, 42, 31, 73, 22, 90, 61, 7, 11]"
1330,96,4,10,0.4337108243603346,0.02696715109050274,"[27, 65, 75, 39, 31, 49, 24, 40, 14, 80]"
1331,96,4,10,0.43677553074477715,0.027605993673205376,"[86, 49, 51, 11, 27, 35, 58, 19, 24, 39]"
1332,96,4,10,0.43841113627476747,0.03866787254810333,"[83, 90, 48, 51, 2, 85, 70, 30, 28, 9]"
1333,96,4,10,0.4367402710453715,0.03148728981614113,"[42, 31, 22, 32, 55, 58, 90, 39, 10, 8]"
1334,96,4,10,0.4318345645226018,0.026342347264289856,"[52, 20, 18, 47, 94, 75, 71, 93, 72, 80]"
1335,96,4,10,0.4270415348628926,0.025092240422964096,"[65, 92, 4, 38, 31, 11, 87, 9, 68, 91]"
1336,96,4,10,0.4256759953013686,0.02635565772652626,"[46, 26, 92, 61, 11, 54, 89, 55, 97, 87]"
1337,96,4,10,0.4330786842333023,0.02710692025721073,"[38, 15, 39, 27, 66, 97, 71, 11, 53, 6]"
1338,96,4,10,0.43661751617179356,0.030080005526542664,"[45, 74, 87, 42, 9, 12, 71, 97, 39, 90]"
1339,96,4,10,0.43309307392946506,0.028248213231563568,"[6, 75, 74, 8, 58, 61, 90, 39, 14, 4]"
1340,96,4,10,0.4252689046048841,0.027392467483878136,"[71, 81, 28, 58, 2, 75, 84, 12, 53, 42]"
1341,96,4,10,0.41975912172780483,0.03251779079437256,"[41, 39, 77, 67, 58, 69, 94, 45, 42, 97]"
1342,96,4,10,0.4350475526826326,0.025513945147395134,"[14, 23, 90, 58, 71, 47, 46, 24, 35, 12]"
1343,96,4,10,0.4203391747245955,0.027614150196313858,"[54, 43, 61, 97, 18, 14, 28, 63, 98, 76]"
1344,96,4,10,0.415905090473419,0.02780056744813919,"[17, 52, 59, 90, 42, 31, 55, 83, 84, 63]"
1345,96,4,10,0.4294558970214323,0.02723112516105175,"[93, 15, 48, 76, 74, 49, 86, 4, 72, 19]"
1346,96,4,10,0.4237798209453738,0.024765092879533768,"[72, 81, 63, 10, 53, 62, 93, 44, 94, 19]"
1347,96,4,10,0.4318440192400716,0.029050812125205994,"[24, 54, 55, 2, 57, 73, 94, 62, 97, 7]"
1348,96,4,10,0.41710701090998425,0.024879449978470802,"[79, 66, 65, 35, 92, 22, 40, 9, 44, 41]"
1349,96,4,10,0.41518845902972445,0.031652070581912994,"[55, 28, 52, 6, 91, 72, 38, 20, 2, 10]"
1350,96,4,10,0.42799486050079033,0.025138720870018005,"[30, 65, 59, 1, 8, 68, 83, 57, 86, 88]"
1351,96,4,10,0.42038963132126383,0.02660723216831684,"[65, 0, 42, 13, 39, 96, 28, 32, 55, 24]"
1352,96,4,10,0.4244853130520083,0.02568507194519043,"[1, 55, 11, 13, 19, 97, 32, 65, 31, 61]"
1353,96,4,10,0.4171202417809603,0.024494709447026253,"[57, 46, 92, 54, 88, 6, 41, 99, 24, 32]"
1354,96,4,10,0.41734530922285346,0.025794005021452904,"[41, 28, 19, 13, 12, 61, 44, 4, 1, 65]"
1355,96,4,10,0.42290256416728333,0.026181291788816452,"[12, 83, 93, 71, 39, 9, 99, 42, 70, 97]"
1356,96,4,10,0.4197934450278449,0.02593463473021984,"[86, 15, 99, 31, 47, 90, 67, 32, 83, 44]"
1357,96,4,10,0.4234380056951628,0.02645028382539749,"[19, 61, 41, 12, 59, 24, 15, 51, 10, 70]"
1358,96,4,10,0.42176411851027673,0.025660552084445953,"[92, 75, 73, 71, 55, 61, 85, 43, 48, 38]"
1359,96,4,10,0.41999838511611143,0.027459103614091873,"[12, 42, 53, 14, 97, 71, 70, 93, 10, 77]"
1360,96,4,10,0.4177423361169044,0.027526497840881348,"[38, 13, 65, 41, 7, 43, 74, 15, 25, 24]"
1361,96,4,10,0.42505314460154187,0.02692430280148983,"[90, 72, 31, 48, 87, 43, 19, 51, 58, 30]"
1362,96,4,10,0.4209446777351374,0.02661924995481968,"[38, 51, 28, 11, 48, 88, 15, 7, 46, 37]"
1363,96,4,10,0.41854717879621095,0.025598576292395592,"[27, 31, 10, 88, 71, 80, 83, 52, 90, 47]"
1364,96,4,10,0.4224880053293566,0.02632204443216324,"[80, 24, 59, 44, 48, 8, 87, 38, 83, 9]"
1365,96,4,10,0.42326953682268775,0.03342527523636818,"[61, 55, 42, 6, 14, 24, 43, 48, 85, 72]"
1366,96,4,10,0.4153660682398219,0.024930542334914207,"[42, 48, 84, 71, 88, 23, 93, 75, 37, 43]"
1367,96,4,10,0.41084018146922424,0.029859106987714767,"[70, 26, 76, 67, 9, 94, 83, 87, 54, 42]"
1368,96,4,10,0.4066500982962722,0.026015853509306908,"[56, 63, 22, 67, 10, 66, 6, 87, 13, 39]"
1369,96,4,10,0.40904299421452506,0.0251043401658535,"[94, 93, 78, 55, 73, 43, 44, 84, 38, 48]"
1370,96,4,10,0.40983606949881757,0.02737531252205372,"[75, 44, 96, 8, 66, 14, 2, 61, 65, 49]"
1371,96,4,10,0.40619618248107825,0.025472037494182587,"[64, 88, 73, 66, 99, 58, 54, 9, 80, 52]"
1372,96,4,10,0.4102667127367715,0.024095620959997177,"[37, 55, 79, 30, 75, 1, 29, 62, 10, 39]"
1373,96,4,10,0.4127619662517032,0.026351790875196457,"[59, 80, 66, 19, 2, 31, 51, 97, 85, 24]"
1374,96,4,10,0.4041429192910707,0.023910008370876312,"[63, 47, 62, 78, 2, 8, 51, 92, 31, 71]"
1375,96,4,10,0.4141239632051005,0.034424830228090286,"[74, 30, 39, 28, 73, 44, 25, 19, 94, 86]"
1376,96,4,10,0.3984487064399345,0.02689683809876442,"[62, 67, 52, 79, 27, 71, 51, 57, 11, 70]"
1377,96,4,10,0.40679066671535025,0.02799249067902565,"[38, 44, 62, 20, 24, 87, 86, 92, 50, 11]"
1378,96,4,10,0.410045037076397,0.027348071336746216,"[71, 73, 26, 8, 23, 38, 81, 86, 39, 90]"
1379,96,4,10,0.40736261076012326,0.024697400629520416,"[99, 15, 52, 92, 7, 18, 73, 19, 35, 81]"
1380,96,4,10,0.40239707822369974,0.031921759247779846,"[46, 71, 2, 56, 83, 74, 66, 77, 11, 29]"
1381,96,4,10,0.41081349021040425,0.027072608470916748,"[58, 4, 73, 39, 54, 29, 66, 81, 51, 87]"
1382,96,4,10,0.4021465410283485,0.04723679646849632,"[58, 85, 14, 13, 76, 97, 20, 55, 32, 89]"
1383,96,4,10,0.3985061053836415,0.031666044145822525,"[27, 18, 96, 72, 74, 31, 55, 28, 46, 87]"
1384,96,4,10,0.400945369687018,0.027360012754797935,"[97, 51, 23, 38, 1, 74, 28, 76, 41, 67]"
1385,96,4,10,0.3993799938365471,0.03148651123046875,"[13, 41, 49, 80, 42, 48, 90, 18, 17, 32]"
1386,96,4,10,0.40389655131500124,0.025492176413536072,"[15, 43, 96, 50, 81, 32, 11, 14, 83, 48]"
1387,96,4,10,0.4016710300085157,0.025713060051202774,"[88, 54, 92, 64, 10, 37, 86, 15, 70, 67]"
1388,96,4,10,0.3998272386921007,0.026738241314888,"[56, 86, 67, 89, 84, 71, 9, 48, 73, 78]"
1389,96,4,10,0.40211973380903865,0.03132181242108345,"[91, 48, 61, 41, 62, 39, 15, 71, 56, 42]"
1390,96,4,10,0.39520970386301363,0.027006525546312332,"[8, 19, 6, 61, 10, 40, 9, 60, 17, 90]"
1391,96,4,10,0.3998667042139311,0.024562090635299683,"[46, 58, 50, 37, 51, 97, 86, 14, 68, 62]"
1392,96,4,10,0.4018486269944629,0.025789136067032814,"[31, 77, 92, 90, 42, 7, 41, 39, 48, 37]"
1393,96,4,10,0.39632458531752573,0.025942688807845116,"[41, 51, 67, 7, 99, 83, 14, 59, 12, 65]"
1394,96,4,10,0.3964172486042561,0.025195177644491196,"[74, 94, 92, 66, 46, 30, 47, 78, 44, 2]"
1395,96,4,10,0.40174912639655347,0.04170936346054077,"[1, 38, 54, 9, 44, 86, 15, 89, 47, 24]"
1396,96,4,10,0.3951865207923706,0.026291975751519203,"[88, 65, 2, 15, 29, 53, 73, 60, 64, 89]"
1397,96,4,10,0.3961175541241848,0.025004403665661812,"[40, 32, 18, 86, 73, 88, 7, 51, 75, 37]"
1398,96,4,10,0.3956684296344255,0.025113508105278015,"[80, 78, 77, 31, 39, 42, 47, 62, 66, 10]"
1399,96,4,10,0.39184261592494884,0.024713050574064255,"[42, 24, 92, 31, 88, 35, 22, 45, 7, 4]"
1400,96,4,10,0.39151666624861403,0.02537727542221546,"[22, 98, 30, 49, 88, 6, 51, 39, 19, 79]"
1401,96,4,10,0.3940500478325195,0.027382466942071915,"[48, 62, 74, 51, 33, 65, 81, 20, 10, 9]"
1402,96,4,10,0.3924121363694931,0.023644452914595604,"[73, 19, 40, 13, 97, 53, 87, 55, 98, 31]"
1403,96,4,10,0.39259041137560163,0.032281357795000076,"[97, 40, 94, 59, 6, 63, 85, 1, 24, 18]"
1404,96,4,10,0.38329784781130594,0.02909661829471588,"[20, 80, 73, 98, 68, 6, 44, 67, 57, 53]"
1405,96,4,10,0.38907936152373984,0.026396486908197403,"[24, 78, 68, 88, 15, 54, 57, 89, 85, 79]"
1406,96,4,10,0.39573972979560496,0.025807950645685196,"[39, 78, 7, 40, 15, 28, 88, 35, 48, 51]"
1407,96,4,10,0.3983393764491518,0.030939191579818726,"[2, 42, 86, 29, 19, 88, 31, 87, 13, 76]"
1408,96,4,10,0.38624763633666,0.032918743789196014,"[58, 71, 40, 30, 25, 88, 46, 54, 27, 41]"
1409,96,4,10,0.3894695161733516,0.02578837424516678,"[48, 86, 13, 75, 39, 23, 98, 90, 84, 72]"
1410,96,4,10,0.38813514873645333,0.029258951544761658,"[55, 42, 62, 69, 23, 30, 14, 11, 19, 7]"
1411,96,4,10,0.3905148492324664,0.02459181472659111,"[75, 68, 47, 35, 51, 15, 7, 37, 24, 76]"
1412,96,4,10,0.3865555790859426,0.02538495510816574,"[8, 27, 42, 57, 32, 35, 83, 2, 48, 81]"
1413,96,4,10,0.38676574346717707,0.026289038360118866,"[66, 19, 11, 72, 87, 14, 1, 42, 82, 24]"
1414,96,4,10,0.3829100504041064,0.025583771988749504,"[96, 45, 18, 38, 52, 88, 47, 30, 42, 20]"
1415,96,4,10,0.38759856448443825,0.024423109367489815,"[18, 48, 15, 78, 80, 47, 52, 20, 23, 58]"
1416,96,4,10,0.3867535702537659,0.025772208347916603,"[65, 89, 86, 29, 48, 31, 22, 46, 17, 10]"
1417,96,4,10,0.37203032745828113,0.02580690011382103,"[12, 37, 66, 67, 41, 45, 49, 93, 88, 13]"
1418,96,4,10,0.38376696906160823,0.031878869980573654,"[68, 1, 14, 81, 85, 15, 40, 94, 48, 0]"
1419,96,4,10,0.3815494064306624,0.03416648134589195,"[96, 58, 40, 18, 9, 14, 66, 52, 70, 10]"
1420,96,4,10,0.3884158224798739,0.03701533377170563,"[86, 31, 40, 87, 74, 24, 96, 14, 88, 44]"
1421,96,4,10,0.38269030187972064,0.025006508454680443,"[41, 93, 68, 37, 35, 8, 75, 88, 62, 94]"
1422,96,4,10,0.3746062241711242,0.0259262565523386,"[59, 31, 57, 73, 1, 20, 37, 90, 38, 72]"
1423,96,4,10,0.37981407517610594,0.025769710540771484,"[15, 59, 80, 89, 70, 79, 81, 39, 71, 20]"
1424,96,4,10,0.3790704147944357,0.029180921614170074,"[28, 10, 7, 96, 91, 62, 97, 90, 11, 81]"
1425,96,4,10,0.3814167145639658,0.027211667969822884,"[83, 64, 6, 10, 29, 73, 39, 99, 15, 20]"
1426,96,4,10,0.3821469219748017,0.029568342491984367,"[11, 7, 76, 65, 30, 17, 71, 75, 89, 15]"
1427,96,4,10,0.3773226336538142,0.026211339980363846,"[88, 53, 60, 14, 68, 85, 8, 78, 71, 41]"
1428,96,4,10,0.37700363935274617,0.024639055132865906,"[30, 18, 99, 24, 58, 79, 41, 23, 4, 72]"
1429,96,4,10,0.38303751622131743,0.026303086429834366,"[8, 96, 42, 55, 30, 81, 77, 97, 51, 87]"
1430,96,4,10,0.3774459181142278,0.02818673849105835,"[94, 47, 11, 86, 14, 76, 44, 61, 25, 70]"
1431,96,4,10,0.3799723834914783,0.02649284154176712,"[48, 92, 88, 23, 8, 93, 87, 85, 41, 77]"
1432,96,4,10,0.3805440570763854,0.02811015211045742,"[30, 23, 19, 14, 25, 28, 48, 86, 41, 38]"
1433,96,4,10,0.36787798946593386,0.025454144924879074,"[81, 76, 40, 61, 8, 44, 1, 15, 60, 43]"
1434,96,4,10,0.3735538994197647,0.026026412844657898,"[8, 10, 97, 57, 68, 51, 89, 46, 28, 18]"
1435,96,4,10,0.3776669595964513,0.02665962092578411,"[15, 6, 28, 13, 48, 62, 1, 64, 24, 81]"
1436,96,4,10,0.3656197624695271,0.028482122346758842,"[74, 31, 84, 94, 49, 62, 93, 47, 58, 40]"
1437,96,4,10,0.3791915854003258,0.0263490229845047,"[53, 2, 72, 97, 19, 73, 65, 57, 86, 66]"
1438,95,5,10,0.37582816632077376,0.024713488295674324,"[24, 47, 68, 2, 51, 79, 97, 6, 44, 55]"
1439,95,5,10,0.37732172454981244,0.024270905181765556,"[43, 65, 46, 32, 15, 10, 85, 2, 6, 79]"
1440,95,5,10,0.38238706759670205,0.027553172782063484,"[15, 83, 53, 42, 79, 30, 86, 62, 90, 73]"
1441,95,5,10,0.37265641465783117,0.03591188043355942,"[28, 93, 18, 90, 70, 87, 38, 81, 96, 15]"
1442,95,5,10,0.3653571324532523,0.02784581482410431,"[78, 73, 67, 41, 71, 49, 90, 50, 64, 70]"
1443,95,5,10,0.37246391523410294,0.026360729709267616,"[53, 1, 86, 11, 90, 49, 66, 72, 15, 35]"
1444,95,5,10,0.3722317685975748,0.027460318058729172,"[85, 83, 62, 93, 14, 77, 50, 58, 10, 30]"
1445,95,5,10,0.3748650225427221,0.025713078677654266,"[82, 94, 30, 86, 63, 35, 97, 39, 87, 71]"
1446,95,5,10,0.3634801411234281,0.02460586465895176,"[12, 35, 93, 48, 15, 74, 25, 86, 90, 33]"
1447,95,5,10,0.3758204574422801,0.029326969757676125,"[58, 41, 49, 94, 88, 42, 62, 46, 93, 24]"
1448,95,5,10,0.37421218802166334,0.04691716656088829,"[14, 94, 23, 51, 2, 71, 85, 28, 74, 58]"
1449,95,5,10,0.3677872910109513,0.025341365486383438,"[80, 99, 10, 57, 88, 28, 47, 31, 73, 87]"
1450,95,5,10,0.3701799147926709,0.026424268260598183,"[24, 30, 65, 29, 31, 67, 38, 71, 12, 60]"
1451,95,5,10,0.36101363759268734,0.025464307516813278,"[98, 55, 99, 32, 89, 65, 93, 61, 94, 11]"
1452,95,5,10,0.3641155829653144,0.028225120157003403,"[54, 74, 48, 85, 8, 18, 39, 46, 26, 81]"
1453,95,5,10,0.3641955241560936,0.02530771493911743,"[81, 61, 11, 64, 94, 32, 25, 9, 71, 31]"
1454,95,5,10,0.3610755874501432,0.03697912022471428,"[55, 74, 9, 97, 87, 8, 86, 42, 69, 79]"
1455,95,5,10,0.36940658134134374,0.03343022242188454,"[93, 37, 2, 44, 47, 48, 75, 71, 86, 85]"
1456,95,5,10,0.36900793447652286,0.030333608388900757,"[73, 80, 94, 35, 11, 6, 9, 15, 38, 49]"
1457,95,5,10,0.36369597895399614,0.037410277873277664,"[20, 90, 39, 85, 0, 14, 61, 42, 80, 24]"
1458,95,5,10,0.36088746527538584,0.02977300062775612,"[61, 42, 96, 77, 35, 67, 43, 40, 4, 71]"
1459,95,5,10,0.3568478435716208,0.02515786699950695,"[75, 9, 81, 20, 58, 32, 42, 76, 27, 61]"
1460,95,5,10,0.35881511884029293,0.0276620052754879,"[84, 55, 44, 88, 48, 72, 92, 29, 58, 20]"
1461,95,5,10,0.36167692874613055,0.02608104795217514,"[11, 32, 41, 10, 80, 70, 23, 9, 48, 27]"
1462,95,5,10,0.35622238412718565,0.025621403008699417,"[86, 53, 22, 91, 94, 29, 58, 73, 39, 89]"
1463,95,5,10,0.35786674940301216,0.025984831154346466,"[72, 46, 65, 63, 20, 10, 57, 96, 18, 39]"
1464,95,5,10,0.3531210136873757,0.024221858009696007,"[37, 66, 47, 92, 60, 39, 22, 83, 10, 76]"
1465,95,5,10,0.36369653363328647,0.026163926348090172,"[39, 81, 47, 48, 33, 24, 22, 15, 72, 42]"
1466,95,5,10,0.3601057711605202,0.025335032492876053,"[1, 85, 8, 6, 55, 87, 10, 84, 94, 11]"
1467,95,5,10,0.3536856442087275,0.027872879058122635,"[41, 18, 12, 90, 88, 42, 26, 68, 97, 77]"
1468,95,5,10,0.35945175336126023,0.02585536614060402,"[65, 14, 85, 79, 52, 43, 18, 61, 30, 31]"
1469,95,5,10,0.35310931656619204,0.026238087564706802,"[32, 48, 87, 78, 49, 74, 11, 63, 6, 41]"
1470,95,5,10,0.3578640235259253,0.026481449604034424,"[14, 11, 90, 31, 39, 80, 28, 2, 74, 43]"
1471,95,5,10,0.3600485394051408,0.024848075583577156,"[94, 97, 11, 79, 59, 62, 68, 41, 39, 47]"
1472,95,5,10,0.3558817045763135,0.02573704905807972,"[97, 66, 8, 23, 57, 85, 54, 6, 83, 81]"
1473,95,5,10,0.3564625100397012,0.02435913123190403,"[96, 81, 13, 12, 86, 48, 55, 97, 8, 93]"
1474,95,5,10,0.3504195601487642,0.02439577691257,"[48, 80, 41, 58, 79, 37, 9, 42, 60, 90]"
1475,95,5,10,0.35492047474938715,0.02477187290787697,"[55, 78, 87, 79, 81, 2, 18, 71, 9, 4]"
1476,95,5,10,0.35214561484480167,0.0285953339189291,"[72, 68, 71, 18, 50, 61, 39, 9, 73, 91]"
1477,95,5,10,0.3519055022940259,0.02715626172721386,"[83, 88, 28, 32, 93, 19, 29, 90, 20, 62]"
1478,95,5,10,0.34412565327331646,0.02454635687172413,"[32, 59, 0, 30, 87, 92, 7, 94, 90, 60]"
1479,95,5,10,0.34920336237341604,0.02507348731160164,"[73, 43, 30, 83, 27, 88, 22, 53, 15, 49]"
1480,95,5,10,0.35156556645901327,0.02518276497721672,"[63, 24, 1, 72, 28, 61, 35, 88, 23, 54]"
1481,95,5,10,0.3452435735400821,0.02482956275343895,"[60, 18, 93, 23, 30, 33, 10, 80, 14, 94]"
1482,94,6,10,0.3541436420335873,0.03150583431124687,"[85, 83, 27, 87, 86, 48, 58, 55, 37, 71]"
1483,94,6,9,0.3485973788948815,0.026776432991027832,"[11, 24, 54, 89, 35, 66, 45, 68, 52]"
1484,94,6,9,0.35014316464950834,0.025051100179553032,"[10, 30, 11, 20, 42, 87, 96, 63, 57]"
1485,94,6,9,0.35597515857224565,0.024382926523685455,"[42, 76, 7, 57, 4, 35, 23, 39, 10]"
1486,94,6,9,0.35583541192771756,0.03044316917657852,"[28, 29, 88, 48, 71, 97, 58, 17, 14]"
1487,94,6,9,0.34749835888593417,0.02580069750547409,"[39, 6, 54, 80, 66, 18, 72, 92, 59]"
1488,94,6,9,0.35054939768453636,0.024833444505929947,"[87, 93, 30, 62, 55, 23, 8, 32, 81]"
1489,94,6,9,0.3376980439656311,0.027106797322630882,"[67, 58, 46, 24, 61, 36, 43, 90, 73]"
1490,94,6,9,0.351745881163363,0.025937769562005997,"[73, 42, 12, 19, 74, 8, 47, 55, 9]"
1491,94,6,9,0.35060724010873656,0.025012236088514328,"[18, 51, 78, 30, 35, 29, 87, 4, 83]"
1492,94,6,9,0.3464487182840802,0.0279233418405056,"[77, 68, 86, 94, 14, 74, 25, 83, 6]"
1493,94,6,9,0.3497619736623141,0.025910772383213043,"[13, 31, 48, 2, 38, 92, 30, 9, 47]"
1494,94,6,9,0.34788284897926003,0.025501804426312447,"[71, 38, 65, 52, 75, 59, 24, 37, 22]"
1495,94,6,9,0.3486692717152775,0.028773341327905655,"[61, 97, 42, 48, 8, 22, 90, 56, 39]"
1496,94,6,9,0.34470825346880685,0.026924364268779755,"[11, 72, 41, 1, 19, 51, 44, 8, 47]"
1497,94,6,9,0.3405446094028603,0.025017933920025826,"[57, 51, 83, 18, 50, 42, 94, 2, 93]"
1498,94,6,9,0.3503913890320832,0.03170233592391014,"[52, 89, 23, 7, 88, 10, 65, 61, 31]"
1499,94,6,9,0.33654414800671384,0.024399802088737488,"[4, 86, 54, 83, 12, 92, 51, 77, 96]"
1500,94,6,9,0.34615165973203926,0.025291571393609047,"[28, 2, 48, 93, 83, 30, 8, 24, 78]"
1501,94,6,9,0.3420703148475416,0.026150260120630264,"[49, 58, 4, 54, 90, 68, 51, 65, 2]"
1502,94,6,9,0.3468706617539663,0.02577035501599312,"[14, 1, 86, 88, 51, 65, 12, 89, 87]"
1503,94,6,9,0.3384585782416847,0.02686735987663269,"[92, 74, 10, 39, 94, 83, 91, 38, 65]"
1504,94,6,9,0.33307762278207376,0.025883827358484268,"[31, 8, 17, 46, 47, 9, 74, 7, 43]"
1505,94,6,9,0.34250927369773776,0.026637040078639984,"[51, 65, 7, 85, 81, 61, 96, 14, 44]"
1506,94,6,9,0.3430323983706972,0.031427204608917236,"[93, 85, 38, 9, 14, 11, 97, 67, 2]"
1507,94,6,9,0.33059055896512435,0.025935813784599304,"[32, 97, 67, 8, 91, 47, 52, 9, 18]"
1508,94,6,9,0.34563800214661977,0.02716858498752117,"[88, 13, 20, 15, 24, 31, 81, 47, 87]"
1509,94,6,9,0.3426057168221698,0.028035838156938553,"[29, 18, 55, 24, 51, 2, 35, 86, 47]"
1510,94,6,9,0.33168292423783274,0.026256760582327843,"[30, 20, 76, 42, 53, 44, 32, 90, 84]"
1511,93,7,9,0.33676202498875507,0.037751492112874985,"[18, 90, 35, 75, 14, 9, 58, 99, 94]"
1512,93,7,9,0.34610595985774006,0.029852235689759254,"[30, 23, 71, 39, 81, 55, 54, 29, 8]"
1513,93,7,9,0.3414567367336343,0.03322802856564522,"[8, 9, 58, 80, 48, 23, 94, 20, 42]"
1514,93,7,9,0.33428837620608864,0.026082511991262436,"[53, 42, 80, 52, 89, 48, 78, 71, 77]"
1515,93,7,9,0.32617989118905766,0.026765789836645126,"[47, 75, 60, 72, 2, 66, 51, 74, 55]"
1516,93,7,9,0.344961426117354,0.02873968333005905,"[14, 79, 86, 39, 24, 73, 94, 13, 51]"
1517,93,7,9,0.3275991334535536,0.025676853954792023,"[96, 66, 43, 79, 15, 29, 90, 23, 49]"
1518,93,7,9,0.33282787849505746,0.027161382138729095,"[44, 6, 14, 24, 82, 83, 23, 48, 51]"
1519,93,7,9,0.3346045979756921,0.02331741526722908,"[76, 32, 13, 83, 58, 1, 48, 97, 4]"
1520,93,7,9,0.3290766880270981,0.024254892021417618,"[81, 67, 24, 63, 61, 72, 9, 23, 45]"
1521,93,7,9,0.3322880176886443,0.025864217430353165,"[57, 50, 19, 81, 15, 64, 94, 46, 48]"
1522,93,7,9,0.33527868480554646,0.025293458253145218,"[96, 24, 30, 57, 54, 85, 97, 8, 42]"
1523,93,7,9,0.328619895340313,0.024700457230210304,"[24, 37, 41, 10, 86, 43, 13, 57, 64]"
1524,93,7,9,0.3291767697396969,0.02587420493364334,"[79, 83, 9, 59, 90, 45, 42, 10, 18]"
1525,93,7,9,0.3357133318389219,0.025300290435552597,"[11, 23, 93, 62, 2, 66, 35, 71, 42]"
1526,93,7,9,0.3308037123716776,0.024888763204216957,"[63, 43, 73, 14, 35, 55, 9, 62, 7]"
1527,93,7,9,0.33099143192290315,0.024116508662700653,"[41, 43, 37, 23, 88, 9, 51, 6, 42]"
1528,93,7,9,0.3287609176385024,0.02539035491645336,"[32, 8, 54, 35, 15, 46, 67, 51, 23]"
1529,93,7,9,0.3259495666457547,0.02343250997364521,"[43, 22, 99, 86, 54, 75, 13, 24, 88]"
1530,93,7,9,0.3264918529857246,0.03140455111861229,"[85, 94, 87, 58, 6, 24, 48, 81, 82]"
1531,93,7,9,0.3233410207672961,0.03233521804213524,"[71, 56, 90, 9, 41, 26, 68, 65, 39]"
1532,93,7,9,0.3198964003739613,0.025146758183836937,"[53, 98, 61, 93, 89, 83, 48, 74, 68]"
1533,93,7,9,0.3275737683658325,0.023666774854063988,"[54, 96, 80, 48, 65, 1, 86, 92, 35]"
1534,93,7,9,0.3223740385460948,0.031168214976787567,"[31, 72, 55, 65, 22, 92, 2, 11, 20]"
1535,93,7,9,0.3292672851433357,0.030298030003905296,"[85, 75, 27, 71, 24, 55, 30, 7, 83]"
1536,93,7,9,0.32685442942948567,0.02605796977877617,"[68, 52, 63, 14, 55, 90, 97, 85, 87]"
1537,93,7,9,0.3259547563594958,0.024425789713859558,"[83, 84, 86, 67, 10, 4, 51, 30, 31]"
1538,93,7,9,0.32256175159284517,0.025404375046491623,"[72, 83, 57, 28, 87, 15, 44, 62, 58]"
1539,93,7,9,0.3252707765334182,0.024340756237506866,"[55, 88, 12, 4, 41, 15, 30, 51, 47]"
1540,93,7,9,0.33030145887344603,0.03349475935101509,"[65, 62, 11, 88, 77, 74, 30, 48, 76]"
1541,93,7,9,0.32625718457653885,0.029999786987900734,"[7, 48, 70, 15, 90, 71, 67, 78, 89]"
1542,93,7,9,0.3190664371534709,0.02457987330853939,"[23, 10, 48, 66, 79, 13, 46, 38, 53]"
1543,93,7,9,0.317829814059512,0.02423907071352005,"[96, 4, 75, 40, 15, 31, 88, 90, 62]"
1544,93,7,9,0.3205865474329108,0.024680763483047485,"[52, 39, 90, 86, 64, 96, 7, 22, 10]"
1545,93,7,9,0.3251492153439257,0.025816679000854492,"[96, 72, 42, 51, 73, 2, 67, 86, 94]"
1546,93,7,9,0.32074935675140415,0.02675534412264824,"[39, 86, 7, 87, 88, 74, 63, 43, 4]"
1547,93,7,9,0.3148126852890802,0.024342887103557587,"[92, 60, 11, 62, 96, 39, 67, 30, 14]"
1548,93,7,9,0.31343096250756863,0.024759188294410706,"[7, 78, 35, 58, 97, 66, 9, 76, 84]"
1549,93,7,9,0.31359153883975177,0.02733725681900978,"[52, 67, 83, 14, 50, 39, 59, 32, 74]"
1550,93,7,9,0.32161456404165145,0.025194915011525154,"[48, 43, 32, 39, 71, 52, 81, 89, 86]"
1551,93,7,9,0.3204035884183314,0.03670202195644379,"[28, 41, 38, 24, 19, 96, 86, 14, 54]"
1552,93,7,9,0.3196033161163093,0.025811951607465744,"[9, 81, 88, 43, 85, 24, 20, 47, 30]"
1553,93,7,9,0.3143938295099707,0.02788069099187851,"[86, 43, 1, 90, 17, 97, 71, 35, 59]"
1554,93,7,9,0.31018595914873814,0.026404093950986862,"[87, 55, 64, 94, 44, 60, 71, 70, 59]"
1555,93,7,9,0.3170038102017272,0.029815174639225006,"[51, 7, 67, 24, 61, 49, 30, 19, 75]"
1556,93,7,9,0.3139649928650922,0.028646403923630714,"[71, 30, 9, 91, 94, 24, 23, 49, 13]"
1557,93,7,9,0.32074047528976013,0.027906499803066254,"[10, 18, 88, 68, 30, 81, 4, 39, 54]"
1558,93,7,9,0.3187889331316073,0.028270987793803215,"[61, 65, 10, 87, 47, 99, 14, 11, 67]"
1559,93,7,9,0.30235075761401464,0.026308629661798477,"[10, 77, 94, 69, 73, 29, 87, 47, 22]"
1560,93,7,9,0.3137536539090058,0.026102473959326744,"[7, 96, 97, 38, 94, 39, 23, 74, 6]"
1561,93,7,9,0.3153953597038275,0.030479809269309044,"[61, 65, 71, 7, 84, 81, 29, 30, 2]"
1562,93,7,9,0.30490291782373946,0.04593058302998543,"[83, 45, 85, 97, 58, 50, 15, 29, 6]"
1563,93,7,9,0.3074796563901362,0.02759637124836445,"[23, 76, 11, 28, 17, 86, 71, 42, 22]"
1564,93,7,9,0.29531392702714554,0.025566697120666504,"[8, 32, 24, 75, 89, 56, 64, 43, 87]"
1565,93,7,9,0.30142515500090894,0.02633097395300865,"[2, 52, 28, 66, 11, 76, 93, 35, 43]"
1566,93,7,9,0.3162987550779704,0.02479248307645321,"[24, 66, 61, 81, 83, 97, 48, 46, 80]"
1567,93,7,9,0.3031578441667888,0.023629629984498024,"[93, 45, 87, 40, 42, 88, 24, 80, 78]"
1568,93,7,9,0.30480845897857634,0.025339674204587936,"[14, 18, 48, 62, 31, 50, 99, 15, 7]"
1569,93,7,9,0.3109195304975387,0.052822407335042953,"[42, 41, 32, 7, 51, 86, 29, 97, 18]"
1570,93,7,9,0.3148135843036312,0.024886608123779297,"[51, 14, 37, 10, 88, 81, 94, 71, 39]"
1571,93,7,9,0.30679624788610943,0.02565731853246689,"[68, 41, 71, 92, 11, 40, 42, 90, 74]"
1572,93,7,9,0.3094876145884868,0.02684473618865013,"[62, 51, 15, 39, 9, 48, 58, 52, 81]"
1573,93,7,9,0.30689365376851385,0.048476312309503555,"[55, 89, 10, 38, 18, 83, 30, 65, 8]"
1574,93,7,9,0.3041705527520251,0.024161310866475105,"[12, 14, 58, 19, 11, 22, 10, 41, 59]"
1575,93,7,9,0.2971973253842739,0.025316879153251648,"[85, 86, 19, 78, 67, 48, 80, 51, 50]"
1576,93,7,9,0.2995290913146048,0.02652723528444767,"[51, 94, 4, 76, 13, 2, 65, 18, 92]"
1577,93,7,9,0.3015472885472552,0.025339415296912193,"[52, 9, 47, 15, 64, 71, 7, 4, 75]"
1578,93,7,9,0.30170325875755344,0.023677103221416473,"[57, 11, 94, 61, 51, 88, 19, 15, 40]"
1579,93,7,9,0.3010295763877886,0.0328698568046093,"[7, 48, 97, 9, 0, 83, 90, 53, 14]"
1580,93,7,9,0.29110585695635227,0.024053586646914482,"[15, 79, 8, 2, 43, 57, 88, 10, 77]"
1581,93,7,9,0.3047320073958309,0.024418916553258896,"[61, 87, 80, 58, 63, 9, 10, 65, 48]"
1582,93,7,9,0.297886105542559,0.026612024754285812,"[30, 11, 20, 19, 70, 56, 28, 24, 65]"
1583,93,7,9,0.3010617170320262,0.02428632229566574,"[94, 14, 48, 97, 98, 9, 79, 83, 52]"
1584,93,7,9,0.30216154194481315,0.0286143496632576,"[10, 97, 73, 86, 50, 79, 15, 32, 48]"
1585,93,7,9,0.2987893853587882,0.024912849068641663,"[80, 1, 73, 81, 10, 87, 43, 54, 55]"
1586,93,7,9,0.2980778871680654,0.02406959980726242,"[71, 66, 19, 11, 18, 13, 86, 4, 78]"
1587,93,7,9,0.3001611353422974,0.024086179211735725,"[14, 9, 48, 87, 37, 22, 76, 86, 75]"
1588,93,7,9,0.28978742988381,0.02619956061244011,"[40, 81, 72, 12, 85, 28, 48, 78, 86]"
1589,93,7,9,0.2968215586041056,0.0308187548071146,"[6, 30, 93, 38, 88, 58, 66, 72, 86]"
1590,93,7,9,0.28375184737027637,0.02439599484205246,"[42, 62, 84, 27, 67, 93, 55, 9, 59]"
1591,93,7,9,0.29930414592788096,0.027390312403440475,"[78, 48, 10, 97, 15, 86, 70, 28, 41]"
1592,93,7,9,0.2896834418680223,0.026929844170808792,"[67, 72, 97, 93, 75, 30, 51, 28, 62]"
1593,93,7,9,0.29273835501988377,0.0250351931899786,"[88, 80, 76, 89, 42, 59, 83, 29, 46]"
1594,93,7,9,0.2900669859308336,0.0242175105959177,"[12, 43, 76, 7, 13, 41, 71, 10, 32]"
1595,93,7,9,0.29381178711200995,0.024163130670785904,"[73, 57, 87, 80, 66, 19, 15, 72, 44]"
1596,93,7,9,0.2987541784384539,0.028980648145079613,"[54, 42, 39, 14, 65, 44, 67, 28, 23]"
1597,93,7,9,0.2911919828703893,0.03605322539806366,"[1, 24, 89, 54, 75, 39, 61, 43, 71]"
1598,93,7,9,0.29045057398015783,0.024850256741046906,"[23, 98, 86, 15, 19, 52, 96, 48, 68]"
1599,93,7,9,0.29654458940901335,0.034849632531404495,"[39, 85, 15, 86, 48, 62, 58, 67, 83]"
1600,93,7,9,0.28615423495186465,0.02673804759979248,"[17, 19, 65, 85, 30, 40, 14, 23, 44]"
1601,93,7,9,0.2872772825371829,0.023583492264151573,"[62, 32, 83, 15, 70, 93, 4, 97, 94]"
1602,93,7,9,0.2883928850485337,0.026034509763121605,"[32, 85, 10, 1, 13, 90, 24, 64, 71]"
1603,93,7,9,0.2800702385785472,0.02552049793303013,"[20, 15, 88, 46, 2, 30, 17, 28, 8]"
1604,93,7,9,0.2809408936623691,0.026712479069828987,"[27, 83, 65, 87, 55, 31, 56, 74, 73]"
1605,93,7,9,0.2804572384338826,0.02370542474091053,"[63, 88, 97, 79, 71, 15, 98, 61, 31]"
1606,93,7,9,0.2879410987232058,0.02401631884276867,"[40, 68, 92, 6, 94, 30, 39, 2, 72]"
1607,93,7,9,0.27869390780919245,0.022767916321754456,"[79, 73, 78, 13, 61, 93, 67, 11, 15]"
1608,93,7,9,0.2842848958255398,0.022857770323753357,"[44, 80, 61, 23, 73, 35, 37, 76, 71]"
1609,93,7,9,0.2904576049075418,0.029556652531027794,"[86, 14, 71, 18, 11, 58, 59, 10, 40]"
1610,93,7,9,0.28150647574488724,0.024197915568947792,"[40, 31, 52, 46, 75, 76, 65, 68, 7]"
1611,93,7,9,0.27610988992576796,0.028117474168539047,"[35, 87, 72, 68, 58, 62, 50, 20, 38]"
1612,93,7,9,0.2682620760622538,0.026235150173306465,"[68, 27, 20, 64, 24, 43, 74, 14, 92]"
1613,93,7,9,0.282419158646556,0.02580081671476364,"[28, 61, 76, 1, 24, 55, 31, 47, 48]"
1614,93,7,9,0.2749841558850474,0.023352712392807007,"[79, 35, 43, 24, 86, 61, 80, 22, 11]"
1615,93,7,9,0.27241310934695073,0.0249318927526474,"[54, 47, 78, 45, 61, 50, 46, 87, 71]"
1616,93,7,9,0.27693163970160106,0.02616058848798275,"[98, 81, 62, 97, 65, 9, 2, 51, 22]"
1617,93,7,9,0.27882036480716327,0.02410231903195381,"[58, 57, 73, 88, 30, 76, 11, 6, 12]"
1618,93,7,9,0.2866493749297372,0.03666834160685539,"[88, 94, 11, 67, 14, 55, 15, 7, 85]"
1619,93,7,9,0.2715446014924618,0.027208825573325157,"[55, 46, 38, 85, 71, 84, 13, 23, 49]"
1620,92,8,9,0.28091342412517406,0.03831508383154869,"[52, 72, 61, 24, 19, 15, 58, 93, 83]"
1621,92,8,9,0.26886575915408106,0.0245076734572649,"[30, 74, 19, 44, 45, 81, 40, 79, 39]"
1622,92,8,9,0.2797821399417907,0.030637837946414948,"[28, 52, 29, 11, 94, 19, 44, 38, 71]"
1623,92,8,9,0.28731657986540393,0.025826675817370415,"[87, 73, 64, 66, 24, 93, 48, 65, 15]"
1624,92,8,9,0.27526758795721307,0.025638174265623093,"[38, 9, 31, 44, 88, 73, 92, 22, 90]"
1625,92,8,9,0.27590312931182953,0.026307085528969765,"[61, 48, 6, 38, 7, 89, 94, 1, 62]"
1626,92,8,9,0.27295896580998835,0.02425273135304451,"[19, 94, 84, 42, 81, 46, 59, 54, 57]"
1627,92,8,9,0.2755306956957941,0.038732368499040604,"[55, 14, 41, 72, 38, 40, 15, 10, 93]"
1628,92,8,9,0.2768669137033014,0.029544638469815254,"[68, 65, 85, 70, 49, 94, 30, 86, 81]"
1629,92,8,9,0.27776326416022923,0.06218639388680458,"[94, 49, 42, 18, 90, 65, 2, 28, 11]"
1630,92,8,9,0.2722006251554253,0.02912178263068199,"[10, 45, 9, 2, 49, 19, 42, 14, 20]"
1631,92,8,9,0.2655171259472189,0.023736825212836266,"[51, 23, 72, 87, 94, 70, 19, 37, 45]"
1632,92,8,9,0.275314189169501,0.024135326966643333,"[10, 37, 13, 44, 75, 24, 65, 8, 14]"
1633,92,8,9,0.26977932836531276,0.02418416365981102,"[50, 87, 66, 73, 63, 19, 11, 30, 9]"
1634,92,8,9,0.2668825380760962,0.02502526342868805,"[89, 48, 62, 43, 32, 61, 19, 70, 97]"
1635,92,8,9,0.27627722323788617,0.026491492986679077,"[19, 10, 13, 68, 14, 15, 9, 65, 50]"
1636,92,8,9,0.2656687390373414,0.024179723113775253,"[30, 55, 15, 52, 26, 73, 32, 71, 9]"
1637,92,8,9,0.268563374152614,0.02675873599946499,"[73, 14, 30, 87, 12, 20, 22, 79, 10]"
1638,92,8,9,0.27305719058167743,0.037122275680303574,"[67, 50, 62, 35, 9, 24, 14, 90, 71]"
1639,92,8,9,0.26954880721089114,0.023887354880571365,"[32, 15, 65, 42, 1, 71, 97, 51, 27]"
1640,92,8,9,0.2668122948076292,0.025644544512033463,"[8, 79, 61, 97, 90, 44, 73, 6, 54]"
1641,92,8,9,0.2639214662657963,0.025339700281620026,"[23, 48, 76, 12, 9, 42, 27, 46, 74]"
1642,92,8,9,0.26515664879252593,0.02902546338737011,"[71, 51, 53, 87, 80, 97, 8, 61, 12]"
1643,92,8,9,0.2600323013397784,0.022851096466183662,"[73, 42, 62, 46, 60, 79, 39, 35, 44]"
1644,92,8,9,0.26715623581260844,0.023652447387576103,"[46, 98, 48, 47, 58, 10, 51, 42, 54]"
1645,92,8,9,0.26334462413337417,0.026310695335268974,"[85, 65, 44, 7, 80, 18, 55, 62, 23]"
1646,92,8,9,0.2629182924425486,0.026966828852891922,"[4, 72, 2, 99, 10, 98, 73, 97, 48]"
1647,92,8,9,0.2672748465497431,0.024863287806510925,"[11, 8, 48, 93, 18, 15, 2, 42, 62]"
1648,92,8,9,0.2668518702371153,0.023777620866894722,"[62, 55, 75, 48, 30, 59, 97, 37, 73]"
1649,92,8,9,0.26280251110391506,0.029250018298625946,"[66, 94, 76, 88, 70, 35, 73, 52, 31]"
1650,92,8,9,0.2695227070453476,0.029578227549791336,"[88, 23, 72, 30, 65, 49, 73, 94, 11]"
1651,92,8,9,0.2660562721625908,0.03453679382801056,"[24, 73, 31, 93, 35, 71, 81, 88, 67]"
1652,92,8,9,0.26448748627655116,0.024550652131438255,"[19, 83, 97, 14, 70, 24, 15, 57, 62]"
1653,92,8,9,0.26116464771716846,0.024783063679933548,"[29, 38, 86, 76, 75, 1, 97, 88, 23]"
1654,92,8,9,0.25509909450274754,0.024961622431874275,"[24, 12, 40, 38, 88, 73, 4, 81, 51]"
1655,92,8,9,0.2501395736625256,0.02621525526046753,"[56, 38, 61, 41, 24, 40, 10, 20, 31]"
1656,92,8,9,0.259492459487534,0.025793330743908882,"[39, 64, 97, 1, 6, 29, 73, 9, 70]"
1657,92,8,9,0.2529421093904225,0.04193480685353279,"[41, 49, 32, 51, 14, 15, 42, 89, 77]"
1658,92,8,9,0.24863831937740716,0.027812017127871513,"[96, 31, 97, 41, 29, 91, 30, 47, 35]"
1659,92,8,9,0.2444535814583491,0.025814244523644447,"[98, 28, 40, 71, 49, 83, 72, 68, 80]"
1660,92,8,9,0.24846838280456351,0.025734607130289078,"[93, 14, 51, 23, 44, 39, 77, 35, 40]"
1661,92,8,9,0.25282296678456545,0.031408172100782394,"[77, 52, 9, 1, 48, 35, 10, 37, 75]"
1662,92,8,9,0.24993148516945246,0.0240386500954628,"[23, 73, 57, 44, 2, 98, 88, 71, 90]"
1663,91,9,9,0.2540087218889144,0.02480149455368519,"[94, 28, 13, 40, 70, 47, 9, 65, 86]"
1664,91,9,9,0.25533439058729707,0.02439984679222107,"[81, 44, 86, 35, 51, 80, 7, 39, 18]"
1665,91,9,9,0.25065382679187387,0.02401009574532509,"[32, 72, 39, 40, 88, 53, 89, 87, 81]"
1666,91,9,9,0.25010315011959616,0.025585714727640152,"[75, 52, 6, 59, 38, 80, 92, 42, 9]"
1667,91,9,9,0.2607219003766856,0.02384263463318348,"[8, 42, 83, 31, 14, 58, 97, 24, 1]"
1668,91,9,9,0.2591193106409092,0.028417890891432762,"[13, 7, 85, 20, 73, 11, 55, 71, 48]"
1669,91,9,9,0.257513271909722,0.029179371893405914,"[85, 10, 18, 42, 76, 38, 73, 30, 29]"
1670,91,9,9,0.24363266275615147,0.02583431452512741,"[42, 71, 15, 54, 4, 28, 50, 84, 77]"
1671,91,9,9,0.2532873344065011,0.028802791610360146,"[43, 2, 93, 24, 38, 83, 30, 88, 86]"
1672,91,9,9,0.2465869415858079,0.030195385217666626,"[51, 19, 42, 9, 89, 41, 77, 61, 62]"
1673,91,9,9,0.2442949839153385,0.02468477189540863,"[79, 75, 42, 83, 38, 30, 78, 65, 70]"
1674,91,9,9,0.24108231962004772,0.026304330676794052,"[96, 6, 39, 49, 55, 48, 50, 93, 35]"
1675,91,9,9,0.2547987944529793,0.023449981585144997,"[15, 71, 90, 30, 11, 59, 2, 8, 4]"
1676,91,9,9,0.251503000370931,0.02624145895242691,"[24, 81, 52, 11, 84, 15, 9, 31, 39]"
1677,91,9,9,0.2512459945353884,0.024200668558478355,"[28, 97, 40, 14, 46, 88, 11, 24, 80]"
1678,91,9,9,0.2488712806205409,0.024665867909789085,"[22, 72, 15, 14, 53, 8, 47, 81, 97]"
1679,91,9,9,0.24745605216578637,0.02718379907310009,"[86, 44, 58, 39, 32, 88, 2, 14, 70]"
1680,91,9,9,0.25415131367041366,0.02343820594251156,"[83, 4, 71, 86, 79, 10, 46, 48, 9]"
1681,91,9,9,0.24939659021057814,0.026681600138545036,"[42, 61, 72, 68, 12, 58, 73, 90, 87]"
1682,91,9,9,0.24193678880589925,0.041368354111909866,"[71, 75, 38, 9, 76, 42, 62, 45, 14]"
1683,91,9,9,0.24937559055261627,0.029142022132873535,"[96, 31, 48, 54, 30, 14, 6, 44, 9]"
1684,91,9,9,0.24679592916480741,0.024516679346561432,"[22, 6, 73, 59, 30, 97, 47, 94, 38]"
1685,91,9,9,0.2435588709449113,0.025816410779953003,"[37, 86, 65, 11, 38, 77, 52, 88, 30]"
1686,90,10,9,0.24686566348705657,0.025709373876452446,"[22, 55, 42, 81, 86, 88, 54, 51, 24]"
1687,90,10,9,0.24087874000363146,0.023798346519470215,"[65, 43, 80, 53, 85, 29, 83, 42, 20]"
1688,90,10,9,0.24060484404779142,0.024432992562651634,"[90, 86, 99, 32, 68, 37, 23, 94, 48]"
1689,90,10,9,0.23928966259376871,0.06094739958643913,"[20, 50, 11, 39, 10, 7, 61, 41, 38]"
1690,90,10,9,0.2389786510302881,0.027775924652814865,"[9, 52, 75, 88, 24, 25, 31, 94, 11]"
1691,90,10,9,0.24413520602486383,0.0434773825109005,"[89, 23, 51, 15, 72, 10, 39, 30, 66]"
1692,90,10,9,0.24381387307895003,0.026049142703413963,"[85, 9, 30, 81, 10, 94, 71, 79, 18]"
1693,90,10,9,0.23974232458406025,0.022912930697202682,"[20, 52, 87, 61, 74, 13, 78, 97, 48]"
1694,90,10,9,0.24295278765652098,0.03677422180771828,"[30, 76, 97, 65, 38, 87, 20, 67, 35]"
1695,90,10,9,0.24159372281168162,0.02420783042907715,"[10, 96, 52, 78, 97, 19, 30, 7, 71]"
1696,90,10,9,0.2358609973912898,0.024865087121725082,"[87, 50, 59, 65, 90, 61, 30, 67, 22]"
1697,90,10,9,0.23380028152619892,0.029866300523281097,"[86, 31, 23, 51, 85, 67, 92, 58, 30]"
1698,90,10,9,0.2365169378693135,0.02580159157514572,"[76, 24, 71, 97, 70, 42, 52, 40, 38]"
1699,90,10,9,0.2282844944138448,0.02762189321219921,"[6, 98, 86, 67, 90, 43, 74, 54, 61]"
1700,90,10,9,0.23457418994426177,0.0294171329587698,"[58, 31, 66, 28, 19, 44, 97, 72, 41]"
1701,90,10,9,0.22789729821903884,0.023050785064697266,"[59, 94, 41, 92, 88, 22, 30, 27, 6]"
1702,90,10,9,0.2386232196607765,0.02633095160126686,"[22, 49, 6, 71, 97, 19, 7, 42, 35]"
1703,89,11,9,0.24098102922729553,0.03005358949303627,"[65, 88, 64, 74, 97, 19, 54, 71, 94]"
1704,89,11,9,0.22905021889633242,0.027538849040865898,"[20, 71, 84, 13, 73, 85, 94, 61, 28]"
1705,89,11,9,0.22480624773759497,0.022931315004825592,"[40, 24, 6, 93, 94, 12, 45, 9, 23]"
1706,89,11,9,0.23457617226102026,0.022699646651744843,"[20, 4, 65, 9, 19, 73, 66, 31, 55]"
1707,89,11,9,0.227056066880727,0.02533620223402977,"[75, 52, 59, 8, 19, 23, 55, 90, 38]"
1708,89,11,9,0.2348377574623252,0.02315480448305607,"[46, 53, 55, 29, 2, 11, 20, 71, 87]"
1709,89,11,9,0.23037079961310764,0.023145778104662895,"[72, 48, 62, 75, 44, 7, 4, 22, 14]"
1710,89,11,9,0.2305248389652762,0.02630803920328617,"[73, 18, 8, 76, 66, 7, 6, 85, 19]"
1711,89,11,9,0.22498564252681616,0.024007750675082207,"[13, 15, 99, 96, 73, 93, 48, 88, 8]"
1712,89,11,9,0.22982782576889602,0.026714153587818146,"[19, 80, 86, 39, 79, 72, 97, 13, 55]"
1713,88,12,9,0.23338658126708148,0.024688035249710083,"[44, 71, 83, 40, 29, 46, 30, 65, 11]"
1714,88,12,9,0.2300786940635047,0.024443313479423523,"[10, 57, 97, 15, 61, 87, 46, 70, 1]"
1715,88,12,9,0.23155874587102948,0.02246193215250969,"[92, 37, 94, 70, 87, 97, 65, 54, 11]"
1716,88,12,9,0.22388753732443695,0.023102248087525368,"[8, 15, 72, 22, 55, 59, 96, 19, 9]"
1717,88,12,9,0.22420118459658867,0.023694762960076332,"[78, 30, 13, 31, 89, 15, 39, 72, 38]"
1718,88,12,9,0.23026153174885217,0.02249780297279358,"[58, 67, 96, 62, 68, 73, 24, 88, 42]"
1719,88,12,9,0.22882542408133022,0.02416786551475525,"[48, 9, 59, 94, 72, 10, 13, 51, 84]"
1720,88,12,9,0.2261619542695257,0.02307136543095112,"[87, 51, 57, 48, 73, 65, 58, 77, 61]"
1721,88,12,9,0.22709585947368383,0.025718018412590027,"[52, 70, 46, 88, 87, 10, 23, 22, 6]"
1722,88,12,9,0.22795001007930893,0.024279097095131874,"[42, 50, 97, 81, 9, 47, 66, 19, 14]"
1723,88,12,9,0.23086723490878835,0.02304622158408165,"[24, 40, 9, 94, 90, 68, 83, 39, 51]"
1724,88,12,9,0.22497946513049127,0.042139679193496704,"[94, 54, 72, 84, 10, 83, 77, 41, 30]"
1725,88,12,9,0.22756585493977227,0.02766685001552105,"[65, 24, 87, 35, 75, 14, 44, 84, 54]"
1726,88,12,9,0.22122071894820983,0.024935975670814514,"[22, 44, 86, 30, 83, 11, 67, 28, 41]"
1727,88,12,9,0.2215123419714083,0.02869166061282158,"[10, 2, 81, 41, 85, 39, 57, 18, 54]"
1728,88,12,9,0.22870710480607176,0.022326983511447906,"[86, 46, 73, 52, 68, 84, 48, 24, 42]"
1729,88,12,9,0.23141779774163343,0.02689969539642334,"[74, 14, 15, 24, 83, 54, 9, 71, 1]"
1730,88,12,9,0.21922126573244563,0.022954359650611877,"[9, 94, 1, 44, 75, 76, 86, 61, 18]"
1731,88,12,9,0.21802190378434044,0.023328253999352455,"[72, 55, 79, 65, 42, 85, 37, 62, 87]"
1732,88,12,9,0.22201772917549317,0.02859206311404705,"[75, 58, 54, 11, 7, 19, 74, 83, 65]"
1733,88,12,9,0.21289796869463057,0.023450639098882675,"[49, 44, 10, 93, 80, 20, 6, 19, 39]"
1734,88,12,9,0.21339532292582902,0.03151684254407883,"[93, 78, 67, 6, 72, 10, 87, 73, 77]"
1735,88,12,9,0.21872973578566823,0.025552114471793175,"[43, 2, 14, 78, 81, 83, 35, 47, 48]"
1736,88,12,9,0.21757984170808067,0.023746071383357048,"[20, 84, 96, 42, 24, 7, 86, 31, 94]"
1737,88,12,9,0.21953380319031818,0.022703832015395164,"[58, 74, 31, 65, 40, 88, 13, 39, 10]"
1738,88,12,9,0.21901003351767773,0.02233673818409443,"[10, 30, 70, 37, 13, 23, 87, 90, 9]"
1739,88,12,9,0.21884481029901992,0.022646589204669,"[31, 93, 87, 10, 80, 42, 11, 47, 19]"
1740,88,12,9,0.2174315042400788,0.02352198027074337,"[83, 20, 49, 4, 71, 90, 31, 10, 30]"
1741,88,12,9,0.21198680878743925,0.023463957011699677,"[64, 61, 48, 20, 31, 37, 72, 65, 90]"
1742,88,12,9,0.21565220078765174,0.02453438937664032,"[79, 76, 90, 94, 32, 87, 24, 62, 73]"
1743,88,12,9,0.20947580270301525,0.023766852915287018,"[83, 65, 85, 54, 62, 64, 96, 73, 6]"
1744,88,12,9,0.21789867733506965,0.02740507572889328,"[96, 2, 48, 77, 55, 24, 94, 41, 30]"
1745,88,12,9,0.21581014452447117,0.047219254076480865,"[90, 7, 87, 49, 35, 66, 54, 94, 58]"
1746,88,12,9,0.2176024109051784,0.02304312027990818,"[78, 72, 24, 29, 86, 90, 76, 15, 88]"
1747,88,12,9,0.21022156473254436,0.03328592702746391,"[89, 75, 65, 29, 42, 35, 58, 85, 31]"
1748,88,12,9,0.2106286899282292,0.026964882388710976,"[24, 71, 2, 88, 42, 77, 41, 45, 80]"
1749,88,12,9,0.2076938966362516,0.0232616625726223,"[32, 93, 2, 10, 15, 18, 48, 41, 63]"
1750,88,12,9,0.20775222819712427,0.024909071624279022,"[1, 2, 66, 49, 38, 48, 15, 47, 29]"
1751,88,12,9,0.20818305631992098,0.024074513465166092,"[11, 52, 14, 9, 67, 39, 73, 99, 47]"
1752,88,12,9,0.1988866778218964,0.023366808891296387,"[65, 72, 18, 54, 87, 1, 45, 63, 46]"
1753,88,12,9,0.2130160916992234,0.03133497014641762,"[29, 52, 86, 65, 94, 83, 22, 23, 9]"
1754,88,12,9,0.20682243842752088,0.023357156664133072,"[51, 83, 10, 15, 48, 87, 84, 65, 63]"
1755,88,12,9,0.20676968469901424,0.024132631719112396,"[85, 24, 92, 79, 23, 62, 65, 47, 86]"
1756,88,12,9,0.20288954692618966,0.022847838699817657,"[83, 72, 28, 58, 48, 66, 92, 10, 78]"
1757,88,12,9,0.2142017967108265,0.0252313781529665,"[76, 10, 90, 73, 23, 42, 48, 38, 15]"
1758,88,12,9,0.20189939953030495,0.02572576515376568,"[10, 8, 74, 90, 22, 61, 94, 89, 73]"
1759,88,12,9,0.2045185803114823,0.02352403663098812,"[8, 41, 13, 81, 18, 39, 4, 35, 85]"
1760,88,12,9,0.19800675495720238,0.0224846750497818,"[97, 43, 32, 12, 8, 52, 66, 72, 30]"
1761,88,12,9,0.20476451641768637,0.022263839840888977,"[92, 72, 43, 61, 30, 31, 87, 88, 42]"
1762,88,12,9,0.201683124891481,0.0232256893068552,"[87, 56, 14, 23, 53, 61, 19, 88, 15]"
1763,88,12,9,0.20179225857017247,0.02404254488646984,"[24, 72, 29, 37, 76, 54, 73, 7, 19]"
1764,88,12,9,0.2055447069907092,0.027666499838232994,"[88, 72, 55, 9, 93, 71, 2, 81, 10]"
1765,88,12,9,0.20081041315793152,0.025379721075296402,"[2, 71, 86, 98, 55, 42, 19, 85, 73]"
1766,88,12,9,0.19800097539722292,0.023370124399662018,"[87, 14, 46, 23, 11, 73, 50, 72, 75]"
1767,88,12,9,0.1957209465655848,0.02623939886689186,"[38, 39, 96, 15, 87, 78, 2, 29, 54]"
1768,88,12,9,0.1925023323037621,0.025378122925758362,"[93, 94, 79, 1, 71, 54, 41, 29, 49]"
1769,88,12,9,0.1950575654721084,0.022167207673192024,"[97, 66, 42, 40, 1, 43, 51, 86, 58]"
1770,88,12,9,0.2021263159638593,0.022193489596247673,"[46, 12, 83, 86, 53, 20, 65, 15, 9]"
1771,88,12,9,0.19611889464484655,0.02188066765666008,"[97, 48, 79, 44, 37, 8, 54, 87, 7]"
1772,88,12,9,0.1895904971192343,0.025597989559173584,"[64, 59, 67, 55, 70, 28, 48, 32, 61]"
1773,88,12,9,0.19433373827736106,0.022280067205429077,"[48, 2, 10, 29, 43, 37, 6, 68, 76]"
1774,88,12,9,0.19899249020715032,0.030544986948370934,"[58, 41, 22, 55, 6, 48, 10, 74, 11]"
1775,88,12,9,0.20540747741163928,0.022638915106654167,"[10, 90, 46, 47, 4, 97, 48, 42, 53]"
1776,88,12,9,0.1995541474797649,0.0238652266561985,"[14, 54, 65, 11, 31, 48, 7, 43, 1]"
1777,88,12,9,0.19002069413017497,0.023605864495038986,"[57, 48, 18, 73, 6, 87, 38, 66, 93]"
1778,88,12,9,0.19074713545242317,0.026845509186387062,"[44, 94, 35, 52, 38, 55, 61, 20, 65]"
1779,88,12,9,0.19173247402182841,0.022073518484830856,"[43, 11, 65, 83, 42, 45, 66, 6, 87]"
1780,88,12,9,0.19172998252239618,0.02394232526421547,"[49, 32, 59, 46, 71, 48, 30, 76, 43]"
1781,88,12,9,0.19220564191972342,0.03159462660551071,"[39, 81, 15, 18, 25, 90, 41, 58, 35]"
1782,88,12,9,0.19768316112524198,0.027590185403823853,"[14, 7, 67, 97, 80, 24, 90, 38, 62]"
1783,88,12,9,0.20141968800412535,0.02512264810502529,"[30, 46, 52, 90, 61, 97, 88, 86, 15]"
1784,88,12,9,0.1931879173282471,0.023046620190143585,"[68, 29, 47, 65, 67, 8, 10, 38, 30]"
1785,88,12,9,0.18843373812213748,0.0228961780667305,"[90, 80, 75, 57, 9, 87, 30, 32, 39]"
1786,88,12,9,0.18692256749441266,0.02335479110479355,"[46, 28, 85, 30, 72, 78, 24, 15, 32]"
1787,88,12,9,0.18735821374021366,0.022263681516051292,"[9, 62, 47, 19, 42, 90, 67, 58, 78]"
1788,88,12,9,0.18339667866647025,0.028817366808652878,"[42, 14, 50, 9, 19, 6, 49, 89, 55]"
1789,88,12,9,0.18986514107941133,0.023187994956970215,"[30, 65, 86, 40, 85, 23, 10, 12, 47]"
1790,88,12,9,0.1857153909855932,0.022453095763921738,"[65, 94, 90, 10, 93, 62, 52, 66, 22]"
1791,88,12,9,0.18831557660208392,0.022677935659885406,"[83, 46, 65, 9, 6, 74, 92, 58, 73]"
1792,88,12,9,0.18689605871981085,0.023961175233125687,"[24, 71, 29, 78, 73, 68, 66, 10, 77]"
1793,88,12,9,0.17579747847498836,0.022892925888299942,"[83, 80, 43, 65, 4, 38, 77, 64, 88]"
1794,88,12,9,0.18038252339653837,0.023511923849582672,"[30, 53, 8, 51, 77, 48, 35, 98, 97]"
1795,87,13,9,0.1779739805072338,0.025633683428168297,"[35, 83, 37, 65, 87, 89, 38, 43, 29]"
1796,87,13,9,0.18376210029833973,0.023185690864920616,"[55, 39, 72, 73, 48, 52, 47, 20, 40]"
1797,87,13,9,0.17778231763145608,0.023718085139989853,"[28, 89, 54, 22, 41, 47, 12, 97, 61]"
1798,87,13,9,0.1815640030002906,0.02398083731532097,"[6, 35, 10, 74, 80, 85, 63, 24, 86]"
1799,87,13,9,0.18614379807353482,0.022419609129428864,"[59, 53, 11, 47, 73, 70, 65, 23, 48]"
1800,87,13,9,0.1763863693554607,0.024411646649241447,"[37, 39, 52, 24, 18, 85, 56, 87, 66]"
1801,87,13,9,0.1832193397841233,0.023915406316518784,"[39, 79, 81, 30, 19, 42, 77, 24, 29]"
1802,87,13,9,0.17903589120713803,0.02467961609363556,"[63, 74, 30, 65, 93, 48, 83, 18, 47]"
1803,87,13,9,0.18346991961121434,0.024586422368884087,"[13, 15, 30, 35, 6, 20, 48, 68, 77]"
1804,86,14,9,0.1852175693515724,0.03945527598261833,"[20, 7, 62, 42, 94, 92, 11, 71, 54]"
1805,86,14,9,0.18722389514247578,0.02176559343934059,"[1, 14, 68, 76, 55, 11, 15, 73, 71]"
1806,86,14,9,0.18026179565495742,0.022988244891166687,"[70, 67, 42, 19, 59, 9, 22, 24, 31]"
1807,86,14,9,0.18177163190629014,0.029246173799037933,"[65, 20, 64, 11, 42, 67, 71, 18, 23]"
1808,86,14,9,0.17895978601302678,0.023484403267502785,"[41, 88, 76, 62, 53, 71, 64, 47, 72]"
1809,86,14,9,0.1810796361868129,0.023912522941827774,"[65, 99, 13, 81, 30, 42, 72, 7, 86]"
1810,86,14,9,0.17633475913581523,0.022214829921722412,"[88, 96, 19, 6, 30, 79, 74, 24, 18]"
1811,86,14,9,0.17514193811672935,0.022515948861837387,"[32, 52, 18, 23, 38, 73, 14, 6, 46]"
1812,86,14,9,0.17951129217232975,0.02365025319159031,"[89, 54, 48, 62, 41, 10, 11, 47, 81]"
1813,86,14,9,0.17306176261118955,0.022589243948459625,"[37, 85, 47, 4, 31, 29, 11, 54, 48]"
1814,86,14,9,0.1784989914707678,0.0220261812210083,"[94, 53, 80, 87, 42, 44, 48, 71, 99]"
1815,86,14,9,0.17081706848635214,0.02164965495467186,"[8, 97, 4, 42, 30, 56, 20, 46, 87]"
1816,86,14,9,0.17827523528889877,0.022205980494618416,"[81, 94, 71, 10, 46, 80, 7, 92, 61]"
1817,86,14,9,0.17736949523289997,0.024065671488642693,"[24, 39, 8, 66, 75, 87, 47, 7, 77]"
1818,86,14,9,0.1743131640110525,0.023028429597616196,"[28, 64, 51, 14, 9, 15, 37, 97, 90]"
1819,86,14,9,0.17599555280215468,0.021366767585277557,"[31, 86, 94, 88, 92, 74, 39, 1, 4]"
1820,86,14,9,0.17168174795524188,0.02331264317035675,"[71, 55, 62, 74, 73, 58, 72, 46, 85]"
1821,86,14,9,0.1763451949365351,0.022825786843895912,"[42, 51, 90, 88, 46, 97, 18, 1, 59]"
1822,86,14,9,0.17451114327583628,0.028129741549491882,"[14, 9, 35, 58, 89, 37, 72, 39, 71]"
1823,86,14,9,0.17287754233251895,0.023111674934625626,"[14, 4, 46, 30, 97, 86, 63, 6, 9]"
1824,86,14,9,0.17147390418020741,0.02207024022936821,"[39, 44, 14, 1, 10, 40, 92, 42, 7]"
1825,86,14,9,0.17375642588378226,0.022662576287984848,"[25, 94, 68, 30, 65, 80, 88, 71, 42]"
1826,86,14,9,0.1722061242014546,0.023077940568327904,"[55, 53, 44, 89, 48, 42, 30, 65, 81]"
1827,86,14,9,0.17389782215770963,0.02220514416694641,"[48, 14, 87, 9, 85, 75, 90, 13, 40]"
1828,86,14,9,0.1713359496820971,0.02934008091688156,"[54, 51, 61, 2, 92, 72, 10, 48, 14]"
1829,86,14,9,0.16810548835343977,0.023441610857844353,"[55, 30, 93, 1, 88, 29, 66, 46, 24]"
1830,86,14,9,0.1659837572003512,0.022991029545664787,"[7, 24, 11, 44, 71, 40, 50, 15, 76]"
1831,86,14,9,0.16043091224557565,0.023142719641327858,"[2, 8, 42, 13, 63, 29, 62, 24, 81]"
1832,86,14,9,0.16922171246818124,0.025060269981622696,"[6, 90, 10, 29, 32, 73, 14, 72, 55]"
1833,86,14,9,0.17728832132427605,0.02488812804222107,"[59, 38, 86, 30, 97, 18, 15, 48, 88]"
1834,86,14,9,0.17087054503698595,0.024824395775794983,"[87, 97, 24, 35, 60, 15, 67, 86, 42]"
1835,86,14,9,0.16277199205445209,0.024773452430963516,"[54, 52, 2, 38, 59, 48, 64, 94, 42]"
1836,85,15,9,0.16241463796880862,0.02427583746612072,"[75, 39, 29, 12, 88, 38, 61, 15, 62]"
1837,85,15,8,0.16279500952389625,0.02515764720737934,"[76, 62, 55, 72, 30, 9, 53, 81]"
1838,85,15,8,0.16626669059495452,0.021817363798618317,"[66, 58, 97, 35, 1, 30, 20, 86]"
1839,85,15,8,0.15828269655973493,0.022689824923872948,"[93, 6, 71, 11, 98, 54, 2, 10]"
1840,85,15,8,0.1666880925473237,0.02328798547387123,"[12, 97, 39, 61, 10, 73, 8, 23]"
1841,84,16,8,0.1628097214028481,0.037381429225206375,"[2, 38, 72, 86, 20, 97, 10, 23]"
1842,84,16,8,0.1630253287056755,0.027788816019892693,"[61, 24, 45, 29, 6, 31, 14, 41]"
1843,84,16,8,0.1661429079923485,0.02190753072500229,"[76, 96, 68, 87, 83, 14, 55, 7]"
1844,84,16,8,0.16102080904621335,0.021645765751600266,"[62, 65, 99, 88, 90, 6, 51, 14]"
1845,84,16,8,0.1612021968237394,0.026393895968794823,"[98, 30, 83, 71, 61, 94, 39, 93]"
1846,84,16,8,0.16374648259922028,0.02191207930445671,"[68, 24, 54, 80, 20, 11, 86, 19]"
1847,84,16,8,0.1660980858003696,0.02492218092083931,"[12, 7, 30, 15, 70, 48, 2, 65]"
1848,84,16,8,0.16181215645108177,0.023850616067647934,"[62, 48, 6, 41, 87, 49, 29, 68]"
1849,83,17,8,0.16307309426223296,0.02319846861064434,"[6, 7, 78, 88, 14, 65, 90, 29]"
1850,83,17,8,0.15709283438355973,0.021123046055436134,"[81, 22, 10, 86, 61, 65, 51, 43]"
1851,83,17,8,0.16568259545601904,0.023220956325531006,"[42, 90, 65, 62, 7, 80, 14, 73]"
1852,83,17,8,0.16185584322704621,0.021482491865754128,"[12, 19, 41, 39, 18, 10, 13, 31]"
1853,83,17,8,0.1574715791908481,0.02596331760287285,"[94, 11, 53, 22, 92, 90, 71, 62]"
1854,82,18,8,0.16219537717542454,0.02227533608675003,"[29, 90, 46, 48, 78, 88, 71, 7]"
1855,82,18,8,0.16004588502471812,0.02469228208065033,"[55, 28, 41, 66, 92, 58, 94, 48]"
1856,82,18,8,0.14826918823874202,0.021906934678554535,"[44, 1, 67, 45, 83, 72, 31, 24]"
1857,81,19,8,0.15648291291192337,0.021176204085350037,"[29, 30, 23, 4, 67, 11, 72, 87]"
1858,81,19,8,0.17227512575711496,0.023566823452711105,"[35, 41, 65, 15, 68, 48, 24, 73]"
1859,81,19,8,0.15538619995780595,0.022888308390975,"[89, 73, 6, 18, 10, 29, 19, 42]"
1860,81,19,8,0.16026238007598542,0.020896270871162415,"[46, 65, 79, 10, 71, 94, 18, 68]"
1861,81,19,8,0.15872317581909567,0.021068301051855087,"[42, 47, 83, 24, 9, 35, 79, 85]"
1862,81,19,8,0.15148248481372856,0.025627152994275093,"[18, 51, 20, 89, 97, 11, 52, 94]"
1863,81,19,8,0.1484596869678632,0.02221052721142769,"[41, 44, 79, 58, 54, 15, 48, 84]"
1864,81,19,8,0.15742517364759967,0.022248677909374237,"[19, 73, 90, 4, 39, 67, 48, 74]"
1865,81,19,8,0.14766968257903848,0.021363213658332825,"[84, 6, 66, 28, 73, 80, 48, 83]"
1866,81,19,8,0.15515643280726693,0.02238527685403824,"[64, 14, 59, 24, 74, 23, 90, 10]"
1867,81,19,8,0.15555357292281746,0.02082316018640995,"[76, 9, 6, 67, 48, 71, 78, 15]"
1868,81,19,8,0.15210768870677646,0.020621202886104584,"[46, 67, 8, 61, 35, 87, 19, 55]"
1869,81,19,8,0.16021619825496353,0.02193272113800049,"[97, 88, 11, 41, 90, 10, 68, 18]"
1870,81,19,8,0.1596679437733319,0.02210688591003418,"[41, 39, 97, 24, 1, 62, 55, 30]"
1871,81,19,8,0.1571586720696459,0.02048577181994915,"[8, 7, 73, 93, 24, 71, 15, 47]"
1872,81,19,8,0.14869742142036557,0.020795369520783424,"[62, 61, 88, 68, 9, 87, 84, 90]"
1873,81,19,8,0.14974272246026013,0.021710772067308426,"[90, 29, 52, 81, 96, 48, 14, 42]"
1874,81,19,8,0.15366286317951824,0.026335958391427994,"[30, 87, 18, 35, 72, 65, 67, 47]"
1875,81,19,8,0.15102520387313545,0.021083509549498558,"[62, 39, 92, 22, 87, 65, 59, 24]"
1876,81,19,8,0.1495319661821481,0.021552318707108498,"[54, 8, 9, 96, 44, 65, 88, 39]"
1877,81,19,8,0.14228530790439922,0.02552672289311886,"[48, 52, 49, 38, 14, 58, 37, 94]"
1878,81,19,8,0.1468870237777456,0.02225598506629467,"[61, 87, 41, 64, 19, 47, 88, 11]"
1879,81,19,8,0.1431898223100651,0.020739814266562462,"[52, 1, 48, 65, 74, 2, 8, 47]"
1880,80,20,8,0.13661267974215388,0.023697007447481155,"[72, 19, 28, 77, 57, 52, 97, 39]"
1881,80,20,8,0.14300813163734144,0.021623630076646805,"[11, 35, 44, 87, 10, 66, 74, 22]"
1882,80,20,8,0.1486323176132929,0.02170710079371929,"[55, 96, 8, 48, 71, 83, 13, 11]"
1883,80,20,8,0.14882072761085713,0.020810920745134354,"[71, 75, 47, 97, 68, 30, 31, 67]"
1884,80,20,8,0.14761523282828015,0.02309805154800415,"[24, 38, 2, 12, 71, 73, 94, 54]"
1885,80,20,8,0.14937856204859498,0.03235357999801636,"[72, 55, 66, 42, 29, 97, 15, 9]"
1886,80,20,8,0.1484620627015829,0.024275338277220726,"[9, 40, 24, 52, 7, 47, 14, 39]"
1887,80,20,8,0.15341994430248934,0.026451624929904938,"[35, 14, 13, 75, 86, 65, 54, 39]"
1888,80,20,8,0.14951662987004966,0.02041129767894745,"[71, 73, 87, 14, 76, 44, 7, 42]"
1889,80,20,8,0.13862482636856538,0.021510059013962746,"[73, 55, 68, 30, 31, 9, 12, 28]"
1890,80,20,8,0.14227424976545283,0.02740175649523735,"[92, 72, 8, 71, 29, 23, 11, 24]"
1891,80,20,8,0.14032692026295182,0.025596190243959427,"[30, 15, 71, 65, 52, 20, 7, 84]"
1892,80,20,8,0.14230676291562203,0.02026037685573101,"[90, 75, 1, 65, 68, 80, 24, 15]"
1893,80,20,8,0.13680182814197098,0.020451338961720467,"[67, 93, 46, 11, 41, 92, 97, 30]"
1894,80,20,8,0.1421679701565558,0.020192930474877357,"[58, 13, 39, 81, 24, 76, 52, 97]"
1895,80,20,8,0.14263747316565262,0.0298024769872427,"[35, 54, 30, 87, 65, 70, 42, 74]"
1896,80,20,8,0.13626697888685158,0.021985018625855446,"[85, 6, 10, 30, 23, 68, 12, 35]"
1897,80,20,8,0.1351107115187915,0.024613138288259506,"[87, 80, 48, 47, 15, 38, 78, 10]"
1898,80,20,8,0.13920861914084526,0.021216701716184616,"[83, 23, 71, 59, 11, 8, 39, 44]"
1899,80,20,8,0.13265179465532936,0.02070685103535652,"[85, 46, 40, 23, 55, 30, 18, 35]"
1900,79,21,8,0.13392461157491198,0.019710395485162735,"[11, 1, 86, 75, 92, 88, 30, 73]"
1901,79,21,8,0.14209574901065986,0.02409418299794197,"[49, 86, 54, 2, 9, 23, 97, 48]"
1902,79,21,8,0.13795708697026884,0.022805655375123024,"[24, 23, 76, 38, 30, 83, 80, 71]"
1903,79,21,8,0.13219537616471275,0.021364768967032433,"[48, 45, 1, 14, 24, 58, 49, 97]"
1904,79,21,8,0.1313095974348958,0.02051393873989582,"[61, 7, 70, 23, 29, 71, 94, 37]"
1905,79,21,8,0.13095691952277239,0.01997995935380459,"[47, 32, 30, 24, 48, 2, 79, 76]"
1906,79,21,8,0.13158858040819915,0.02029866725206375,"[75, 41, 83, 11, 8, 10, 29, 4]"
1907,79,21,8,0.1405587008249172,0.021644532680511475,"[74, 65, 88, 97, 46, 85, 14, 87]"
1908,79,21,8,0.12566996355291823,0.020023636519908905,"[59, 65, 8, 71, 51, 42, 57, 52]"
1909,79,21,8,0.13513042060264818,0.02212897501885891,"[19, 77, 14, 70, 8, 65, 48, 71]"
1910,79,21,8,0.13079796740982,0.02030326798558235,"[14, 39, 35, 20, 55, 37, 83, 31]"
1911,79,21,8,0.13164195081901173,0.021306967362761497,"[31, 35, 9, 67, 14, 40, 13, 15]"
1912,79,21,8,0.12475056772474462,0.02083813026547432,"[8, 2, 31, 15, 29, 38, 7, 4]"
1913,79,21,8,0.13119117004639455,0.020517297089099884,"[73, 20, 23, 81, 65, 10, 24, 13]"
1914,79,21,8,0.13002772849302371,0.026109838858246803,"[40, 41, 86, 94, 6, 14, 28, 38]"
1915,79,21,8,0.1286303248997568,0.021800067275762558,"[97, 4, 70, 89, 18, 86, 48, 29]"
1916,79,21,8,0.13443720081335747,0.02155989222228527,"[86, 30, 53, 66, 62, 65, 35, 14]"
1917,79,21,8,0.12824349780239058,0.021851249039173126,"[90, 66, 23, 67, 70, 83, 97, 88]"
1918,79,21,8,0.12380465858576584,0.022123068571090698,"[46, 18, 24, 74, 28, 90, 79, 14]"
1919,79,21,8,0.1273470064002076,0.019639069214463234,"[1, 10, 30, 24, 61, 23, 68, 19]"
1920,79,21,8,0.12559433993686672,0.02078711986541748,"[2, 24, 19, 47, 11, 22, 41, 85]"
1921,79,21,8,0.12630993941418406,0.021985063329339027,"[24, 41, 66, 70, 94, 30, 40, 88]"
1922,79,21,8,0.1262244652353332,0.020925503224134445,"[90, 97, 83, 61, 13, 7, 68, 52]"
1923,79,21,8,0.121949985126545,0.020849257707595825,"[39, 19, 2, 18, 31, 23, 44, 59]"
1924,79,21,8,0.12039588758817048,0.02055935375392437,"[75, 35, 13, 90, 47, 46, 11, 72]"
1925,79,21,8,0.11981666311014995,0.02041911520063877,"[10, 44, 68, 94, 51, 75, 32, 13]"
1926,78,22,8,0.12146384032725185,0.022858962416648865,"[58, 40, 10, 52, 29, 71, 90, 24]"
1927,78,22,8,0.11839750414947048,0.021898435428738594,"[58, 31, 7, 4, 77, 66, 35, 18]"
1928,77,23,8,0.12417726440263713,0.02047978714108467,"[24, 88, 43, 83, 65, 49, 8, 15]"
1929,77,23,8,0.1255426312715787,0.020465580746531487,"[88, 24, 73, 44, 9, 29, 55, 10]"
1930,77,23,8,0.1246703844854905,0.01931936852633953,"[58, 83, 80, 11, 48, 31, 35, 19]"
1931,77,23,8,0.12196299918265878,0.01928166300058365,"[65, 7, 53, 47, 35, 29, 15, 81]"
1932,77,23,8,0.12918324928487773,0.023716088384389877,"[83, 39, 87, 24, 70, 10, 13, 65]"
1933,77,23,8,0.1237168804054027,0.020483868196606636,"[41, 54, 47, 51, 90, 30, 71, 76]"
1934,77,23,8,0.12360016674316232,0.019015783444046974,"[55, 35, 53, 71, 47, 42, 10, 73]"
1935,77,23,8,0.1250941824856336,0.02070271410048008,"[62, 97, 52, 15, 59, 94, 71, 10]"
1936,77,23,8,0.12083054032257717,0.024972205981612206,"[51, 71, 55, 97, 86, 23, 92, 22]"
1937,77,23,8,0.1191589160606373,0.020252125337719917,"[86, 97, 75, 9, 8, 52, 88, 53]"
1938,77,23,8,0.11830089591524523,0.018559733405709267,"[92, 68, 86, 35, 9, 83, 32, 59]"
1939,77,23,8,0.11471765515718446,0.021676331758499146,"[19, 86, 35, 90, 67, 55, 77, 53]"
1940,77,23,8,0.11607315839079303,0.020577125251293182,"[43, 11, 6, 49, 86, 97, 30, 73]"
1941,77,23,8,0.12221034903727149,0.018909979611635208,"[97, 46, 24, 75, 18, 13, 83, 48]"
1942,77,23,8,0.12060913947694327,0.02226247452199459,"[48, 54, 94, 52, 15, 9, 12, 41]"
1943,77,23,8,0.11056706361621078,0.020175764337182045,"[44, 65, 40, 68, 24, 15, 93, 74]"
1944,77,23,8,0.11549846651842413,0.02035272680222988,"[20, 29, 42, 85, 88, 23, 83, 48]"
1945,77,23,8,0.11245666197129944,0.020784443244338036,"[39, 61, 73, 30, 18, 19, 79, 83]"
1946,77,23,8,0.10960231493969542,0.020351838320493698,"[86, 24, 44, 20, 29, 85, 2, 4]"
1947,77,23,8,0.1229715039278718,0.019851025193929672,"[48, 7, 62, 23, 71, 68, 87, 24]"
1948,77,23,8,0.11510074850293281,0.02029852196574211,"[86, 62, 71, 78, 61, 14, 46, 41]"
1949,77,23,8,0.11516086158572116,0.020752649754285812,"[31, 71, 42, 18, 29, 90, 32, 7]"
1950,77,23,8,0.11214200272967202,0.019175788387656212,"[7, 6, 44, 51, 31, 94, 71, 80]"
1951,77,23,8,0.11430939096970943,0.019590895622968674,"[87, 7, 15, 58, 8, 41, 46, 61]"
1952,77,23,8,0.10618178102363279,0.02428494207561016,"[93, 31, 14, 38, 61, 88, 43, 83]"
1953,77,23,8,0.10988337001797027,0.020534733310341835,"[14, 8, 88, 72, 79, 30, 9, 97]"
1954,77,23,8,0.11594984860098718,0.021477174013853073,"[97, 83, 92, 71, 65, 55, 42, 73]"
1955,77,23,8,0.11012393600084697,0.02230498567223549,"[20, 8, 54, 39, 23, 15, 58, 42]"
1956,77,23,8,0.10772339623603647,0.022241830825805664,"[88, 71, 89, 19, 7, 74, 1, 39]"
1957,77,23,8,0.10949419563015303,0.025233469903469086,"[58, 20, 97, 65, 24, 30, 35, 89]"
1958,77,23,8,0.1099786881721862,0.022103359922766685,"[58, 68, 14, 24, 2, 83, 87, 49]"
1959,76,24,8,0.10635912627670527,0.02084195427596569,"[59, 48, 10, 41, 50, 2, 83, 71]"
1960,76,24,8,0.1153416184208575,0.02413489669561386,"[55, 35, 24, 87, 71, 65, 58, 31]"
1961,76,24,8,0.10417491318110157,0.01987561397254467,"[10, 87, 59, 31, 76, 93, 42, 28]"
1962,76,24,8,0.10941749864586575,0.02300080470740795,"[39, 71, 4, 74, 65, 97, 64, 42]"
1963,76,24,8,0.10774026840911521,0.019118554890155792,"[11, 24, 87, 6, 76, 1, 97, 62]"
1964,76,24,8,0.11302873727125937,0.020545585080981255,"[32, 71, 85, 48, 94, 86, 90, 75]"
1965,76,24,8,0.1000204808797742,0.020014502108097076,"[72, 52, 18, 73, 39, 20, 44, 87]"
1966,76,24,8,0.10551221382646711,0.022002894431352615,"[61, 65, 28, 39, 83, 81, 90, 47]"
1967,76,24,8,0.10168550996219411,0.02000436559319496,"[7, 88, 89, 10, 66, 53, 65, 55]"
1968,76,24,8,0.10050652422154706,0.023201506584882736,"[74, 89, 54, 9, 35, 15, 86, 96]"
1969,76,24,8,0.10055168706629261,0.020408639684319496,"[4, 41, 93, 28, 35, 46, 24, 88]"
1970,76,24,8,0.09874296648794209,0.024785000830888748,"[20, 87, 32, 28, 85, 24, 51, 66]"
1971,75,25,8,0.10067284813810735,0.020086798816919327,"[86, 42, 61, 6, 18, 35, 46, 64]"
1972,75,25,8,0.10363945469899631,0.01941949687898159,"[71, 38, 90, 24, 42, 4, 83, 62]"
1973,75,25,8,0.09931707444406157,0.01877466030418873,"[35, 80, 22, 41, 71, 1, 61, 86]"
1974,75,25,8,0.100302822620316,0.021102942526340485,"[86, 90, 94, 93, 67, 29, 65, 59]"
1975,75,25,8,0.10535623962685133,0.019690830260515213,"[71, 39, 65, 15, 24, 4, 22, 23]"
1976,75,25,8,0.09929614132200715,0.0191691592335701,"[52, 86, 48, 9, 59, 76, 87, 89]"
1977,75,25,8,0.09938765595208353,0.01929667219519615,"[9, 29, 6, 14, 51, 62, 88, 19]"
1978,75,25,8,0.1038170534137414,0.03014708310365677,"[35, 58, 65, 38, 24, 14, 87, 54]"
1979,75,25,8,0.09811908870574032,0.021777059882879257,"[9, 39, 35, 51, 8, 10, 7, 74]"
1980,75,25,8,0.09932898147962987,0.020210502669215202,"[94, 22, 65, 71, 80, 24, 9, 1]"
1981,75,25,8,0.0936298325185233,0.020190401002764702,"[76, 74, 81, 51, 66, 83, 86, 32]"
1982,75,25,8,0.09362263519511516,0.019586438313126564,"[6, 44, 9, 42, 30, 32, 13, 75]"
1983,75,25,8,0.10013622601530445,0.018927473574876785,"[88, 73, 55, 80, 7, 15, 71, 30]"
1984,75,25,8,0.10082752817421595,0.01944277249276638,"[42, 65, 19, 71, 23, 48, 39, 89]"
1985,75,25,8,0.10385787399805416,0.02044658735394478,"[9, 65, 97, 24, 19, 93, 71, 86]"
1986,75,25,8,0.0953447304200381,0.020393600687384605,"[70, 48, 66, 97, 30, 13, 71, 38]"
1987,75,25,8,0.0944379402894471,0.01925031840801239,"[42, 92, 94, 18, 81, 22, 10, 9]"
1988,75,25,8,0.09636915732286314,0.02365465648472309,"[66, 71, 29, 75, 55, 94, 14, 9]"
1989,75,25,8,0.09174868798773013,0.018599776551127434,"[4, 10, 13, 83, 9, 61, 71, 67]"
1990,75,25,8,0.09057583631739131,0.0183970145881176,"[1, 65, 8, 48, 94, 6, 42, 64]"
1991,75,25,8,0.09167655079917454,0.01900145784020424,"[86, 23, 32, 81, 77, 15, 2, 97]"
1992,75,25,8,0.08751902098718808,0.019484512507915497,"[39, 15, 10, 32, 40, 38, 19, 61]"
1993,75,25,8,0.08723639733672364,0.019576244056224823,"[92, 24, 31, 13, 59, 72, 10, 54]"
1994,75,25,8,0.09394751271622172,0.021308984607458115,"[52, 4, 85, 94, 10, 86, 24, 30]"
1995,75,25,8,0.09257224594493077,0.020859476178884506,"[71, 23, 10, 18, 39, 30, 62, 6]"
1996,75,25,8,0.08730791106736704,0.022514676675200462,"[65, 2, 12, 39, 61, 14, 96, 41]"
1997,75,25,8,0.09445319571462807,0.020045839250087738,"[73, 97, 72, 42, 15, 65, 75, 39]"
1998,75,25,8,0.08617107414661337,0.021288862451910973,"[7, 73, 87, 70, 44, 2, 6, 86]"
1999,75,25,8,0.08682323682969853,0.020598411560058594,"[7, 48, 65, 44, 52, 83, 88, 55]"
2000,75,25,8,0.0870109523747311,0.01892346888780594,"[48, 55, 8, 86, 32, 31, 39, 22]"
2001,74,26,8,0.09308163528747634,0.026659825816750526,"[86, 24, 65, 94, 66, 89, 18, 15]"
2002,73,27,7,0.09193378134695405,0.020011339336633682,"[48, 42, 41, 6, 67, 47, 39]"
2003,73,27,7,0.08725097335096915,0.019550787284970284,"[13, 94, 72, 51, 48, 30, 70]"
2004,73,27,7,0.0894306977511307,0.01944652944803238,"[23, 15, 4, 97, 94, 85, 83]"
2005,73,27,7,0.08945237295359405,0.027585983276367188,"[55, 11, 41, 9, 97, 2, 85]"
2006,73,27,7,0.08817448092773718,0.01908782124519348,"[38, 86, 24, 93, 73, 41, 97]"
2007,73,27,7,0.08483512497464703,0.018828190863132477,"[14, 11, 94, 93, 1, 39, 76]"
2008,73,27,7,0.0813864860315787,0.01964529976248741,"[67, 7, 76, 59, 11, 72, 87]"
2009,73,27,7,0.08318986957318258,0.021525172516703606,"[61, 10, 18, 87, 97, 20, 53]"
2010,73,27,7,0.08684768959541211,0.02016405574977398,"[53, 39, 48, 32, 10, 61, 15]"
2011,73,27,7,0.08869808222503842,0.01887422800064087,"[86, 14, 23, 47, 24, 61, 83]"
2012,73,27,7,0.07849645325431481,0.020160896703600883,"[72, 6, 53, 41, 2, 4, 86]"
2013,73,27,7,0.0834268581282042,0.02360769733786583,"[28, 90, 86, 44, 94, 72, 65]"
2014,72,28,7,0.07804266550201214,0.019402746111154556,"[53, 87, 31, 29, 14, 55, 61]"
2015,72,28,7,0.08761836456922958,0.018766509369015694,"[51, 86, 35, 94, 15, 11, 68]"
2016,72,28,7,0.08018039636631179,0.019710704684257507,"[88, 29, 6, 66, 31, 15, 48]"
2017,72,28,7,0.08183603649063466,0.01949099823832512,"[81, 97, 53, 86, 65, 10, 85]"
2018,72,28,7,0.07687557209027256,0.0196597371250391,"[90, 86, 80, 14, 22, 92, 73]"
2019,72,28,7,0.07980096607985855,0.018595015630126,"[75, 18, 41, 9, 48, 19, 8]"
2020,72,28,7,0.07520437589206908,0.018541570752859116,"[68, 59, 44, 24, 19, 87, 76]"
2021,72,28,7,0.07958971190619395,0.018401676788926125,"[97, 87, 29, 13, 93, 86, 24]"
2022,72,28,7,0.07636341149304676,0.02077668346464634,"[67, 39, 20, 97, 42, 55, 85]"
2023,71,29,7,0.07390123965234015,0.019106043502688408,"[43, 40, 24, 68, 86, 30, 58]"
2024,71,29,7,0.07941137504583042,0.01775384694337845,"[9, 48, 35, 13, 2, 88, 83]"
2025,71,29,7,0.07508735835550137,0.019177449867129326,"[7, 15, 83, 88, 90, 89, 76]"
2026,71,29,7,0.08773649664947568,0.01958409696817398,"[83, 94, 88, 24, 97, 41, 42]"
2027,71,29,7,0.07544142039504159,0.01855018548667431,"[48, 94, 42, 7, 46, 20, 43]"
2028,70,30,7,0.07286639066140715,0.019972288981080055,"[89, 83, 6, 51, 94, 42, 7]"
2029,70,30,7,0.07753594631573096,0.01814974844455719,"[76, 14, 24, 62, 97, 83, 47]"
2030,70,30,7,0.07427407548733292,0.01802363432943821,"[62, 14, 39, 74, 47, 23, 97]"
2031,70,30,7,0.0744874669989157,0.017214421182870865,"[42, 31, 24, 39, 32, 80, 6]"
2032,70,30,7,0.07360912128425544,0.018259800970554352,"[48, 14, 18, 97, 13, 1, 68]"
2033,70,30,7,0.07257457089514309,0.017146874219179153,"[31, 39, 48, 97, 32, 58, 43]"
2034,70,30,7,0.07269604282272565,0.019584739580750465,"[48, 85, 52, 30, 2, 15, 90]"
2035,70,30,7,0.07918837753361062,0.020492512732744217,"[10, 24, 39, 97, 76, 86, 51]"
2036,70,30,7,0.07324995829479858,0.02000703103840351,"[87, 76, 9, 83, 58, 18, 65]"
2037,70,30,7,0.07091155682509351,0.01967962644994259,"[9, 42, 87, 13, 72, 52, 41]"
2038,69,31,7,0.07002010677214934,0.020164797082543373,"[89, 90, 30, 42, 19, 54, 41]"
2039,69,31,7,0.07168269019803539,0.0293409563601017,"[65, 90, 62, 7, 54, 11, 83]"
2040,69,31,7,0.06566515902522951,0.017716767266392708,"[39, 76, 9, 46, 70, 97, 66]"
2041,69,31,7,0.07071332582369155,0.017763428390026093,"[73, 24, 72, 32, 88, 19, 39]"
2042,69,31,7,0.0710949997615052,0.0190348569303751,"[42, 70, 59, 87, 10, 14, 48]"
2043,69,31,7,0.06928320283666768,0.019147880375385284,"[86, 7, 44, 54, 11, 9, 83]"
2044,69,31,7,0.07009916927575344,0.018714647740125656,"[11, 86, 80, 94, 73, 71, 22]"
2045,69,31,7,0.06368108143952722,0.0172897819429636,"[71, 43, 6, 4, 41, 11, 7]"
2046,69,31,7,0.06751601885487046,0.020915914326906204,"[48, 44, 19, 18, 39, 54, 41]"
2047,69,31,7,0.0661703492238504,0.021765850484371185,"[29, 61, 11, 71, 30, 39, 51]"
2048,69,31,7,0.06636189727437487,0.017348863184452057,"[19, 83, 43, 11, 66, 24, 86]"
2049,69,31,7,0.06396099726652324,0.018560754135251045,"[97, 14, 68, 28, 65, 54, 67]"
2050,68,32,7,0.061843212591429206,0.01740795187652111,"[15, 1, 13, 41, 7, 39, 6]"
2051,68,32,7,0.06053031994950296,0.017494110390543938,"[22, 86, 42, 41, 74, 38, 19]"
2052,68,32,7,0.0645296605210097,0.018426233902573586,"[24, 42, 66, 18, 53, 87, 32]"
2053,68,32,7,0.06613433221764034,0.01761052757501602,"[90, 10, 14, 46, 11, 48, 76]"
2054,68,32,7,0.06284996174331493,0.02205667458474636,"[18, 90, 23, 54, 61, 62, 71]"
2055,68,32,7,0.06788980060862813,0.021679703146219254,"[94, 87, 14, 9, 52, 72, 24]"
2056,68,32,7,0.05753411775314744,0.017696470022201538,"[88, 47, 9, 73, 51, 19, 8]"
2057,68,32,7,0.05928683223176788,0.018883313983678818,"[15, 10, 32, 51, 86, 6, 20]"
2058,66,34,7,0.05928767837564389,0.016728058457374573,"[7, 51, 73, 42, 62, 47, 86]"
2059,66,34,7,0.06118389635096523,0.017670689150691032,"[76, 68, 87, 54, 42, 2, 86]"
2060,66,34,7,0.05745099884650691,0.016373969614505768,"[48, 35, 80, 14, 68, 44, 83]"
2061,66,34,7,0.06269887476577705,0.016851015388965607,"[94, 88, 65, 24, 42, 38, 92]"
2062,66,34,7,0.06128730486061415,0.01902640610933304,"[54, 29, 81, 41, 14, 10, 86]"
2063,66,34,7,0.05826045229882182,0.018999746069312096,"[46, 93, 87, 65, 94, 55, 54]"
2064,66,34,7,0.06440468175087538,0.02088622935116291,"[9, 39, 66, 94, 61, 30, 71]"
2065,66,34,7,0.05917637819493614,0.015978161245584488,"[48, 11, 32, 90, 86, 23, 31]"
2066,66,34,7,0.053636826402293496,0.016461621969938278,"[62, 59, 11, 65, 18, 88, 23]"
2067,66,34,7,0.05823867982240748,0.020399102941155434,"[7, 58, 41, 55, 11, 2, 14]"
2068,64,36,7,0.05316218898918301,0.017753008753061295,"[48, 59, 73, 41, 19, 38, 30]"
2069,64,36,6,0.056532661741731244,0.017425689846277237,"[58, 23, 80, 24, 85, 39]"
2070,63,37,6,0.05756199222043673,0.016563262790441513,"[74, 24, 14, 32, 18, 88]"
2071,63,37,6,0.05452722862665133,0.01680140197277069,"[72, 71, 14, 66, 6, 46]"
2072,63,37,6,0.05170817368484119,0.01653400808572769,"[51, 6, 19, 90, 39, 75]"
2073,63,37,6,0.054408001658310626,0.016521181911230087,"[55, 71, 51, 15, 28, 67]"
2074,63,37,6,0.0575343513541667,0.020057305693626404,"[61, 86, 94, 62, 72, 90]"
2075,62,38,6,0.05317043301316485,0.01557715330272913,"[66, 83, 88, 32, 7, 15]"
2076,62,38,6,0.05247194277451074,0.01783844269812107,"[28, 67, 15, 19, 54, 71]"
2077,62,38,6,0.05602129452260366,0.017408618703484535,"[72, 71, 42, 85, 24, 31]"
2078,61,39,6,0.056359747850018765,0.019456040114164352,"[83, 14, 74, 87, 71, 65]"
2079,61,39,6,0.05243433995638043,0.01659984700381756,"[15, 51, 35, 65, 71, 38]"
2080,61,39,6,0.05483235336882486,0.01708168350160122,"[86, 72, 83, 30, 24, 46]"
2081,61,39,6,0.048077624092922745,0.017732683569192886,"[80, 85, 97, 62, 72, 10]"
2082,61,39,6,0.05002488254597693,0.016238709911704063,"[24, 58, 42, 28, 11, 80]"
2083,61,39,6,0.05140581850675076,0.01645595207810402,"[9, 7, 76, 24, 6, 71]"
2084,60,40,6,0.04940217303281481,0.01829606108367443,"[71, 90, 66, 51, 41, 2]"
2085,60,40,6,0.04935566835855651,0.014693493023514748,"[94, 8, 15, 47, 19, 2]"
2086,60,40,6,0.04984809172391477,0.016463275998830795,"[94, 24, 7, 71, 8, 20]"
2087,60,40,6,0.05080365564208478,0.0159373227506876,"[71, 11, 88, 18, 72, 24]"
2088,60,40,6,0.04910036172778173,0.016554785892367363,"[6, 58, 54, 48, 24, 73]"
2089,59,41,6,0.056267885539758325,0.018506573513150215,"[24, 41, 94, 30, 97, 54]"
2090,59,41,6,0.05274257292083623,0.017693035304546356,"[14, 76, 97, 39, 10, 41]"
2091,59,41,6,0.046025249936453905,0.015269791707396507,"[65, 48, 8, 23, 14, 67]"
2092,59,41,6,0.05024145156805515,0.015915611758828163,"[14, 90, 58, 68, 71, 48]"
2093,59,41,6,0.04959590119564519,0.017111334949731827,"[65, 7, 97, 90, 15, 66]"
2094,58,42,6,0.05494495709726892,0.01752941682934761,"[24, 61, 86, 94, 97, 90]"
2095,58,42,6,0.046745392438680984,0.014972154051065445,"[24, 97, 80, 18, 39, 58]"
2096,57,43,6,0.050905689749271954,0.015768812969326973,"[87, 22, 24, 86, 71, 48]"
2097,56,44,6,0.04753369363378642,0.01629693992435932,"[71, 14, 81, 10, 90, 61]"
2098,55,45,6,0.04917903547524474,0.016703497618436813,"[9, 39, 15, 85, 66, 24]"
2099,55,45,6,0.04475682487213971,0.014640705659985542,"[54, 62, 10, 15, 32, 87]"
2100,55,45,6,0.045294645921086424,0.017848078161478043,"[55, 86, 94, 58, 2, 72]"
2101,55,45,6,0.04364971657122048,0.015032509341835976,"[94, 41, 30, 83, 2, 32]"
2102,55,45,6,0.04558844109292326,0.015518109314143658,"[97, 83, 14, 15, 9, 38]"
2103,55,45,6,0.04337311206052086,0.01413201354444027,"[35, 62, 9, 7, 87, 55]"
2104,54,46,6,0.04740038091161598,0.01612275280058384,"[10, 15, 66, 65, 86, 39]"
2105,54,46,5,0.0453639034614233,0.014545809477567673,"[66, 97, 11, 24, 87]"
2106,53,47,5,0.04338571956168566,0.01394975371658802,"[97, 42, 68, 14, 19]"
2107,52,48,5,0.046859252349349845,0.015305059030652046,"[87, 10, 14, 30, 83]"
2108,52,48,5,0.04516148332337988,0.013590682297945023,"[94, 86, 42, 80, 55]"
2109,51,49,5,0.048625899393463186,0.014257059432566166,"[42, 94, 71, 41, 24]"
2110,51,49,5,0.04291169135034105,0.012393840588629246,"[65, 35, 13, 90, 48]"
2111,50,50,5,0.04767733142975687,0.01843119040131569,"[10, 15, 14, 90, 39]"
2112,50,50,5,0.03857689943785469,0.012185562402009964,"[65, 42, 87, 68, 51]"
2113,50,50,5,0.0405473383816166,0.013983787037432194,"[10, 86, 61, 66, 65]"
2114,50,50,5,0.041433180465052524,0.012721984647214413,"[15, 97, 18, 48, 74]"
2115,50,50,5,0.04294662505077819,0.01400144025683403,"[7, 35, 65, 94, 86]"
2116,50,50,5,0.040290490118786694,0.014335570856928825,"[87, 71, 14, 54, 7]"
2117,50,50,5,0.04089497734482089,0.012317934073507786,"[42, 86, 11, 10, 73]"
2118,50,50,5,0.036228088170496955,0.012242529541254044,"[6, 48, 18, 32, 94]"
2119,50,50,5,0.03774971500711723,0.013034552335739136,"[9, 31, 68, 94, 48]"
2120,50,50,5,0.034869994399034314,0.012914922088384628,"[71, 46, 88, 9, 90]"
2121,50,50,5,0.03849635087988443,0.013367320410907269,"[24, 31, 88, 86, 7]"
2122,50,50,5,0.033062502679725485,0.013464308343827724,"[10, 94, 66, 76, 42]"
2123,50,50,5,0.037317838988059925,0.014083778485655785,"[97, 48, 11, 54, 41]"
2124,50,50,5,0.035121144431953626,0.012191800400614738,"[48, 51, 35, 87, 18]"
2125,50,50,5,0.03682463868107233,0.013598020188510418,"[10, 62, 86, 14, 65]"
2126,50,50,5,0.03557984497682709,0.01260404847562313,"[94, 6, 42, 9, 48]"
2127,49,51,5,0.03004894387559034,0.01272657886147499,"[6, 87, 13, 90, 97]"
2128,48,52,5,0.03334380877812774,0.012937335297465324,"[42, 30, 11, 94, 13]"
2129,48,52,5,0.03285069361885436,0.01174633763730526,"[61, 39, 94, 88, 62]"
2130,46,54,5,0.03210276032985475,0.01439134031534195,"[94, 14, 72, 74, 15]"
2131,46,54,5,0.03523059724659727,0.011313787661492825,"[86, 18, 11, 88, 39]"
2132,45,55,5,0.034292780148098244,0.011428751051425934,"[66, 48, 55, 87, 15]"
2133,45,55,4,0.035727454675929395,0.011679422110319138,"[97, 14, 88, 10]"
2134,44,56,4,0.03416494913924508,0.012347138486802578,"[14, 97, 9, 11]"
2135,44,56,4,0.03333886436157627,0.011080311611294746,"[10, 39, 48, 31]"
2136,44,56,4,0.03446836919611087,0.011302262544631958,"[55, 71, 15, 94]"
2137,43,57,4,0.032074632928924984,0.011530837044119835,"[24, 55, 66, 15]"
2138,42,58,4,0.03294135248833276,0.011042117141187191,"[42, 11, 86, 10]"
2139,42,58,4,0.03316548006688735,0.012280895374715328,"[31, 41, 87, 24]"
2140,42,58,4,0.03480750038885928,0.011179130524396896,"[42, 14, 86, 9]"
2141,42,58,4,0.03330628163990025,0.01093603577464819,"[10, 15, 48, 9]"
2142,41,59,4,0.029652225544467864,0.010311635211110115,"[86, 71, 73, 42]"
2143,41,59,4,0.029788587850398965,0.011049116030335426,"[87, 54, 9, 14]"
2144,40,60,4,0.032524312990308564,0.010735757648944855,"[30, 15, 94, 10]"
2145,40,60,4,0.03282084784263538,0.010864782147109509,"[30, 10, 86, 14]"
2146,40,60,4,0.029953975948349885,0.010890822857618332,"[85, 97, 24, 30]"
2147,39,61,4,0.032225061182948087,0.010501804761588573,"[23, 14, 39, 24]"
2148,39,61,4,0.028524707284356868,0.010691950097680092,"[7, 24, 41, 35]"
2149,39,61,4,0.030698024516459553,0.010566018521785736,"[87, 41, 94, 86]"
2150,39,61,4,0.02557421805104241,0.012014081701636314,"[39, 42, 23, 41]"
2151,39,61,4,0.028122190301240024,0.009885999374091625,"[24, 9, 61, 86]"
2152,38,62,4,0.02926258867248959,0.010695274919271469,"[90, 39, 14, 86]"
2153,38,62,4,0.027024202040218583,0.009903866797685623,"[10, 87, 11, 24]"
2154,38,62,4,0.027813163247842835,0.009396394714713097,"[14, 97, 65, 48]"
2155,37,63,4,0.025313593577747644,0.009834113530814648,"[41, 94, 42, 14]"
2156,36,64,4,0.027203867962463955,0.01040621567517519,"[24, 90, 39, 87]"
2157,36,64,4,0.0255635257681206,0.008840274065732956,"[30, 97, 86, 71]"
2158,35,65,4,0.024220741815497604,0.011125565506517887,"[81, 15, 14, 88]"
2159,35,65,4,0.025461033932984836,0.01000179722905159,"[10, 86, 87, 14]"
2160,35,65,4,0.02237962375980832,0.008390439674258232,"[94, 97, 61, 71]"
2161,35,65,4,0.023079242283147908,0.009603986516594887,"[85, 24, 15, 9]"
2162,35,65,4,0.02372348711698226,0.00908789224922657,"[54, 48, 24, 14]"
2163,35,65,4,0.021177940570088406,0.008525487035512924,"[35, 9, 30, 48]"
2164,35,65,4,0.022481440881928126,0.008568689227104187,"[24, 86, 42, 87]"
2165,35,65,4,0.020593410876068856,0.0084831602871418,"[86, 24, 55, 42]"
2166,35,65,4,0.019323290571675547,0.009098295122385025,"[41, 55, 86, 87]"
2167,35,65,4,0.01967629714072832,0.009172989055514336,"[90, 39, 88, 83]"
2168,35,65,4,0.018761871221114793,0.009153296239674091,"[35, 87, 9, 15]"
2169,34,66,4,0.0179232012040654,0.009203558787703514,"[48, 51, 41, 39]"
2170,34,66,3,0.01929324732934405,0.008603517897427082,"[61, 94, 24]"
2171,34,66,3,0.01865709570894626,0.008598297834396362,"[18, 65, 15]"
2172,32,68,3,0.01736201430478143,0.010073227807879448,"[88, 19, 15]"
2173,32,68,3,0.0192812261621243,0.008082825690507889,"[24, 87, 97]"
2174,32,68,3,0.01960580592343434,0.008180148899555206,"[48, 15, 94]"
2175,32,68,3,0.01633556404729085,0.00797805655747652,"[11, 30, 24]"
2176,32,68,3,0.01596436874898172,0.0082625737413764,"[11, 24, 10]"
2177,32,68,3,0.015284651036684712,0.008510714396834373,"[90, 87, 15]"
2178,31,69,3,0.016449886463159674,0.007948903366923332,"[94, 39, 71]"
2179,31,69,3,0.014824614262795962,0.00841412041336298,"[14, 94, 41]"
2180,31,69,3,0.013750559107782985,0.007649786304682493,"[83, 10, 30]"
2181,30,70,3,0.014480114966447997,0.010230731219053268,"[87, 14, 10]"
2182,30,70,3,0.01371553321843277,0.009281973354518414,"[14, 15, 10]"
2183,29,71,3,0.012008690909068618,0.00764705752953887,"[87, 14, 30]"
2184,29,71,3,0.013119013976299752,0.006933798082172871,"[71, 10, 39]"
2185,28,72,3,0.011549904896244884,0.008688782341778278,"[14, 88, 87]"
2186,28,72,3,0.011152284967247397,0.006833031307905912,"[10, 86, 88]"
2187,28,72,3,0.012746887954417616,0.00640900619328022,"[65, 48, 15]"
2188,28,72,3,0.010750564203287166,0.007545685861259699,"[24, 14, 18]"
2189,28,72,3,0.01096095488135082,0.0070158508606255054,"[48, 14, 55]"
2190,28,72,3,0.010107627892090628,0.00700633367523551,"[71, 39, 65]"
2191,26,74,3,0.009138379975338467,0.007160925772041082,"[83, 24, 14]"
2192,25,75,3,0.008823983536812179,0.006513604894280434,"[14, 48, 42]"
2193,25,75,2,0.008288036325172035,0.006087429355829954,"[94, 97]"
2194,22,78,2,0.01084496615531743,0.006111040245741606,"[48, 86]"
2195,22,78,2,0.00849374343524687,0.006091850809752941,"[97, 39]"
2196,22,78,2,0.009028975697583519,0.005700813140720129,"[48, 90]"
2197,22,78,2,0.0074834440820268355,0.005383209325373173,"[24, 97]"
2198,21,79,2,0.008433941896510078,0.0056473142467439175,"[48, 15]"
2199,20,80,2,0.006645862628877359,0.005820951424539089,"[48, 14]"
2200,20,80,2,0.0064330140594393015,0.004901875741779804,"[71, 24]"
2201,19,81,2,0.005399485193063608,0.004849337972700596,"[39, 71]"
2202,18,82,2,0.006517041659475688,0.004568987991660833,"[24, 48]"
2203,18,82,2,0.005919381424973835,0.0042348504066467285,"[86, 48]"
2204,17,83,2,0.003909466422555852,0.006374729797244072,"[35, 88]"
2205,16,84,2,0.004911441127963674,0.004425481427460909,"[39, 48]"
2206,15,85,2,0.004190008721447417,0.00440901517868042,"[88, 48]"
2207,14,86,2,0.003257989029337365,0.0036515083629637957,"[48, 87]"
2208,11,89,1,0.002655721349023784,0.0037063350901007652,[65]
2209,10,90,1,0.001834810699801892,0.0031511501874774694,[10]
2210,7,93,1,0.0030427402493336964,0.0025644684210419655,[48]
2211,6,94,1,0.0019374493373713146,0.0017520197434350848,[48]
