round,alive_nodes,round_energy
1,100,0.024838055591806928
2,100,0.025248141897129373
3,100,0.025362251556400574
4,100,0.02523458620955279
5,100,0.02514685865966984
6,100,0.02561951581424739
7,100,0.025869526933865475
8,100,0.025965102107761834
9,100,0.02462964447184254
10,100,0.02520597356296456
11,100,0.02518932017045985
12,100,0.025434102531080725
13,100,0.024812504710873387
14,100,0.025326336504756075
15,100,0.024681580086487777
16,100,0.02506756045600917
17,100,0.024790192573725847
18,100,0.025736600471277137
19,100,0.02568826875917496
20,100,0.02548439432912131
21,100,0.02503591926266266
22,100,0.025190193495181767
23,100,0.02499169246649674
24,100,0.025409990271694053
25,100,0.025423952116336936
26,100,0.025532907370485948
27,100,0.025185241548113815
28,100,0.025224022381286803
29,100,0.025182475852136208
30,100,0.025836600523225405
31,100,0.02519430598951621
32,100,0.025174559310696648
33,100,0.025129684507436953
34,100,0.025384245167462193
35,100,0.025833200661092195
36,100,0.025005945694961194
37,100,0.02466930924601269
38,100,0.02612985620084355
39,100,0.02532812543041543
40,100,0.025298983794774826
41,100,0.02542810591447807
42,100,0.02489460654765513
43,100,0.02585148158509816
44,100,0.025386910642431027
45,100,0.025441114488147683
46,100,0.02545140755715164
47,100,0.02535788110600196
48,100,0.025501107156656745
49,100,0.025547114699684164
50,100,0.025491471500443577
51,100,0.02555166087278866
52,100,0.02536941850268627
53,100,0.0250533972753084
54,100,0.025217631683427617
55,100,0.025128267185164015
56,100,0.025743763396451295
57,100,0.025358556378070482
58,100,0.02591932786017017
59,100,0.025428196356040902
60,100,0.025310974493924783
61,100,0.025194673360762088
62,100,0.0252938613981699
63,100,0.025082051943441066
64,100,0.025437727735026193
65,100,0.025300102204685534
66,100,0.02551781088214477
67,100,0.025604144588464356
68,100,0.02553827001602818
69,100,0.025361343823795533
70,100,0.02531495430185783
71,100,0.025254161573385506
72,100,0.0250798596460174
73,100,0.025821084321522476
74,100,0.025193068472086026
75,100,0.025045786298781354
76,100,0.025360925402871593
77,100,0.02538004904364843
78,100,0.025508865904290526
79,100,0.02526993508312352
80,100,0.02501337337135684
81,100,0.024976119506694684
82,100,0.025822176578432096
83,100,0.02501372283300493
84,100,0.024946372358891942
85,100,0.025779459772109783
86,100,0.025695349194679924
87,100,0.025540505197001857
88,100,0.025160592590616277
89,100,0.02529637957895404
90,100,0.02501301650995786
91,100,0.025137059474774254
92,100,0.025369969257196593
93,100,0.025807561968697858
94,100,0.025575734001042877
95,100,0.024753613382515954
96,100,0.025119681446438696
97,100,0.025944909033120446
98,100,0.026137774773743603
99,100,0.025048020760495202
100,100,0.02556336679357378
101,100,0.025628763690634975
102,100,0.025140131750102136
103,100,0.025012869552291254
104,100,0.02556610908937257
105,100,0.025319522674824898
106,100,0.0256121561878681
107,100,0.025696233896790547
108,100,0.025443842849135437
109,100,0.025487174172697764
110,100,0.025383749104555153
111,100,0.025655978373231757
112,100,0.025371903903699033
113,100,0.025528056877732703
114,100,0.02567991285251965
115,100,0.025477616440426617
116,100,0.025222953242431508
117,100,0.02522669282219095
118,100,0.025218778100180674
119,100,0.02514175679546925
120,100,0.025498638237457197
121,100,0.025065909790817173
122,100,0.025899946541211444
123,100,0.025066087354097804
124,100,0.02555051651661951
125,100,0.02503376521845867
126,100,0.025086070347777083
127,100,0.025262794101288042
128,100,0.025001278537955033
129,100,0.025186281194402894
130,100,0.025156041525363756
131,100,0.02554174419401038
132,100,0.025278966567328903
133,100,0.02559490985584876
134,100,0.02567802746569914
135,100,0.025673867904985024
136,100,0.025448034838124668
137,100,0.025335449827222946
138,100,0.024974236297490307
139,100,0.025275233908699613
140,100,0.025228523706747084
141,100,0.02505732960422382
142,100,0.024889360982770364
143,100,0.02518185636385549
144,100,0.025508693840383765
145,100,0.025132632494849778
146,100,0.02524333360224009
147,100,0.02522248634326004
148,100,0.025945863597280776
149,100,0.025684390907051893
150,100,0.024677143362567742
151,100,0.025048116525158017
152,100,0.025313766894737983
153,100,0.025756025924260618
154,100,0.025947819289481155
155,100,0.025602422131280264
156,100,0.025859245819638485
157,100,0.024726162640118933
158,100,0.02566738255313675
159,100,0.025858863920052128
160,100,0.02584114601159309
161,100,0.02485123278499626
162,100,0.025069071958076953
163,100,0.025208258296986277
164,100,0.02525805432884652
165,100,0.024622246330781968
166,100,0.025801450442342774
167,100,0.02518710563891248
168,100,0.02550627124303337
169,100,0.025483577925020307
170,100,0.025388688344413272
171,100,0.024945154019822554
172,100,0.02499455522098156
173,100,0.025385012689582143
174,100,0.02616806401901648
175,100,0.025389035537971495
176,100,0.025553579938500548
177,100,0.025323556743373905
178,100,0.02513960988055574
179,100,0.025226705215638377
180,100,0.025407228264761113
181,100,0.02510477957936579
182,100,0.02566380039627978
183,100,0.02543329362072906
184,100,0.025298157169439613
185,100,0.0254621461128812
186,100,0.025658630122269713
187,100,0.025268675949585758
188,100,0.025922646532584477
189,100,0.024538874354755436
190,100,0.025579339501455193
191,100,0.02568133531588534
192,100,0.02528047170733136
193,100,0.025455762806336813
194,100,0.025628821403591
195,100,0.02542250410033404
196,100,0.02514368235680702
197,100,0.02532932897122805
198,100,0.02573562508064236
199,100,0.0254287165807545
200,100,0.025150057141576032
201,100,0.025048937837016977
202,100,0.025363961784549156
203,100,0.02568682814126792
204,100,0.025660246528228264
205,100,0.025307050751897726
206,100,0.02502709786718053
207,100,0.025325845183589938
208,100,0.025351089925954404
209,100,0.025712513987604192
210,100,0.025772077028867513
211,100,0.024944750896183768
212,100,0.025773528492803094
213,100,0.02553985757248274
214,100,0.024818543094269334
215,100,0.025641512755354277
216,100,0.0260319170878981
217,100,0.02508668219393746
218,100,0.025471480628049572
219,100,0.02549687479868378
220,100,0.025011964548246304
221,100,0.025323891613301244
222,100,0.025723892930309293
223,100,0.02508405468790828
224,100,0.025329698497876266
225,100,0.025054336175030365
226,100,0.0253781433439257
227,100,0.02587250580368747
228,100,0.025219482365201384
229,100,0.024948410115068185
230,100,0.02504877368180608
231,100,0.02524893264039911
232,100,0.025223554013360603
233,100,0.024899953806380704
234,100,0.02569454818750005
235,100,0.02502692376619747
236,100,0.02543459533633493
237,100,0.02551990677349059
238,100,0.025731823959033673
239,100,0.0257296846506195
240,100,0.025912009092263794
241,100,0.025528934682173904
242,100,0.025037567906124675
243,100,0.02580459485866611
244,100,0.02509603475682138
245,100,0.025504661687436675
246,100,0.024903029230826705
247,100,0.025338931737619697
248,100,0.025211037884667803
249,100,0.024875391328263535
250,100,0.025825935375366142
251,100,0.02557924796331845
252,100,0.025227320445182284
253,100,0.025268919324422753
254,100,0.025612412573853677
255,100,0.02552542185473095
256,100,0.02545841799566367
257,100,0.025348999509356034
258,100,0.02497032755836342
259,100,0.025205154207221695
260,100,0.025019539696506384
261,100,0.025178719853933634
262,100,0.025432963568294005
263,100,0.024750162739003302
264,100,0.025411558047664522
265,100,0.025682300994015132
266,100,0.02513443233188504
267,100,0.025251512658656654
268,100,0.025191790192003436
269,100,0.02521311152275094
270,100,0.025447002221376153
271,100,0.02548757227854142
272,100,0.025114797000646855
273,100,0.025664019631515614
274,100,0.025211313738901554
275,100,0.02497167759622966
276,100,0.02528796224892113
277,100,0.025143576744132902
278,100,0.025109070365693553
279,100,0.025603219039907893
280,100,0.025501469218295846
281,100,0.025325452104363634
282,100,0.025283306401443325
283,100,0.024433966751035045
284,100,0.025622327605381044
285,100,0.02569681700460544
286,100,0.02516049817061993
287,100,0.02549197195464088
288,100,0.025754402276909758
289,100,0.02529541821773435
290,100,0.025364950415711542
291,100,0.025361523211056662
292,100,0.025669521055591938
293,100,0.025286478774736953
294,100,0.02434092253869126
295,100,0.02576504977061628
296,100,0.02571681012140077
297,100,0.02578479877313733
298,100,0.02563673470412714
299,100,0.02533897695712556
300,100,0.02527954337778716
301,100,0.024822620627570936
302,100,0.025610228322032882
303,100,0.025137908891191073
304,100,0.025685559457510235
305,100,0.025159068062217314
306,100,0.02543384831756562
307,100,0.024973106611183987
308,100,0.02545907609122609
309,100,0.025554960377318647
310,100,0.02574397587223486
311,100,0.025610369630223815
312,100,0.025340696826717374
313,100,0.0254094821567071
314,100,0.02547308374088191
315,100,0.025112156009411867
316,100,0.02549183214189613
317,100,0.025413108980417792
318,100,0.025430133300736353
319,100,0.025259421086638707
320,100,0.025491426887924436
321,100,0.02531970179427181
322,100,0.0250146036158743
323,100,0.025228337763295028
324,100,0.024965840244958928
325,100,0.025101554588426903
326,100,0.02570446690040364
327,100,0.025699321525494825
328,100,0.025086623970201685
329,100,0.0248912725419879
330,100,0.025547401126630336
331,100,0.025823344368184387
332,100,0.02494663432081318
333,100,0.024889993451924285
334,100,0.025507298014717364
335,100,0.025308829046811303
336,100,0.025482892561152663
337,100,0.02520949408808561
338,100,0.025427584617061308
339,100,0.02550194103465434
340,100,0.025340372981550636
341,100,0.025366480854081806
342,100,0.025155533573844778
343,100,0.025355307370549487
344,100,0.02492341801914068
345,100,0.024833581789919883
346,100,0.024903585110122927
347,100,0.025390618679307937
348,100,0.025356842819120724
349,100,0.024933471509853193
350,100,0.025649926029843676
351,100,0.025167261504969386
352,100,0.02489513310541524
353,100,0.02537129188022688
354,100,0.025134724861485908
355,100,0.025300765303277704
356,100,0.025433014528013657
357,100,0.025102837156494567
358,100,0.02544251685405437
359,100,0.025282112962455697
360,100,0.025082903933642285
361,100,0.025121210311335043
362,100,0.025451219447339364
363,100,0.025341860073966244
364,100,0.025414130640286726
365,100,0.025712649335148677
366,100,0.025410916980722155
367,100,0.025111512722340277
368,100,0.024971279902628325
369,100,0.025991853887742916
370,100,0.02501847825741714
371,100,0.02530788681241086
372,100,0.025289787870854948
373,100,0.02508644243313893
374,100,0.025586371839877397
375,100,0.025478317104951683
376,100,0.0256870692866084
377,100,0.025366951371692918
378,100,0.025488434333785167
379,100,0.025296797965883765
380,100,0.02546580400963673
381,100,0.02533728046459537
382,100,0.025201270746721544
383,100,0.025132303463395147
384,100,0.02564380187310084
385,100,0.025194896090435372
386,100,0.02544576440497457
387,100,0.025682867082732642
388,100,0.02564083233189496
389,100,0.025992196170412814
390,100,0.025497843192480288
391,100,0.025454529589275597
392,100,0.025130192331307668
393,100,0.02552275903313115
394,100,0.025833082872684498
395,100,0.02547237455861588
396,100,0.025388762922899707
397,100,0.025430971779229573
398,100,0.025468463288870462
399,100,0.025457671656414244
400,100,0.025215717100803548
401,100,0.025686012384584313
402,100,0.025101372609841036
403,100,0.02502135864448207
404,100,0.025493837640180768
405,100,0.02543556300558773
406,100,0.025538081870006373
407,100,0.02533690755832455
408,100,0.02522559804875923
409,100,0.025851720790720473
410,100,0.025454051599247202
411,100,0.025516660518982805
412,100,0.024949148837844874
413,100,0.025235636157072316
414,100,0.0252742648455659
415,100,0.02543572710229803
416,100,0.025801158797669654
417,100,0.02508084066151503
418,100,0.025294095672953768
419,100,0.024911404384613776
420,100,0.02495131887687104
421,100,0.0257577022750552
422,100,0.025520071220649983
423,100,0.025770288868222076
424,100,0.02513928372400845
425,100,0.025785620432324196
426,100,0.025145026037095796
427,100,0.0247568755863991
428,100,0.02486771462859446
429,100,0.025050571134304003
430,100,0.02522023632604709
431,100,0.025373431667568152
432,100,0.025402777942715542
433,100,0.02507066394905281
434,100,0.025382417209347488
435,100,0.025153986639122657
436,100,0.025506536075970775
437,100,0.024999034039534736
438,100,0.025063963752571514
439,100,0.025146070991885188
440,100,0.025085027919345665
441,100,0.025217727605073688
442,100,0.02521099157968811
443,100,0.0254345925287957
444,100,0.025882134383950272
445,100,0.025391801802279623
446,100,0.025505932648173794
447,100,0.025162179409017
448,100,0.02558259708665981
449,100,0.02511545228054537
450,100,0.025334712368927457
451,100,0.025815065577054676
452,100,0.025074660476760543
453,100,0.025473771014295318
454,100,0.025430478806394624
455,100,0.025486066213821705
456,100,0.025228181151065926
457,100,0.02478402731780477
458,100,0.025474297547824723
459,100,0.02510399428252388
460,100,0.025626434115032178
461,100,0.025504185987857902
462,100,0.02594415562857897
463,100,0.025367521950983782
464,100,0.025303897222378482
465,100,0.02541180478938419
466,100,0.025230469513694603
467,100,0.025222235141637107
468,100,0.02482577866296351
469,100,0.025372790575657174
470,100,0.024852320202081155
471,100,0.02554876168504485
472,100,0.025340683060426528
473,100,0.025380941504651453
474,100,0.024976646394571048
475,100,0.024880388792721666
476,100,0.025230560694301126
477,100,0.02481430426445625
478,100,0.02495842301519869
479,100,0.025118790948919428
480,100,0.02552464824158184
481,100,0.025435002863506632
482,100,0.025617006482853068
483,100,0.025484336447788747
484,100,0.025583707908482523
485,100,0.024888788502484858
486,100,0.025257400462438476
487,100,0.025545597379236906
488,100,0.025236595847923038
489,100,0.024888855158054213
490,100,0.02536641044440688
491,100,0.02492212826432833
492,100,0.024718001013762977
493,100,0.025492273991733053
494,100,0.02537118414136843
495,100,0.02489174172767083
496,100,0.02566435761695983
497,100,0.02503826943264706
498,100,0.0253386832334337
499,100,0.02526772181478601
500,100,0.02555835559408848
501,100,0.025309530808825486
502,100,0.025468813290400526
503,100,0.02543457957906012
504,100,0.025530320274848074
505,100,0.025210325699117353
506,100,0.025111931074083042
507,100,0.024909934896495692
508,100,0.025772019346056736
509,100,0.025663621798792637
510,100,0.02531082601512183
511,100,0.025271123325153844
512,100,0.025104353607340344
513,100,0.025447244477033826
514,100,0.025045954652561958
515,100,0.024810888637346835
516,100,0.024806877574762295
517,100,0.025640789745984403
518,100,0.025080392205789573
519,100,0.024923284509718917
520,100,0.025697755268556072
521,100,0.02540787598141102
522,100,0.02545464958083633
523,100,0.025150003923621028
524,100,0.025095848181725968
525,100,0.02560011545642463
526,100,0.025634311440857125
527,100,0.025514443388805992
528,100,0.02544645350098236
529,100,0.024701533879153578
530,100,0.025719290270204212
531,100,0.02589259266747622
532,100,0.02513493304712669
533,100,0.025989965524420032
534,100,0.025669061167268546
535,100,0.025582219655094073
536,100,0.025642085181461757
537,100,0.025025296275363228
538,100,0.02500518516646492
539,100,0.02505891228896001
540,100,0.025065647575302125
541,100,0.025137446845186706
542,100,0.02581218636786808
543,100,0.0256385917174696
544,100,0.024927122910548744
545,100,0.025476975694789135
546,100,0.025490646002491187
547,100,0.025464723932749653
548,100,0.025389984549341924
549,100,0.025235452971497076
550,100,0.024985005866946488
551,100,0.02530125206638866
552,100,0.025363598243532813
553,100,0.02568763581831976
554,100,0.025315054767640777
555,100,0.02527554926043533
556,100,0.02537319669460544
557,100,0.025554087725109243
558,100,0.025747064432071715
559,100,0.025430521955918675
560,100,0.025136295011197178
561,100,0.025071467144875445
562,100,0.02556236188409455
563,100,0.025301653724718442
564,100,0.025345084284200427
565,100,0.025293608219690813
566,100,0.025288600056716824
567,100,0.025094089344372836
568,100,0.024983083642250055
569,100,0.025404495609857858
570,100,0.02527451920616152
571,100,0.025500588977642097
572,100,0.025139976315848928
573,100,0.025233196012116082
574,100,0.025086213589032902
575,100,0.025476426697664513
576,100,0.0252092361069751
577,100,0.02508397096943833
578,100,0.024673407408486656
579,100,0.02556506080750557
580,100,0.025279622169955433
581,100,0.025704399325675687
582,100,0.025565093556723713
583,100,0.02486888596609437
584,100,0.02487341161441695
585,100,0.02529843371463679
586,100,0.02568901281620268
587,100,0.024837804015851676
588,100,0.025355081150081123
589,100,0.025590352881668735
590,100,0.02547765801447212
591,100,0.024804239909241892
592,100,0.025559771740687305
593,100,0.025599275660331794
594,100,0.025246863030773878
595,100,0.02485938226921444
596,100,0.02585556807154528
597,100,0.026142615635860404
598,100,0.025021251750256646
599,100,0.024679667729618195
600,100,0.025325170720284285
601,100,0.025315358600953134
602,100,0.025385346958781013
603,100,0.02495712291635885
604,100,0.025028799415095258
605,100,0.025929791821653208
606,100,0.02488572166988538
607,100,0.025654798595405304
608,100,0.025004060784037965
609,100,0.024948496105261536
610,100,0.025324045497479464
611,100,0.025470768632553358
612,100,0.025366604919657337
613,100,0.02530304859346191
614,100,0.025024110094297027
615,100,0.025461492542474866
616,100,0.025696566483992263
617,100,0.025191450435533086
618,100,0.025426076773964728
619,100,0.025370932929562908
620,100,0.025670104015682586
621,100,0.025147715397504967
622,100,0.025159419188595142
623,100,0.025441132120340392
624,100,0.02555636872076172
625,100,0.02542738952823994
626,100,0.0253131036569224
627,100,0.025491826042346122
628,100,0.025028284800049448
629,100,0.025018601511024197
630,100,0.025182318124874113
631,100,0.025713618603164456
632,100,0.025219036576029218
633,100,0.025631497747248575
634,100,0.024777681233908857
635,100,0.025243016837659032
636,100,0.025348977366682148
637,100,0.025254081490880178
638,100,0.025131619109174937
639,100,0.025727566193183442
640,100,0.02530081625236961
641,100,0.0249259397102813
642,100,0.02521245843355284
643,100,0.025254834293241206
644,100,0.02552745509296659
645,100,0.025413979356497664
646,100,0.025211006443282398
647,100,0.026102237816020838
648,100,0.025287899223086517
649,100,0.024906691851581092
650,100,0.025621667069347126
651,100,0.02489588701800027
652,100,0.025246661485840816
653,100,0.025482096712794958
654,100,0.025213578796525467
655,100,0.02509442807255142
656,100,0.02517185031462823
657,100,0.025422027167289963
658,100,0.025520055523550012
659,100,0.025671166450800698
660,100,0.02586156163772994
661,100,0.025121730909296022
662,100,0.025545791943894874
663,100,0.02572533168516418
664,100,0.025246434422502198
665,100,0.02516968763410679
666,100,0.025772776897928527
667,100,0.025260764818864467
668,100,0.025473546260631193
669,100,0.02537728404557191
670,100,0.025164784439610607
671,100,0.02553918982223283
672,100,0.025756561246333607
673,100,0.025339645811037436
674,100,0.02495922598493646
675,100,0.02551659413427845
676,100,0.02530854977169072
677,100,0.02530274464443193
678,100,0.025163554026582317
679,100,0.025343777008277668
680,100,0.02567794450868158
681,100,0.0251081636641118
682,100,0.02529712235591777
683,100,0.02546338669752094
684,100,0.024832786908447396
685,100,0.02504021934143849
686,100,0.025523791152397855
687,100,0.02509519868744851
688,100,0.02506999632377043
689,100,0.02556158063192409
690,100,0.02541396343155
691,100,0.025041795330945818
692,100,0.025358902180171002
693,100,0.025252723108293205
694,100,0.025452257790624332
695,100,0.025437914319200904
696,100,0.02494431812912184
697,100,0.025737030138871325
698,100,0.0254061768764526
699,100,0.025397631671440133
700,100,0.025513631361709328
701,100,0.025626830590671126
702,100,0.025210593039535913
703,100,0.025083349024719197
704,100,0.025534293699439135
705,100,0.025566998715872882
706,100,0.02537033157605632
707,100,0.024858240592746387
708,100,0.02544649382142164
709,100,0.02563709666074934
710,100,0.025343302563924017
711,100,0.025165992448881125
712,100,0.02541541970970783
713,100,0.025341301037800988
714,100,0.025314853531396786
715,100,0.02525411712600766
716,100,0.025174774593266377
717,100,0.02519684095275429
718,100,0.02488452397159028
719,100,0.024933920145324816
720,100,0.02530604001603224
721,100,0.025502789975389392
722,100,0.024900467610503813
723,100,0.025664894032989355
724,100,0.025035462598880946
725,100,0.02526251237029065
726,100,0.02565704500152392
727,100,0.025471830940293528
728,100,0.025032368063832203
729,100,0.02595064887034941
730,100,0.025563634784487248
731,100,0.02533520218325152
732,100,0.024911879596443434
733,100,0.024840077111391495
734,100,0.02564893129047373
735,100,0.02508320776985512
736,100,0.02503246047236954
737,100,0.025038788464665816
738,100,0.02550973737881464
739,100,0.02531436654028694
740,100,0.0253402856187561
741,100,0.025607764303645468
742,100,0.025708926722051568
743,100,0.025394235769535863
744,100,0.02581792362859453
745,100,0.025257769159348572
746,100,0.025701928032234714
747,100,0.025869617907553964
748,100,0.025349161518994853
749,100,0.025540628936430127
750,100,0.025353449714960022
751,100,0.025123754200781025
752,100,0.02493740994698042
753,100,0.025607361131607918
754,100,0.02504428280930231
755,100,0.024847398145266267
756,100,0.025161777742622758
757,100,0.02538994274037051
758,100,0.025313855154969596
759,100,0.02563548421481247
760,100,0.02531395179513538
761,100,0.025618700924267167
762,100,0.025652511713985054
763,100,0.02570207454257075
764,100,0.025045246396992633
765,100,0.025420589673493286
766,100,0.025932274956885104
767,100,0.02529784022462467
768,100,0.025087598577817987
769,100,0.02475625514372327
770,100,0.02520732568990025
771,100,0.02500308842582134
772,100,0.025469424172624263
773,100,0.02494376077730426
774,100,0.025661368497338473
775,100,0.025258071815599276
776,100,0.026110881090601147
777,100,0.02509221216306809
778,100,0.02549762536015314
779,100,0.025800222811149486
780,100,0.0258390420373269
781,100,0.02565886331270657
782,100,0.025250538758127133
783,100,0.025055127041868908
784,100,0.02520578749820934
785,100,0.0251009431779791
786,100,0.02519642458750961
787,100,0.02533982174808594
788,100,0.025433929709573772
789,100,0.025270331742773475
790,100,0.025053820870872164
791,100,0.025093933418714045
792,100,0.025867107691382143
793,100,0.025353541250696394
794,100,0.025256744379383664
795,100,0.024899530810429175
796,100,0.025482009756078935
797,100,0.025505813090687272
798,100,0.025291143468369495
799,100,0.025437620836339447
800,100,0.025162789604574378
801,100,0.025105110469340206
802,100,0.02499673686685401
803,100,0.02576177757831005
804,100,0.025125308455876797
805,100,0.025197853041324925
806,100,0.025435163686417912
807,100,0.025248309392517335
808,100,0.02500788252604087
809,100,0.025014101594435904
810,100,0.024553068758256268
811,100,0.025664566813153628
812,100,0.025705632124741855
813,100,0.02543183684998561
814,100,0.025327353268699462
815,100,0.025575540561893206
816,100,0.025932039269192356
817,100,0.025496931757613677
818,100,0.025536521708012364
819,100,0.025560521677611213
820,100,0.025122291227838406
821,100,0.025639578575214955
822,100,0.02597527968521412
823,100,0.02514254439838224
824,100,0.02493791008355431
825,100,0.025670202482879427
826,100,0.024795396270003305
827,100,0.02521295127181865
828,100,0.025440179685308324
829,100,0.025241440773302603
830,100,0.025012421419835493
831,100,0.0247224432304771
832,100,0.024820031674166805
833,100,0.02521149739040736
834,100,0.025507055210745595
835,100,0.025246372532106893
836,100,0.02545031694084542
837,100,0.025590882059982386
838,100,0.02503245586527339
839,100,0.025349528474161775
840,100,0.025145859786955427
841,100,0.025571915179124605
842,100,0.025485372438660524
843,100,0.024642439142406675
844,100,0.025573222747005988
845,100,0.02560093081665051
846,100,0.02511145782040339
847,100,0.025051286720824278
848,100,0.024951828321584938
849,100,0.025607642632219367
850,100,0.025524948559222348
851,100,0.024663587742213167
852,100,0.025949202467377402
853,100,0.025615457640418872
854,100,0.02519658680672239
855,100,0.02492229978502085
856,100,0.025143975920330203
857,100,0.02550421475051535
858,100,0.025297802255310285
859,100,0.02506004574438706
860,100,0.025377446127781946
861,100,0.0252004390440128
862,100,0.025045728539495892
863,100,0.025103494312907194
864,100,0.024820613044317166
865,100,0.025369317818602917
866,100,0.0257366036572125
867,100,0.0247383788934255
868,100,0.025227159740068537
869,100,0.025057405166030788
870,100,0.025291725118998458
871,100,0.025762086756564658
872,100,0.025482563603857387
873,100,0.02557444140238942
874,100,0.02519782888247981
875,100,0.02516852934494479
876,100,0.025435669124913192
877,100,0.025063498697522328
878,100,0.025277237764850736
879,100,0.025787571125867586
880,100,0.02517622501203014
881,100,0.025830043998421644
882,100,0.025635245588114815
883,100,0.02516459546029902
884,100,0.025392201779328213
885,100,0.024758855827502757
886,100,0.025382338569124863
887,100,0.025323033080432756
888,100,0.02538385281138103
889,100,0.025006472048671912
890,100,0.02537000267257533
891,100,0.025037314828474613
892,100,0.025671890089131642
893,100,0.02549840954548938
894,100,0.0257567095287744
895,100,0.025179610752730168
896,100,0.024617410870317852
897,100,0.02525290320632387
898,100,0.025603792042763772
899,100,0.025633255942299517
900,100,0.025457282444175503
901,100,0.025101983984565333
902,100,0.025716008533153336
903,100,0.025220479852830362
904,100,0.025567795058707557
905,100,0.025009911471307055
906,100,0.025840596131321947
907,100,0.0258428181910265
908,100,0.025262400284260467
909,100,0.025156240128167532
910,100,0.02473285317300239
911,100,0.0251980026103622
912,100,0.025573119931867585
913,100,0.024865939808681656
914,100,0.02550219556756203
915,100,0.024752003057070586
916,100,0.024504395040388503
917,100,0.025463078444858796
918,100,0.02576802884795401
919,100,0.024993645250300758
920,100,0.025149158897589487
921,100,0.025653829587048007
922,100,0.02547534461276313
923,100,0.025646197888670744
924,100,0.024776891396169252
925,100,0.025539567532221922
926,100,0.02552693110027246
927,100,0.025406755798686422
928,100,0.02531061976883942
929,100,0.02609687142313765
930,100,0.0252251805382598
931,100,0.02480981425232805
932,100,0.025117216088058072
933,100,0.025004314466006233
934,100,0.025351525530329762
935,100,0.02531674600864843
936,100,0.025244901970655265
937,100,0.025705834443578043
938,100,0.02526795089758347
939,100,0.025260047994160838
940,100,0.025463789875496173
941,100,0.02514064802309114
942,100,0.025759012838849578
943,100,0.025177998083035693
944,100,0.025169596570467644
945,100,0.024890270204579158
946,100,0.02543222305756742
947,100,0.024977991276881727
948,100,0.02564848069624577
949,100,0.025453580601786104
950,100,0.025763066176708267
951,100,0.02527160440909617
952,100,0.025339496531596308
953,100,0.02484552804811304
954,100,0.025365350562861478
955,100,0.025942582024684607
956,100,0.025187296805418872
957,100,0.02534375374044938
958,100,0.025414387165273878
959,100,0.02510986310133135
960,100,0.024995697817911017
961,100,0.025129215791049504
962,100,0.025410065792302462
963,100,0.025094600351113654
964,100,0.025470017070841212
965,100,0.025781774097415538
966,100,0.025526773227833074
967,100,0.025286143056703812
968,100,0.025588496946779817
969,100,0.025535404912379423
970,100,0.024805909654577435
971,100,0.025503513534705893
972,100,0.024812517011404862
973,100,0.0248867626612015
974,100,0.025143108705491
975,100,0.025596416864652142
976,100,0.02507205974737832
977,100,0.024855048666013096
978,100,0.025219880253430145
979,100,0.02550648543731352
980,100,0.025680213297304848
981,100,0.02518414503712862
982,100,0.025300658041866486
983,100,0.025674166659798228
984,100,0.02528310594875964
985,100,0.025330412387473817
986,100,0.02528961244293835
987,100,0.025758194271716175
988,100,0.025824738609075745
989,100,0.02490539969319596
990,100,0.02522637150633431
991,100,0.026087461676260106
992,100,0.02508060164096072
993,100,0.024810195404312087
994,100,0.025166953599858828
995,100,0.02564303252310476
996,100,0.02517985586937863
997,100,0.02541093403014577
998,100,0.025883114408880005
999,100,0.025290566250492023
1000,100,0.025297532560030377
1001,100,0.025435985887705705
1002,100,0.025913490547129346
1003,100,0.025342015871857314
1004,100,0.02499305802156165
1005,100,0.02513504500795956
1006,100,0.024578248330180245
1007,100,0.02534505365839704
1008,100,0.025818556986263008
1009,100,0.02553636426913977
1010,100,0.025471155411907587
1011,100,0.024989246776625014
1012,100,0.02511910574336974
1013,100,0.025400092345148634
1014,100,0.02550690112529348
1015,100,0.025257394748313556
1016,100,0.025827876821942028
1017,100,0.02545275694598721
1018,100,0.025440779145974996
1019,100,0.025232902277904406
1020,100,0.025404027092979817
1021,100,0.02540536133653782
1022,100,0.025477239001299563
1023,100,0.025146568903611135
1024,100,0.024952872025166512
1025,100,0.02555550644076865
1026,100,0.025605277252285494
1027,100,0.025346819612639297
1028,100,0.025085799763896615
1029,100,0.025900199781810525
1030,100,0.025572130627687824
1031,100,0.024920000082379504
1032,100,0.026049097209607207
1033,100,0.025249488485077194
1034,100,0.025196981169116433
1035,100,0.025590154284991083
1036,100,0.025484617524013306
1037,100,0.025523168646190062
1038,100,0.025014044500066408
1039,100,0.02544797785344916
1040,100,0.025449221426733136
1041,100,0.025422430696589626
1042,100,0.0256623037830964
1043,100,0.024618681605207415
1044,100,0.02594792471906048
1045,100,0.02537714685980216
1046,100,0.02483241202842497
1047,100,0.02486305109704545
1048,100,0.025507884559521278
1049,100,0.02485767841017206
1050,100,0.025421515649308835
1051,100,0.025629105244875584
1052,100,0.02592038423581945
1053,100,0.024920969143306076
1054,100,0.02557028767527185
1055,100,0.025106533755970516
1056,100,0.025139878127397864
1057,100,0.025690045778396287
1058,100,0.02546988101235909
1059,100,0.026253939723942424
1060,100,0.02537127387637567
1061,100,0.02503326908481353
1062,100,0.025096074971187095
1063,100,0.024900607807093147
1064,100,0.02489333999079186
1065,100,0.02542061980038348
1066,100,0.025681364455379545
1067,100,0.025193464012696357
1068,100,0.0251829584314018
1069,100,0.024946201666586967
1070,100,0.02501705342977684
1071,100,0.024985352918301614
1072,100,0.02500048563667407
1073,100,0.02503235792224917
1074,100,0.025236695108163915
1075,100,0.02523505710856458
1076,100,0.025389225018049914
1077,100,0.025060761493120667
1078,100,0.02555053679349165
1079,100,0.024533892855873714
1080,100,0.025335934232437334
1081,100,0.025830616992691794
1082,100,0.025172254785309527
1083,100,0.02548428424957422
1084,100,0.025148503395233255
1085,100,0.025541059378540676
1086,100,0.02543225166589882
1087,100,0.025271974974783902
1088,100,0.025507807018349815
1089,100,0.0257456989675328
1090,100,0.025666252142324757
1091,100,0.02513777836126433
1092,100,0.02529289754457567
1093,100,0.025595153342592186
1094,100,0.02551026520674924
1095,100,0.02529336924849236
1096,100,0.025336297254495488
1097,100,0.025426637896112762
1098,100,0.02565685887743336
1099,100,0.0254456902339271
1100,100,0.025455003801681933
1101,100,0.025529105850700798
1102,100,0.025317394180459626
1103,100,0.0250570975401033
1104,100,0.02541076590934762
1105,100,0.025526702834436202
1106,100,0.02484351091945878
1107,100,0.025459382846054465
1108,100,0.024763280423647834
1109,100,0.025382193993153113
1110,100,0.024905091746854516
1111,100,0.02546323889664667
1112,100,0.025989270668643986
1113,100,0.02541695056263546
1114,100,0.025248301473462825
1115,100,0.025591081460798235
1116,100,0.025818630515236037
1117,100,0.025392769079900016
1118,100,0.02542596854479346
1119,100,0.025070934353229993
1120,100,0.02542947865740292
1121,100,0.025603914025747087
1122,100,0.0256863616224259
1123,100,0.025372216942169283
1124,100,0.024997289941265825
1125,100,0.02541103101748902
1126,100,0.025126741120625965
1127,100,0.02560137945601859
1128,100,0.02552398665741294
1129,100,0.025098710639771357
1130,100,0.025707244809508333
1131,100,0.025444688018354325
1132,100,0.02589640505262559
1133,100,0.02530641107995299
1134,100,0.025183761665690054
1135,100,0.025621313164864525
1136,100,0.02522057269755681
1137,100,0.02570628314146422
1138,100,0.02531001883763213
1139,100,0.025262179278779537
1140,100,0.02505055428691455
1141,100,0.025431260845085093
1142,100,0.02516653755294791
1143,100,0.025265054468944132
1144,100,0.02556432230849349
1145,100,0.02542002870170028
1146,100,0.0253902436128164
1147,100,0.02520729311445393
1148,100,0.02552965337505569
1149,100,0.024902734396555753
1150,100,0.025444011017058944
1151,100,0.02533661181392788
1152,100,0.025192112641132934
1153,100,0.026043288762686773
1154,100,0.024949832316567416
1155,100,0.025135864432320434
1156,100,0.024809585717834617
1157,100,0.02532443971602371
1158,100,0.02485360909180942
1159,100,0.02551896243779164
1160,100,0.024872234888277975
1161,100,0.025441035685265168
1162,100,0.02543744757826764
1163,100,0.025452254546983074
1164,100,0.025068055573632796
1165,100,0.02568795399975941
1166,100,0.02508000388499537
1167,100,0.02521057776267567
1168,100,0.025763928383399786
1169,100,0.025306517704176
1170,100,0.025847123664535208
1171,100,0.025302810495968938
1172,100,0.025008284859877106
1173,100,0.025356462286578643
1174,100,0.025306574045466983
1175,100,0.025701148940612543
1176,100,0.025436701221396515
1177,100,0.02554665402772921
1178,100,0.025528346557108887
1179,100,0.02528336823057383
1180,100,0.025585118088069507
1181,100,0.025486863826656075
1182,100,0.025170452059286905
1183,100,0.025361644488664712
1184,100,0.026096291416455808
1185,100,0.025468601071219014
1186,100,0.025083055294877213
1187,100,0.025458692330548198
1188,100,0.025101181083399187
1189,100,0.02536173952958903
1190,100,0.025483263597416643
1191,100,0.02554405296201551
1192,100,0.025339484832398097
1193,100,0.025632111954305755
1194,100,0.02569986515039624
1195,100,0.025462970188013717
1196,100,0.025240109485380916
1197,100,0.02584226944407104
1198,100,0.025034420898610108
1199,100,0.025053595867886136
1200,100,0.025595435919097607
1201,100,0.02521034063429237
1202,100,0.02598519753116226
1203,100,0.02526376250791267
1204,100,0.02526181291621467
1205,100,0.025334413817896397
1206,100,0.02470099720975527
1207,100,0.024949068456684105
1208,100,0.025065011430694225
1209,100,0.025469518400979
1210,100,0.025605022014994924
1211,100,0.0256488163624191
1212,100,0.025307536688900886
1213,100,0.02547078169537367
1214,100,0.025504675771165126
1215,100,0.025316346432261223
1216,100,0.02518361043592838
1217,100,0.025400129941768285
1218,100,0.025892950541136883
1219,100,0.025340669023464844
1220,100,0.02522234393333998
1221,100,0.025126259463926853
1222,100,0.025331810327970064
1223,100,0.024773469364985333
1224,100,0.025886395269039696
1225,100,0.025734947153375806
1226,100,0.02535139898936479
1227,100,0.02524240621594441
1228,100,0.025081715134607385
1229,100,0.024919389161826
1230,100,0.025824630333258974
1231,100,0.02559599917537103
1232,100,0.024834992349102115
1233,100,0.02533679561965414
1234,100,0.025340792236403266
1235,100,0.025534136262404854
1236,100,0.025684172478241216
1237,100,0.02518745457208798
1238,100,0.026143275741175594
1239,100,0.025468332184738693
1240,100,0.025562114699797474
1241,100,0.025355768916607235
1242,100,0.02524063177214612
1243,100,0.025362676349238555
1244,100,0.025548789375984787
1245,100,0.02603007236677503
1246,100,0.0257976003664851
1247,100,0.025467367547375115
1248,100,0.024698192688631892
1249,100,0.025640304879374565
1250,100,0.026036141886535687
1251,100,0.025113998382617155
1252,100,0.02525705233673653
1253,100,0.025794021210657367
1254,100,0.025216534502780944
1255,100,0.02529049851776628
1256,100,0.025560469557319377
1257,100,0.025510894810252024
1258,100,0.025654902421765352
1259,100,0.025498955705442906
1260,100,0.025347829634487236
1261,100,0.02573830466144955
1262,100,0.025593023771537503
1263,100,0.0258396295078973
1264,100,0.025222185788828996
1265,100,0.02527269153523157
1266,100,0.02538254582392223
1267,100,0.026082642820421297
1268,100,0.025394654053833076
1269,100,0.025887941269028703
1270,100,0.0249219348022405
1271,100,0.02490611495298819
1272,100,0.02541588384294615
1273,100,0.025666115124339712
1274,100,0.025257599655332367
1275,100,0.024983935328065875
1276,100,0.025215418310606457
1277,100,0.025553635750510013
1278,100,0.025408438611264572
1279,100,0.0253512460247539
1280,100,0.026164070723095192
1281,100,0.025315709872222588
1282,100,0.02546869444464433
1283,100,0.025301608777147815
1284,100,0.024832602189762666
1285,100,0.025574111990148415
1286,100,0.024898786295257182
1287,100,0.025668539821327684
1288,100,0.02568803408799554
1289,100,0.02580486493979023
1290,100,0.025834813690888657
1291,100,0.02490223797498535
1292,100,0.024969687666913508
1293,100,0.02477509744524493
1294,100,0.025504071760746656
1295,100,0.025789801296935536
1296,100,0.02600711211935815
1297,100,0.025661605043790472
1298,100,0.02603186258804526
1299,100,0.02519887562766234
1300,100,0.02500654060468525
1301,100,0.02500770132071944
1302,100,0.02502439596100846
1303,100,0.025821237766400846
1304,100,0.025709840215672054
1305,100,0.025097657606044273
1306,100,0.02538350261981756
1307,100,0.025231033319545005
1308,100,0.02539608017213561
1309,100,0.02518682427470364
1310,100,0.025462068934553585
1311,100,0.02547537429762127
1312,100,0.025120034885569173
1313,100,0.02544459988882155
1314,100,0.025481799881563447
1315,100,0.024989419441760266
1316,100,0.025045433107374268
1317,100,0.02545056133854568
1318,100,0.025707434344521916
1319,100,0.025608031816261777
1320,100,0.025106147480301048
1321,100,0.025303502474013743
1322,100,0.025230210466725734
1323,100,0.024943050163376043
1324,100,0.025110267359803876
1325,100,0.025196256000938676
1326,100,0.025814496936710448
1327,100,0.025504770690976574
1328,100,0.025245180196096183
1329,100,0.025363715795893985
1330,100,0.02545341432276492
1331,100,0.025317789687893867
1332,100,0.025014342479422844
1333,100,0.024949996706226447
1334,100,0.025787582457778485
1335,100,0.025071169799573953
1336,100,0.025650584857492754
1337,100,0.02512517375761723
1338,100,0.025550186643065263
1339,100,0.02510829382970502
1340,100,0.02520575654172904
1341,100,0.025149243245672942
1342,100,0.025502161482550748
1343,100,0.024918485510970874
1344,100,0.025741322282024356
1345,100,0.025784343183204935
1346,100,0.02518497593468678
1347,100,0.025103358315741574
1348,100,0.025419162397031143
1349,100,0.025412806829825853
1350,100,0.02550472699277565
1351,100,0.02576459080871612
1352,100,0.02550569359864999
1353,100,0.025841281560590602
1354,100,0.025314482702787564
1355,100,0.025109955668264135
1356,100,0.025613466948316087
1357,100,0.025199443948265836
1358,100,0.02574004726258711
1359,100,0.025405202841333508
1360,100,0.02505035614518161
1361,100,0.025354204529771183
1362,100,0.025340374186688164
1363,100,0.025278497722925928
1364,100,0.025476217243830673
1365,100,0.02608255250490484
1366,100,0.025087039617705535
1367,100,0.026224379352764653
1368,100,0.025713117198052388
1369,100,0.025475994936020076
1370,100,0.02541443682547118
1371,100,0.025775606369968562
1372,100,0.025354176740270736
1373,100,0.025610442395328323
1374,100,0.025413308993046536
1375,100,0.025307132114736435
1376,100,0.024889295031168164
1377,100,0.025414825337910577
1378,100,0.0258474092764509
1379,100,0.02553168370090011
1380,100,0.025808502897269
1381,100,0.025686910908342516
1382,100,0.025141817034439955
1383,100,0.02555252722230242
1384,100,0.02539698884176317
1385,100,0.02557014244957423
1386,100,0.025454621615836025
1387,100,0.025372821557469595
1388,100,0.025728783528408614
1389,100,0.025283553211548748
1390,100,0.024923374170764744
1391,100,0.025207130364165033
1392,100,0.02503153583158149
1393,100,0.02562038917343217
1394,100,0.025301869389896266
1395,100,0.025718355995770648
1396,100,0.02541811749276449
1397,100,0.025549835277537323
1398,100,0.025365172859002152
1399,100,0.025611243267342893
1400,100,0.02522412659810623
1401,100,0.025630222720801236
1402,100,0.024902835796223648
1403,100,0.02540983995956332
1404,100,0.025351551162424636
1405,100,0.025555061542183174
1406,100,0.025106807144771662
1407,100,0.02471557597231721
1408,100,0.026196463950044987
1409,100,0.025348463187303324
1410,100,0.02541625883189435
1411,100,0.025243607532983624
1412,100,0.025199365112845065
1413,100,0.025451061835217455
1414,100,0.02557583731485654
1415,100,0.025671780947820428
1416,100,0.025191524799626195
1417,100,0.025557243621996382
1418,100,0.02545950568891428
1419,100,0.025365300768502276
1420,100,0.02541997810516881
1421,100,0.02538574325937691
1422,100,0.025551872469466212
1423,100,0.025950682875808775
1424,100,0.02552235955107634
1425,100,0.025233485407393026
1426,100,0.024998673051237225
1427,100,0.02516276557948293
1428,100,0.025522813569420908
1429,100,0.025641141823547608
1430,100,0.025196948345620706
1431,100,0.02492183482686414
1432,100,0.025002976541180885
1433,100,0.02500244843418556
1434,100,0.025521236005525878
1435,100,0.02493925806760346
1436,100,0.02516968092118196
1437,100,0.025544148973981076
1438,100,0.025356463766378356
1439,100,0.025163318572595888
1440,100,0.025803919155930288
1441,100,0.026025703983792517
1442,100,0.02528681237587463
1443,100,0.02576956078245571
1444,100,0.024695629311775744
1445,100,0.025585336747695878
1446,100,0.02488952551835176
1447,100,0.025111856544193886
1448,100,0.025723559531718003
1449,100,0.02543590269803628
1450,100,0.02534262501673854
1451,100,0.02598571498408586
1452,100,0.02589901761226666
1453,100,0.025122187266135892
1454,100,0.025289356360915064
1455,100,0.024981796742752874
1456,100,0.025166758327943514
1457,100,0.025552064895410797
1458,100,0.025396324119155878
1459,100,0.025163972348400662
1460,100,0.025669496213382992
1461,100,0.02484946363729134
1462,100,0.025547018170852673
1463,100,0.02508543724243293
1464,100,0.025291235165448133
1465,100,0.024911474884240586
1466,100,0.0253896745549857
1467,99,0.0252499894931597
1468,99,0.024861002591502125
1469,99,0.024667745335716265
1470,99,0.02493591220723069
1471,99,0.02478879992939161
1472,99,0.02546223553533747
1473,99,0.025184228164572827
1474,99,0.02586432410343962
1475,99,0.025042490558064505
1476,99,0.025356472448356638
1477,99,0.0254351808247374
1478,99,0.025414773633992308
1479,99,0.025214936366012474
1480,99,0.025374530270588492
1481,99,0.02461315084374245
1482,99,0.024743438127107224
1483,99,0.024917357443111767
1484,99,0.025056338610778193
1485,99,0.025593671259574152
1486,99,0.025178082378519703
1487,99,0.025103841209904946
1488,99,0.02577719573574375
1489,99,0.0251940005294638
1490,99,0.025212460347582975
1491,99,0.02504318534588474
1492,99,0.025345188955053204
1493,99,0.02500954262304354
1494,99,0.02551963319953292
1495,99,0.025694687942803315
1496,99,0.02541819288187741
1497,99,0.024769050903373956
1498,99,0.024964903302774663
1499,99,0.02544270139515726
1500,99,0.025211900044360476
1501,99,0.02548208212156129
1502,99,0.024541889250014555
1503,99,0.025034539220579164
1504,99,0.024543273635240066
1505,99,0.02556831087702215
1506,99,0.024787318910963117
1507,99,0.025585798128139745
1508,99,0.025305715418650374
1509,99,0.0255123177725406
1510,99,0.024769080025429133
1511,99,0.02553470034090508
1512,99,0.02554714765258629
1513,98,0.025458070770312393
1514,98,0.025309281190377335
1515,98,0.02495924305681435
1516,98,0.024706103199705995
1517,97,0.025659038443517093
1518,97,0.025013652163351954
1519,97,0.02473504166908199
1520,97,0.025067290037784556
1521,97,0.024802459012810033
1522,97,0.02512797497988245
1523,97,0.024496471421666038
1524,97,0.024779376070013733
1525,97,0.02475593994636553
1526,97,0.02460850964469152
1527,97,0.0250129146320931
1528,97,0.02464486251252578
1529,97,0.025099955803082788
1530,97,0.02477801935083835
1531,97,0.0251177522148062
1532,97,0.024881476628364846
1533,97,0.024569363633586087
1534,97,0.024759821910829247
1535,97,0.02494802568653664
1536,97,0.024868021177167562
1537,97,0.025044453743737812
1538,97,0.024474899667996392
1539,97,0.02511243018186806
1540,97,0.024204748043676713
1541,97,0.02487501550327761
1542,97,0.02532841507571404
1543,97,0.024732210334107402
1544,97,0.024919109807743832
1545,97,0.02497603957568792
1546,97,0.024236560984148153
1547,97,0.024807252306907078
1548,97,0.02544998354399798
1549,97,0.024720155659228464
1550,97,0.024907689925595604
1551,97,0.024832153055731172
1552,97,0.02505885941613551
1553,97,0.024961791281530782
1554,97,0.02437902475860416
1555,97,0.024948480721576974
1556,97,0.024617240064416675
1557,97,0.024569502690082817
1558,97,0.02493330958033977
1559,96,0.02556163176594461
1560,96,0.024793181019611307
1561,96,0.02514443732468071
1562,96,0.025096257122885948
1563,96,0.024447956353582316
1564,96,0.024257204396323784
1565,96,0.024312527251203607
1566,96,0.024478332972647513
1567,96,0.02399504478810543
1568,96,0.024660293998504182
1569,96,0.02401150269016252
1570,96,0.024543614300599106
1571,96,0.024389058443271373
1572,96,0.02476357346556902
1573,96,0.0245903220085786
1574,96,0.023807819859456764
1575,96,0.02416028895688326
1576,96,0.02488191584609581
1577,96,0.025104339973753925
1578,96,0.024216410759218397
1579,96,0.02414853276856742
1580,96,0.024797415440908733
1581,96,0.02405840095109314
1582,96,0.024252817827641538
1583,96,0.023829419257360963
1584,96,0.024447488033646065
1585,96,0.02527123667203667
1586,96,0.024694654873330214
1587,96,0.02470941777373943
1588,96,0.024108674065410566
1589,96,0.02499855789452551
1590,96,0.024779231365922236
1591,96,0.024477165065826735
1592,96,0.024439747972633416
1593,96,0.024637730745207687
1594,96,0.02384424476695373
1595,96,0.02485666798934294
1596,96,0.025407218043017155
1597,96,0.024200581519893377
1598,96,0.024100994454737967
1599,95,0.0252280392246387
1600,95,0.02411644677816314
1601,95,0.024163272412936705
1602,95,0.023777480174533756
1603,95,0.024367319002752116
1604,95,0.024160919517312154
1605,95,0.02459036015130639
1606,95,0.024309040673439707
1607,95,0.02388867799672311
1608,95,0.024537597715095776
1609,95,0.02448280681910011
1610,95,0.024122898816415106
1611,95,0.02373441274879958
1612,94,0.02435606783583673
1613,94,0.023657252008941934
1614,94,0.024696814823656134
1615,94,0.02448078857817058
1616,94,0.024086184974524864
1617,94,0.024581623454182324
1618,94,0.02391515734178973
1619,94,0.023463964398247276
1620,94,0.024462770719842916
1621,94,0.023981836274945118
1622,94,0.02467883765062947
1623,94,0.02389808414026544
1624,94,0.02405948136384494
1625,94,0.024527827526212225
1626,94,0.024498958392594167
1627,94,0.023800103226019033
1628,94,0.023900198203628917
1629,94,0.024115114135978638
1630,94,0.023860652418944937
1631,94,0.02424193606213494
1632,94,0.024220139747124152
1633,94,0.024019157620814087
1634,94,0.023831726365276695
1635,94,0.024306458310459123
1636,94,0.02376199028291606
1637,94,0.023932479413546186
1638,94,0.02356061597574241
1639,94,0.024454246890881708
1640,94,0.025256575402428184
1641,94,0.0240155983556615
1642,94,0.02412392482419932
1643,94,0.023772139479237824
1644,94,0.02498644393037577
1645,94,0.024226081428871348
1646,94,0.02392408931188822
1647,94,0.02449768712176107
1648,94,0.023592442250857926
1649,94,0.025178611040016636
1650,94,0.02423208951374075
1651,94,0.02460823668049347
1652,94,0.023751359245773672
1653,94,0.024484056763292152
1654,94,0.024190527756468683
1655,94,0.02463971148934217
1656,94,0.023730926260236464
1657,94,0.024877013975175322
1658,94,0.024156209106979513
1659,93,0.0239058387185405
1660,93,0.02400205609867315
1661,93,0.023531658451902533
1662,93,0.023439247155192185
1663,93,0.02424178299436443
1664,93,0.02432957057843987
1665,93,0.02404232178792776
1666,93,0.023647276958187764
1667,93,0.02366426217192413
1668,93,0.02381029483898951
1669,93,0.023446817352296787
1670,93,0.023764259981005058
1671,93,0.02417244866298153
1672,93,0.024037008711670683
1673,93,0.02394863829011654
1674,93,0.02451828920529557
1675,93,0.02371963477406623
1676,93,0.02390585558234209
1677,93,0.023391882581226486
1678,93,0.024012404087578185
1679,93,0.0241549265659263
1680,92,0.02412297971770168
1681,92,0.023600368858010708
1682,92,0.023939869328734677
1683,92,0.02361513000840733
1684,92,0.0238785670312333
1685,92,0.023557153545675846
1686,92,0.02397879584655626
1687,92,0.023483499299880535
1688,92,0.024157938912175256
1689,91,0.024400233967870784
1690,91,0.02328484042114932
1691,91,0.02298894888221474
1692,91,0.02367092219825274
1693,91,0.02393528075962702
1694,91,0.02323108349830645
1695,91,0.023534519008703857
1696,91,0.022972621903683054
1697,91,0.02305661291336981
1698,90,0.02343289004216437
1699,90,0.02346007289043648
1700,90,0.02352537964634517
1701,90,0.023677023395406612
1702,90,0.02344841379181644
1703,90,0.022613229063221142
1704,90,0.022911800552344423
1705,90,0.02309733225359097
1706,90,0.023356964831681128
1707,90,0.023456296199886126
1708,90,0.022978763266305227
1709,90,0.02308942499938386
1710,90,0.02366267363375692
1711,90,0.024177776387315858
1712,90,0.02349382774140361
1713,89,0.023183422461909842
1714,89,0.022957745598528024
1715,89,0.02290811869508452
1716,89,0.02292708334429682
1717,89,0.023190916270245623
1718,89,0.02294757770512997
1719,89,0.02354682867728001
1720,89,0.02294983347970103
1721,89,0.02311158260906023
1722,89,0.022805966280979025
1723,89,0.023138853499589003
1724,89,0.023056646958762857
1725,89,0.02369989028279411
1726,89,0.022682871256594867
1727,89,0.022453199256949826
1728,89,0.02278333700206179
1729,89,0.022934661642433882
1730,89,0.022756316398846795
1731,89,0.022583086940906112
1732,89,0.02315844119294332
1733,89,0.02321787600519591
1734,89,0.02258239372077432
1735,89,0.02302022006784677
1736,89,0.023053955032773018
1737,89,0.02262908429178757
1738,89,0.023073424380957733
1739,89,0.02279322393512374
1740,89,0.022866521053339185
1741,89,0.023025967083322774
1742,89,0.02301210612667374
1743,89,0.023156647996286115
1744,88,0.022881131980904607
1745,88,0.02256136686680533
1746,88,0.02280554386553226
1747,88,0.022321087014948084
1748,88,0.022945572127162812
1749,88,0.023121855056419446
1750,88,0.02354885401744638
1751,88,0.022713438203212744
1752,88,0.022642950288028298
1753,88,0.02270343967370771
1754,88,0.023219490175434832
1755,88,0.022745828750196186
1756,88,0.02332444344116024
1757,88,0.022788032631007666
1758,88,0.022993176286933464
1759,88,0.022923400929281485
1760,88,0.022456327184680512
1761,88,0.02234189420022656
1762,88,0.023461209993069193
1763,88,0.02239480886906313
1764,88,0.023374342092520622
1765,88,0.02343087939312479
1766,88,0.022297417539892426
1767,88,0.023183944985363296
1768,88,0.022867259399646653
1769,88,0.022655099213634282
1770,88,0.022844402648150675
1771,88,0.02281345458708483
1772,88,0.022867498389352023
1773,88,0.02331024521070803
1774,87,0.02250677779065731
1775,87,0.022543043348978765
1776,87,0.022819473870785163
1777,87,0.022691568647551095
1778,87,0.02271341125402192
1779,87,0.022033716114759707
1780,87,0.02267961009021973
1781,87,0.02286266212056407
1782,87,0.02265540176745684
1783,87,0.02284824056611353
1784,87,0.022279905339610353
1785,87,0.02226930109609751
1786,87,0.02237943674427289
1787,87,0.022035610122248632
1788,87,0.022389086797313933
1789,87,0.02243409315108162
1790,87,0.022290589421275243
1791,87,0.022475316025683555
1792,87,0.02223365607678784
1793,87,0.022368708224323457
1794,87,0.022733909211450905
1795,87,0.021780813308885566
1796,87,0.022569942039138424
1797,86,0.022809311870306326
1798,86,0.0228020892970636
1799,86,0.022431241832261993
1800,86,0.022545283875111382
1801,86,0.022319560321495152
1802,86,0.02229345529855376
1803,86,0.02270560606519296
1804,86,0.021977791781525563
1805,86,0.0225397298451726
1806,86,0.022060158404254564
1807,86,0.02226340245488123
1808,86,0.022279443146236554
1809,86,0.022579036777735734
1810,86,0.0224781723840903
1811,86,0.022580838966080506
1812,86,0.022825617634760705
1813,86,0.02252723403615525
1814,86,0.02180660229515926
1815,86,0.022797866825403277
1816,86,0.02238576123596993
1817,86,0.02216358178801962
1818,86,0.022806949149499767
1819,86,0.02283581250590043
1820,86,0.023546532218376895
1821,86,0.022297365053166478
1822,86,0.02230978087202939
1823,86,0.021451901846537048
1824,86,0.022383403892170868
1825,85,0.022163727516883374
1826,83,0.022403872844341328
1827,83,0.021423212350169113
1828,83,0.021422891575607984
1829,83,0.02170331269114872
1830,83,0.02151657884078948
1831,83,0.021941239936164876
1832,83,0.021815393183452804
1833,83,0.021637264630182233
1834,83,0.021990563684516327
1835,83,0.02207454873838914
1836,83,0.021126038977988138
1837,83,0.022071001337630514
1838,83,0.02129248261516406
1839,83,0.022198937115500347
1840,83,0.021325895991406073
1841,83,0.02166881309646463
1842,83,0.022121868316588713
1843,83,0.022091259833786802
1844,83,0.021962272094373333
1845,83,0.021229112162079504
1846,83,0.021386867358979968
1847,83,0.02185964914068418
1848,83,0.02143974952616914
1849,82,0.02204950299139715
1850,82,0.021503653995663143
1851,82,0.021083342395853036
1852,82,0.022246427534377496
1853,82,0.020981196946330518
1854,82,0.021189781372638633
1855,82,0.021548118108942558
1856,82,0.02190888564737048
1857,82,0.020950455533077915
1858,82,0.021097375140158855
1859,82,0.02124213013286048
1860,82,0.02232199809515583
1861,82,0.021933759676333184
1862,82,0.020980805849744103
1863,82,0.022223482285036605
1864,82,0.02193393092799002
1865,82,0.021555474585026192
1866,82,0.02147126099700647
1867,82,0.021258724864274135
1868,82,0.021131470371251276
1869,82,0.021402235308295152
1870,82,0.021275387445517942
1871,82,0.02133221953522851
1872,82,0.021593435460091567
1873,82,0.021076101092851976
1874,82,0.021699135309762564
1875,82,0.021145419468299766
1876,82,0.021760266478598876
1877,82,0.021187628088253044
1878,82,0.021652659963291472
1879,82,0.021346575597016488
1880,82,0.0221710477978529
1881,82,0.0219498420636024
1882,82,0.021598658611717093
1883,82,0.021622834661448955
1884,82,0.021854768543301786
1885,82,0.02153489248401904
1886,82,0.02155156926475199
1887,82,0.021663320126874754
1888,82,0.02157034001587401
1889,82,0.02131538341407894
1890,82,0.02109156861373113
1891,82,0.02196375305317172
1892,82,0.0212458920235261
1893,82,0.021365294528956427
1894,82,0.021416623143987356
1895,82,0.021275852093711498
1896,82,0.021836338593844703
1897,82,0.02114546061399068
1898,82,0.021552804096670257
1899,82,0.022185635285902647
1900,82,0.021665192143809804
1901,82,0.021505575046971277
1902,82,0.021740847147610345
1903,82,0.02162912976599153
1904,82,0.02213133081727789
1905,82,0.021638085470064294
1906,82,0.021630414009854874
1907,82,0.021264864203231846
1908,82,0.022159065112428215
1909,82,0.02186699454737422
1910,82,0.021739801934063687
1911,82,0.02108048735999653
1912,82,0.02203664774385883
1913,82,0.021020822261147057
1914,82,0.021578139575138815
1915,82,0.022038522285104653
1916,82,0.021378462917787222
1917,82,0.02141242920755952
1918,82,0.021887168605046293
1919,82,0.020843488007500837
1920,82,0.021408832321911275
1921,82,0.021490630623149327
1922,82,0.021860908517073
1923,82,0.02148825482865789
1924,82,0.021503296093042128
1925,82,0.021392947443195923
1926,82,0.022122530484255304
1927,82,0.021844744056916263
1928,82,0.021287587149116164
1929,82,0.021073677320019094
1930,82,0.02168571876327305
1931,82,0.021763270890436157
1932,82,0.021333138310535328
1933,82,0.022094614884501013
1934,82,0.021587383489728405
1935,82,0.02207717512779542
1936,82,0.02198574000694847
1937,82,0.021594779208531308
1938,82,0.021693261297509103
1939,82,0.021677130757293335
1940,82,0.02126610006726183
1941,82,0.021665383901460104
1942,82,0.022065849623964115
1943,82,0.02164380138667935
1944,82,0.021014269517848554
1945,82,0.02118120481918304
1946,82,0.021933512290855894
1947,82,0.02110043083540323
1948,82,0.020987848496018775
1949,82,0.020867006119207103
1950,82,0.02186978842825273
1951,82,0.022187290715338794
1952,82,0.02176954861342412
1953,82,0.021882484816105108
1954,82,0.021787159656235986
1955,82,0.021497148765734952
1956,82,0.021413162414062336
1957,82,0.021324836357580274
1958,82,0.02123067550731684
1959,82,0.021516763266034102
1960,82,0.02150203048523463
1961,82,0.021560488317410743
1962,82,0.021132957950401803
1963,82,0.02154532646189462
1964,82,0.02133514337122877
1965,82,0.021437043423358195
1966,82,0.021227578907069423
1967,82,0.021450019024301333
1968,82,0.02145608219644239
1969,82,0.021367310812419063
1970,82,0.02140122968816642
1971,82,0.02321971794770116
1972,82,0.02141858443929686
1973,82,0.021445226592336115
1974,82,0.02222448833562111
1975,82,0.02153497902187211
1976,82,0.021897762458350997
1977,82,0.021422287622876904
1978,82,0.020960708025124525
1979,81,0.021273397928999196
1980,81,0.021197894956662112
1981,81,0.020594127303599816
1982,81,0.021493417301071804
1983,81,0.020997748036633703
1984,81,0.021098234657196152
1985,81,0.02136336661941255
1986,81,0.02096312970702284
1987,81,0.021657671092963852
1988,81,0.021241138115915114
1989,81,0.02059056244383298
1990,81,0.020805847820425306
1991,81,0.021273185623700407
1992,81,0.02172452296250724
1993,81,0.02119740035908948
1994,80,0.020827910714140127
1995,80,0.02087505533287528
1996,80,0.02155087074681088
1997,80,0.021171607560797633
1998,80,0.02120474973053505
1999,80,0.02115873576012709
2000,80,0.02040130077539501
2001,80,0.021165355125748832
2002,80,0.020867648196561485
2003,80,0.020606568806765015
2004,80,0.020787480713353665
2005,80,0.02095079784766932
2006,80,0.02123337195586967
2007,80,0.020938334582611243
2008,80,0.02159992391882349
2009,79,0.021217997099487032
2010,79,0.021681726513291946
2011,79,0.02071395753129469
2012,79,0.020694180199203615
2013,79,0.021155393317896117
2014,79,0.020811150481720504
2015,79,0.02038799971167309
2016,79,0.020800643431156257
2017,79,0.02040547504435848
2018,79,0.020473572383186027
2019,79,0.021490611463782984
2020,79,0.021254425437828506
2021,79,0.020692496132603794
2022,79,0.02113363342534535
2023,79,0.021328279003554957
2024,79,0.021282697490591997
2025,79,0.020752478763157882
2026,79,0.020325695883761506
2027,79,0.02078137393818201
2028,79,0.02113865569029331
2029,79,0.021200544067907987
2030,79,0.02096749256367691
2031,79,0.02075909180952566
2032,79,0.021438597232189625
2033,79,0.020934164476444084
2034,79,0.021476925940478335
2035,79,0.02081646079384255
2036,79,0.021171668676274256
2037,79,0.021000670881436125
2038,79,0.02100670512951826
2039,79,0.020714910457329472
2040,79,0.021019789762485856
2041,79,0.020956143538784174
2042,79,0.02113745150631811
2043,79,0.02093337896884458
2044,79,0.021459453395015572
2045,77,0.020220925468380474
2046,77,0.020703554505805122
2047,77,0.02018446177060547
2048,77,0.020621609842313367
2049,77,0.02020980357295722
2050,77,0.020961939373948482
2051,77,0.019824911095084125
2052,76,0.020372545225050987
2053,76,0.020016533531321892
2054,75,0.02005735607382387
2055,75,0.01968237181008321
2056,75,0.019546173494526062
2057,75,0.02075554381946997
2058,75,0.019445869435934664
2059,75,0.01977647894144509
2060,75,0.019788774405741193
2061,75,0.019450070073032004
2062,75,0.019203271734990313
2063,75,0.020618082806557404
2064,75,0.020547984592351312
2065,75,0.0201620528044374
2066,75,0.01995989230075093
2067,75,0.019892562904312697
2068,75,0.019753564144443878
2069,75,0.02026446375068426
2070,75,0.0195021401850706
2071,75,0.020010406073148197
2072,75,0.01934706150005071
2073,75,0.01929998345813849
2074,74,0.01930719647709587
2075,74,0.019515592044859285
2076,74,0.019635786478983615
2077,74,0.019854290292060796
2078,74,0.019585305704820706
2079,74,0.019752072420156235
2080,74,0.019801076070882134
2081,74,0.0190169286546036
2082,74,0.019170263243782168
2083,73,0.020116689932169692
2084,73,0.01962359121184691
2085,73,0.01945036535347975
2086,72,0.019985669608046534
2087,72,0.019360377319597222
2088,72,0.019363233114604972
2089,71,0.018776731821201865
2090,71,0.01930761401555042
2091,70,0.019655392490503687
2092,70,0.018938537913648208
2093,70,0.018455946782511376
2094,70,0.018928100292151057
2095,69,0.018627843605903582
2096,69,0.018523644849096337
2097,69,0.018051404695140612
2098,69,0.019203989299366314
2099,69,0.018435124498847925
2100,69,0.019353401335737697
2101,69,0.018594505073749736
2102,68,0.01896279051590014
2103,68,0.019422492490513744
2104,68,0.019224999726134857
2105,68,0.018655433436357637
2106,68,0.018740010114069713
2107,68,0.018159641253716902
2108,68,0.018810074522823052
2109,68,0.017841740774879357
2110,68,0.01882821774709661
2111,68,0.01796457466561615
2112,68,0.01894823445463974
2113,68,0.018721622687768155
2114,68,0.01921391245374095
2115,68,0.018800294178324312
2116,68,0.01915474031971045
2117,68,0.019088557055276147
2118,67,0.019164925060187445
2119,67,0.018023785728232045
2120,67,0.017878248803989492
2121,67,0.01863624599708171
2122,66,0.01900191795283352
2123,66,0.018525872064057803
2124,66,0.018877315287622595
2125,66,0.018465151259288708
2126,66,0.018904320642509118
2127,66,0.02042864918565468
2128,66,0.01863940725381811
2129,66,0.01850735079275996
2130,66,0.017285767910657477
2131,66,0.018488313805480695
2132,66,0.018635295612491876
2133,66,0.018860428629673222
2134,66,0.01833665016349199
2135,66,0.019011047911747563
2136,66,0.018694797623817146
2137,66,0.01942058279187928
2138,66,0.017888669498049493
2139,66,0.018836607715652508
2140,66,0.018203822171680123
2141,66,0.01853965824902722
2142,66,0.018388653912122174
2143,66,0.020453450811710655
2144,66,0.018412655515449388
2145,66,0.019174334304877434
2146,66,0.017427372812052592
2147,66,0.017746251674569995
2148,66,0.018366570045857247
2149,66,0.01748302553231238
2150,66,0.018527161167731437
2151,66,0.019096696998240105
2152,66,0.018545917624377167
2153,66,0.017680031215389233
2154,66,0.017284325951703598
2155,66,0.018560318260908544
2156,66,0.018481768925067334
2157,66,0.01904256356185597
2158,66,0.018769017955738272
2159,66,0.018099509282305526
2160,66,0.017441867835850097
2161,66,0.019531885694535983
2162,66,0.01902006596029399
2163,66,0.01847973716404696
2164,66,0.018738633592707294
2165,66,0.018237599579644086
2166,66,0.019052797815335285
2167,66,0.018399825463227153
2168,66,0.017750409679094963
2169,66,0.018085467572000375
2170,66,0.01744939824918441
2171,66,0.01783936373527023
2172,66,0.018283659010942845
2173,66,0.017681762801008857
2174,66,0.01790171081302664
2175,65,0.018266657973742915
2176,65,0.017489882056044195
2177,65,0.017358886964990907
2178,65,0.01765599985651155
2179,65,0.01828887929589379
2180,65,0.018020055875858917
2181,65,0.018753545766999037
2182,65,0.01789244258023947
2183,65,0.017933011854783125
2184,65,0.018241583403925413
2185,65,0.018516957125932515
2186,65,0.018326188541733537
2187,65,0.017566993307687177
2188,65,0.017205137947538213
2189,65,0.01824003552752755
2190,65,0.01824462346613759
2191,65,0.017700831201630695
2192,65,0.018092659084451516
2193,65,0.01803672608364096
2194,65,0.0177255539502696
2195,65,0.018622994802167708
2196,65,0.017627117687692196
2197,65,0.01880525415348915
2198,64,0.018392896236439513
2199,64,0.01811171940740168
2200,64,0.01822812353640988
2201,64,0.01833801533898122
2202,64,0.01864804415700616
2203,64,0.01908159954789734
2204,63,0.018585328361279022
2205,63,0.017689880471187632
2206,63,0.016693911799498147
2207,63,0.01759911478263326
2208,63,0.01817280330115044
1,100,0.025510088888964146
2,100,0.02559140759027352
3,100,0.025529660599326976
4,100,0.025092008029470314
5,100,0.02511524481013399
6,100,0.025070352813047744
7,100,0.024902378967325084
8,100,0.02518072288036593
9,100,0.02544545906433739
10,100,0.02530840460320477
11,100,0.025367358547857956
12,100,0.025341995731369946
13,100,0.024787123681466943
14,100,0.024903067731245745
15,100,0.02573229433156183
16,100,0.02516149157202468
17,100,0.025448746000680526
18,100,0.025431535559109066
19,100,0.02513756832736705
20,100,0.02490371706588805
21,100,0.02538113674667674
22,100,0.02491221065793101
23,100,0.025521171787854943
24,100,0.02526990009645195
25,100,0.025358708814809193
26,100,0.025318035358720584
27,100,0.02509547194045605
28,100,0.025237321138145734
29,100,0.025553611781141926
30,100,0.025297188266950786
31,100,0.02515011141752317
32,100,0.025342408624691205
33,100,0.02539564022057897
34,100,0.025082366781419455
35,100,0.02491261938180705
36,100,0.025335914945442996
37,100,0.02533123605173336
38,100,0.024736228779947193
39,100,0.024772325218100348
40,100,0.025432307997811574
41,100,0.024905187874917106
42,100,0.025395272805853086
43,100,0.025426029938220587
44,100,0.025308796693620374
45,100,0.025579959406057683
46,100,0.025212519393385983
47,100,0.02453422216023291
48,100,0.02523761365906112
49,100,0.025270274595204735
50,100,0.024601858901139702
51,100,0.02521837981527504
52,100,0.025095912016507276
53,100,0.025086700747943034
54,100,0.02488436836335993
55,100,0.024885830913570283
56,100,0.02540414692689573
57,100,0.02510713023505286
58,100,0.025284103983219296
59,100,0.025254778876965426
60,100,0.025639697838498475
61,100,0.02571117329252789
62,100,0.025587189722940475
63,100,0.025329553035616105
64,100,0.025292754712188014
65,100,0.025088272588499265
66,100,0.025097814235945017
67,100,0.024824222220390258
68,100,0.024963512311238785
69,100,0.02554510830051579
70,100,0.025399675303925288
71,100,0.025260235215798794
72,100,0.02541516897739456
73,100,0.0259274515799945
74,100,0.024911414850564147
75,100,0.025076924219472687
76,100,0.02516597413111825
77,100,0.025623199688570228
78,100,0.025950188905952947
79,100,0.025647524153729843
80,100,0.024986951145082217
81,100,0.02478177713415273
82,100,0.025268507546608913
83,100,0.025271508283499056
84,100,0.025429655296662378
85,100,0.025193986270701515
86,100,0.024676176447245915
87,100,0.024999157930131605
88,100,0.025430354921533994
89,100,0.02493328652378914
90,100,0.0248985018265941
91,100,0.025393512237363795
92,100,0.025405365439842693
93,100,0.02548561486012944
94,100,0.025534262968592136
95,100,0.025245677746598583
96,100,0.0255450844794205
97,100,0.025230590864560243
98,100,0.025110512637573693
99,100,0.0250733475887533
100,100,0.025360072545314902
101,100,0.02523339663258088
102,100,0.025718941471021644
103,100,0.025228028642372544
104,100,0.025008022406020188
105,100,0.02561167516661718
106,100,0.025379248882585494
107,100,0.024766792194867337
108,100,0.02518492329443277
109,100,0.02551871660844094
110,100,0.025299282325393888
111,100,0.025640355904148055
112,100,0.02538901372911875
113,100,0.025313583042225325
114,100,0.025444943391479947
115,100,0.025914337543116343
116,100,0.025629218655572265
117,100,0.02574815168050607
118,100,0.025625020270903406
119,100,0.024916651113616177
120,100,0.025270455841137685
121,100,0.025510178928129568
122,100,0.025365611055315842
123,100,0.02475897287315685
124,100,0.024858702076789738
125,100,0.025390714324181617
126,100,0.024748493936064896
127,100,0.02529430187462679
128,100,0.024994027031378752
129,100,0.025055834298504043
130,100,0.025080689090321562
131,100,0.025159544216597746
132,100,0.0251894522128961
133,100,0.024751435733033043
134,100,0.024893977307261513
135,100,0.02511245470315571
136,100,0.02553313362121534
137,100,0.025206828211987112
138,100,0.024812910523731142
139,100,0.02548478186504602
140,100,0.02524312190851712
141,100,0.025084872740706084
142,100,0.025247333765995247
143,100,0.025150292117783656
144,100,0.02532956271105095
145,100,0.025280298970919428
146,100,0.025358934420394812
147,100,0.025728190956405786
148,100,0.025816964036547745
149,100,0.02562951596251378
150,100,0.02571538902786513
151,100,0.025274380917382152
152,100,0.025787465313835505
153,100,0.025296803225225963
154,100,0.025367437699011734
155,100,0.025362104588282714
156,100,0.025390175241624752
157,100,0.02521290303685443
158,100,0.025241247984279028
159,100,0.025071356510488113
160,100,0.02576254696030255
161,100,0.025157540029177736
162,100,0.02570277726381176
163,100,0.025485097414439363
164,100,0.024988195939508177
165,100,0.02563532774707103
166,100,0.025696428214038534
167,100,0.025304720610421962
168,100,0.025049710517848458
169,100,0.02537279897200403
170,100,0.025399444976756804
171,100,0.02540679347164981
172,100,0.02559370194290514
173,100,0.025343825635023076
174,100,0.02517083744185339
175,100,0.025310794246891553
176,100,0.02516084954488786
177,100,0.025675398739788816
178,100,0.025105990775740123
179,100,0.025478338970987925
180,100,0.02506970249838237
181,100,0.025042581283255365
182,100,0.025408904452608863
183,100,0.025478730425351214
184,100,0.025152983751293878
185,100,0.024810344227158023
186,100,0.025452889181697712
187,100,0.025149163627603423
188,100,0.02498329062562949
189,100,0.02623016781323611
190,100,0.025292735127375534
191,100,0.025182635855490264
192,100,0.024901625193211565
193,100,0.02501489641453024
194,100,0.025413176137183496
195,100,0.025215880967938926
196,100,0.02504377426434557
197,100,0.025411443781527963
198,100,0.025222567130976422
199,100,0.025246116152720086
200,100,0.024970019564065818
201,100,0.02526799456673178
202,100,0.025444141864150862
203,100,0.025132840821722176
204,100,0.02489493861037072
205,100,0.025039374507552965
206,100,0.025070836903540308
207,100,0.025107880995626268
208,100,0.02498290747300073
209,100,0.02538097028441232
210,100,0.025352466001184567
211,100,0.02531431245755553
212,100,0.0252413928374476
213,100,0.02490037637978696
214,100,0.025202624504015846
215,100,0.025368558059516218
216,100,0.024893841366888922
217,100,0.025309850699643387
218,100,0.02628033312857115
219,100,0.025482457653232767
220,100,0.025283597874488358
221,100,0.025158593877299826
222,100,0.025137588565948957
223,100,0.02560447344110767
224,100,0.025609316614011626
225,100,0.025605433679219327
226,100,0.02532738290739126
227,100,0.026371929312230227
228,100,0.02521653457600387
229,100,0.025650022105973565
230,100,0.02531457233814581
231,100,0.025254929876844866
232,100,0.025383550345582196
233,100,0.025628679751762196
234,100,0.025269033746465736
235,100,0.025460313885197414
236,100,0.02556830750123371
237,100,0.02521027187631123
238,100,0.02514131284662606
239,100,0.024690355411539255
240,100,0.025489738062570728
241,100,0.024752916630416174
242,100,0.025671826193996782
243,100,0.025449414384559884
244,100,0.025463127898947963
245,100,0.025811495162446744
246,100,0.025506498723478314
247,100,0.02507877953043752
248,100,0.02569213127839091
249,100,0.025293250494885445
250,100,0.025261772034894162
251,100,0.02560697500962855
252,100,0.025359006922917825
253,100,0.02516302838888005
254,100,0.0257716550225414
255,100,0.025500249032393833
256,100,0.025531219362564053
257,100,0.0255087205986631
258,100,0.025642434698433376
259,100,0.025066323410564854
260,100,0.025182914639364305
261,100,0.02594968378560533
262,100,0.025676248163723707
263,100,0.02559724749812696
264,100,0.02529903959598343
265,100,0.025779644763482983
266,100,0.025042077244700943
267,100,0.02541743292139004
268,100,0.025380766701584012
269,100,0.025890891503542526
270,100,0.025341754754394145
271,100,0.025157733799051712
272,100,0.025201243211666797
273,100,0.025270545639063467
274,100,0.025596204592291907
275,100,0.025089075812987284
276,100,0.025300875938379035
277,100,0.02508579808708333
278,100,0.025335950539023936
279,100,0.025551005499122148
280,100,0.02502683504847378
281,100,0.025292539789669968
282,100,0.02575581740587585
283,100,0.024870508496823363
284,100,0.025560639756726396
285,100,0.025347790641010517
286,100,0.025121006038184308
287,100,0.025528622270920183
288,100,0.025403701755977243
289,100,0.02484611248168085
290,100,0.025422352945841793
291,100,0.025547789574764185
292,100,0.02478905382638456
293,100,0.02511266409843564
294,100,0.025417525151191302
295,100,0.024964373942219124
296,100,0.025575662573524553
297,100,0.025686322094646462
298,100,0.02547332263176909
299,100,0.025380322919310423
300,100,0.025572051417214414
301,100,0.025655803404310715
302,100,0.024796693042360107
303,100,0.024954593248454393
304,100,0.024849775460848246
305,100,0.025061591504973103
306,100,0.025431387152411028
307,100,0.02554970481446523
308,100,0.025801749598237833
309,100,0.02497594955295868
310,100,0.02511346205986225
311,100,0.025219195710554875
312,100,0.025420273513238847
313,100,0.025549728996637436
314,100,0.02562433792160715
315,100,0.02518891223727225
316,100,0.02530975690599679
317,100,0.025340283894794088
318,100,0.025465082056601786
319,100,0.025377566626315285
320,100,0.024621489502569115
321,100,0.024948922915673917
322,100,0.02540081416211494
323,100,0.02470000901629823
324,100,0.024966296808919028
325,100,0.025166631324073176
326,100,0.02551706746306863
327,100,0.025731518484021953
328,100,0.025055204688254392
329,100,0.025377038513597672
330,100,0.025103672105441583
331,100,0.025384349783047374
332,100,0.02498527959331197
333,100,0.02514750674071112
334,100,0.025265770377049978
335,100,0.025707642435240475
336,100,0.025304129618824257
337,100,0.025294376780709796
338,100,0.02535040121560866
339,100,0.024870652145380815
340,100,0.02638542523786274
341,100,0.025409357491245302
342,100,0.025503285207366444
343,100,0.025621567359132246
344,100,0.025106698007730906
345,100,0.02533061003071985
346,100,0.025148231409071426
347,100,0.02541725977542506
348,100,0.025000361822365008
349,100,0.025159678234537356
350,100,0.025374076634189283
351,100,0.025283361829925015
352,100,0.02528756746237441
353,100,0.02537584752272562
354,100,0.02517269502413598
355,100,0.025526139850569427
356,100,0.025575001893627262
357,100,0.025315690324572312
358,100,0.025123015973441055
359,100,0.025246949107817128
360,100,0.02525259828531288
361,100,0.025391198315552303
362,100,0.025374196832767107
363,100,0.02478606652145101
364,100,0.02550116476595362
365,100,0.025382848043862923
366,100,0.02496465346353626
367,100,0.02532490269850985
368,100,0.02518275120285311
369,100,0.025405670761970502
370,100,0.02541594222797739
371,100,0.025490537013800347
372,100,0.02488505323551129
373,100,0.025229595872894663
374,100,0.025502485904922725
375,100,0.025372806225113245
376,100,0.025383221143663173
377,100,0.02516880769532276
378,100,0.025664502442721324
379,100,0.025134708163546605
380,100,0.02574641354460848
381,100,0.025168269681091895
382,100,0.024988609984384187
383,100,0.025441430620369822
384,100,0.025355032449356146
385,100,0.024558975955853247
386,100,0.025992535477589472
387,100,0.0252362656236632
388,100,0.025330744986419546
389,100,0.025148306887727817
390,100,0.025512003665426913
391,100,0.025266737501466113
392,100,0.025075122518963173
393,100,0.02471138980191937
394,100,0.02554110376825286
395,100,0.025521466281107748
396,100,0.025933769205157532
397,100,0.024747845916082183
398,100,0.025284292602580624
399,100,0.025111092553299543
400,100,0.02588565192162148
401,100,0.025341845625747546
402,100,0.02562445403011636
403,100,0.025134509609797177
404,100,0.02519386230354788
405,100,0.025036671341467098
406,100,0.02547082230819741
407,100,0.02543905294340294
408,100,0.025139866565418785
409,100,0.024831989459672014
410,100,0.02521817522819343
411,100,0.02501417735464784
412,100,0.024927421515461144
413,100,0.02579231109552551
414,100,0.025829653053448136
415,100,0.025591405001639953
416,100,0.02497328101876425
417,100,0.025179737215162295
418,100,0.025482512501035847
419,100,0.025145659031485548
420,100,0.025784494434166756
421,100,0.025366615581804818
422,100,0.025599589260631713
423,100,0.025058446410500913
424,100,0.02551616334108554
425,100,0.02540209410443807
426,100,0.02568237021599134
427,100,0.025406717028145235
428,100,0.025238521285861168
429,100,0.025133092471529533
430,100,0.02558789961224921
431,100,0.025023075788296198
432,100,0.025112257008419098
433,100,0.02585048783770947
434,100,0.024978508434183384
435,100,0.024993942335328184
436,100,0.0253847251294489
437,100,0.02554089912473583
438,100,0.025486415316392393
439,100,0.02550279660271124
440,100,0.025030929313095626
441,100,0.025602068600553883
442,100,0.024811238699856603
443,100,0.025166268429436735
444,100,0.025797927091931128
445,100,0.025404415088189157
446,100,0.025004766208166572
447,100,0.025604511185052487
448,100,0.025739384379684625
449,100,0.025071123837905333
450,100,0.02581025482422999
451,100,0.02545911588207853
452,100,0.025434365301279266
453,100,0.02495033783478023
454,100,0.02496432358322861
455,100,0.025155412553079026
456,100,0.025080393589787354
457,100,0.02517074640206237
458,100,0.02565052039587401
459,100,0.025373743827434965
460,100,0.025190544475029414
461,100,0.02506390352867908
462,100,0.025024929599841872
463,100,0.02550461256388235
464,100,0.02532142013079981
465,100,0.02505552092158886
466,100,0.02559635561389645
467,100,0.025087994588695924
468,100,0.02506200008932116
469,100,0.025158063132568957
470,100,0.024918364578435003
471,100,0.025369168692791065
472,100,0.025005765945779048
473,100,0.024959554215329048
474,100,0.025166202167119713
475,100,0.025607473188990974
476,100,0.025649303100542562
477,100,0.025225491580980662
478,100,0.025093457774310518
479,100,0.024956873682094385
480,100,0.02472839758940603
481,100,0.025523389470851577
482,100,0.025000865204475493
483,100,0.02512472562426818
484,100,0.025931425247354273
485,100,0.024918752088998287
486,100,0.025909514519909665
487,100,0.025595892915654627
488,100,0.025652216008223754
489,100,0.025352473381412773
490,100,0.024954346489904626
491,100,0.025076723088694918
492,100,0.02626919712179466
493,100,0.025184535057159382
494,100,0.0246243969709911
495,100,0.02498315231553666
496,100,0.025255579674616516
497,100,0.025321816985365436
498,100,0.025418097735499752
499,100,0.025065378260134708
500,100,0.025200274786133767
501,100,0.025265696463630208
502,100,0.025481598023214286
503,100,0.025389384924506295
504,100,0.02531330602014077
505,100,0.02513733001401801
506,100,0.025327772626919372
507,100,0.025631158528720506
508,100,0.025282455721089104
509,100,0.024830094328119605
510,100,0.025111647622921816
511,100,0.025488591196066463
512,100,0.02583047022687388
513,100,0.02511947277699981
514,100,0.02542431632320703
515,100,0.025430148423718137
516,100,0.025397859211717926
517,100,0.025416626184485452
518,100,0.02547883730254959
519,100,0.02535787037733875
520,100,0.02534026366735536
521,100,0.025019648355246955
522,100,0.025910467596295214
523,100,0.025074733014020228
524,100,0.025201251027440794
525,100,0.02583502669076035
526,100,0.02529464207819373
527,100,0.024850904253431363
528,100,0.025446119245678755
529,100,0.025168504397021806
530,100,0.025330216119487617
531,100,0.025230010107332085
532,100,0.024732928100399492
533,100,0.025038110526525006
534,100,0.02581323165591567
535,100,0.025727319513755453
536,100,0.025018868072630266
537,100,0.025346813992121586
538,100,0.025058496873108942
539,100,0.02512389338184645
540,100,0.025401122370475038
541,100,0.0254994830829453
542,100,0.02523216141693515
543,100,0.024928331162192917
544,100,0.025290687503842137
545,100,0.02544414297277872
546,100,0.025459212443855933
547,100,0.025420698657477758
548,100,0.025625880030194708
549,100,0.025069055940542824
550,100,0.02500135010492896
551,100,0.025213152201337376
552,100,0.025605551273289867
553,100,0.025524851533284737
554,100,0.025599586927610607
555,100,0.024845362969250894
556,100,0.025629436624552138
557,100,0.025015168059051088
558,100,0.02542589079713704
559,100,0.025174322273515678
560,100,0.02509643973977428
561,100,0.02523070616740173
562,100,0.02566819058552051
563,100,0.025059273056480025
564,100,0.02560330769699493
565,100,0.025520582070841093
566,100,0.025356871977753964
567,100,0.02498541367868947
568,100,0.025590003958674206
569,100,0.025174332349072952
570,100,0.025122853123587866
571,100,0.02533408866809466
572,100,0.025809307422930337
573,100,0.025628308489989666
574,100,0.025623293041818564
575,100,0.025434647217278113
576,100,0.025317497189813472
577,100,0.02537569185227837
578,100,0.025574519393383323
579,100,0.025174325541290794
580,100,0.025771646357315412
581,100,0.02564514879017029
582,100,0.025596466611908276
583,100,0.025437044867481422
584,100,0.025652593158057135
585,100,0.025389860776462988
586,100,0.02552722119210108
587,100,0.02574487225507577
588,100,0.024922631216243024
589,100,0.02507098813210138
590,100,0.02600461604300899
591,100,0.024684836383750308
592,100,0.02501421066480083
593,100,0.02532005908067616
594,100,0.025724503735141742
595,100,0.025669549241341398
596,100,0.02504171329431064
597,100,0.02612175184131625
598,100,0.025254843176020978
599,100,0.02543167715232157
600,100,0.025097160519392904
601,100,0.025242020286862874
602,100,0.025583185471229317
603,100,0.02570651590916842
604,100,0.025591576204064416
605,100,0.025725107702849373
606,100,0.02472832212776584
607,100,0.025874254350473032
608,100,0.024993029564593264
609,100,0.025498140395321497
610,100,0.024964474511059518
611,100,0.025302377910251108
612,100,0.025489986346851456
613,100,0.025232926789831307
614,100,0.025467442749881122
615,100,0.02516604013164354
616,100,0.025869726416880953
617,100,0.025176975706334783
618,100,0.02476156873786577
619,100,0.024715657905331524
620,100,0.024958286688716066
621,100,0.025407472186801786
622,100,0.025915802178580548
623,100,0.025459359066116197
624,100,0.02536671455889565
625,100,0.025089802231019257
626,100,0.025195081043683665
627,100,0.025117265951791756
628,100,0.025594125537800293
629,100,0.025140199954115754
630,100,0.025244544751718438
631,100,0.025762174927106914
632,100,0.025218760643812527
633,100,0.025114237018585436
634,100,0.025660899993022235
635,100,0.0251581449391341
636,100,0.025952168084878532
637,100,0.025488793342814897
638,100,0.026000729853937494
639,100,0.025774745069291536
640,100,0.025439607633695165
641,100,0.025810279876360576
642,100,0.025013792182939875
643,100,0.02503380945561445
644,100,0.025313781154791916
645,100,0.025611931204414712
646,100,0.024945361475084353
647,100,0.025451888655869982
648,100,0.025477125354344047
649,100,0.024984636903198916
650,100,0.025465113966789583
651,100,0.025135884978438324
652,100,0.025542062889614584
653,100,0.02515957829941605
654,100,0.024827108432055017
655,100,0.025297589575024624
656,100,0.025474508987011254
657,100,0.025689794891748847
658,100,0.024519840909633654
659,100,0.025072323081379508
660,100,0.0253761676223477
661,100,0.02469893244873825
662,100,0.024973626494671174
663,100,0.025188173888275663
664,100,0.02536945673075806
665,100,0.025478520139996814
666,100,0.02551452539479611
667,100,0.025599849967607186
668,100,0.025248999480126922
669,100,0.024742375494053125
670,100,0.0251780291625233
671,100,0.02475876263115837
672,100,0.02564026328300248
673,100,0.025361448821866552
674,100,0.02511996336143413
675,100,0.024979753524017975
676,100,0.025191566898205817
677,100,0.02566866338861151
678,100,0.025394554501466344
679,100,0.025625298246711014
680,100,0.025362890369855354
681,100,0.025200679713486118
682,100,0.025362373450668607
683,100,0.024933443774115167
684,100,0.025506947563287134
685,100,0.025790391563440387
686,100,0.02555714736198086
687,100,0.02465842468682626
688,100,0.024804383383200516
689,100,0.024946965867741908
690,100,0.025170665929090404
691,100,0.025822308324102112
692,100,0.025439536995200813
693,100,0.02503088633336599
694,100,0.02483747402520883
695,100,0.02547947981934416
696,100,0.02519640830421625
697,100,0.024729614488822677
698,100,0.025053994182857576
699,100,0.025481721508566476
700,100,0.025451614077181287
701,100,0.025388496226396905
702,100,0.02480752453892468
703,100,0.025134057443277038
704,100,0.025699252095904554
705,100,0.025441015362594986
706,100,0.02554437095049573
707,100,0.025718652358376504
708,100,0.025341391289030943
709,100,0.025198330816084295
710,100,0.024825670746887567
711,100,0.025701762987131855
712,100,0.02478019856786829
713,100,0.025234660617798683
714,100,0.024841024112220948
715,100,0.02562948153602891
716,100,0.024799562938067524
717,100,0.02532843367472853
718,100,0.025247162613561316
719,100,0.025071063428911654
720,100,0.024710655281174644
721,100,0.02525963197108361
722,100,0.025676232749935853
723,100,0.025142008956285888
724,100,0.025304457431409865
725,100,0.02548254177181458
726,100,0.025041226507647906
727,100,0.024903349965671503
728,100,0.025759084208170743
729,100,0.024831195252352774
730,100,0.025432429906356642
731,100,0.024949336418456525
732,100,0.025639187462870812
733,100,0.02480263596430324
734,100,0.025261659265073934
735,100,0.025369698012277227
736,100,0.024856045118992608
737,100,0.02546533577701436
738,100,0.025323843619105897
739,100,0.025642341786322635
740,100,0.025445309300195507
741,100,0.024973238347909436
742,100,0.025808860167513527
743,100,0.0250289709729985
744,100,0.02513164016514865
745,100,0.025485074802234196
746,100,0.0254117800764694
747,100,0.025152827680094372
748,100,0.025673834920436695
749,100,0.025711283832081412
750,100,0.0255289560290723
751,100,0.024907464190218408
752,100,0.02490439319125703
753,100,0.024955862174574957
754,100,0.02506070642878416
755,100,0.025124353862221702
756,100,0.024988555490652552
757,100,0.025074324922898586
758,100,0.024991514541411564
759,100,0.025102120291729754
760,100,0.024991310389717532
761,100,0.02513508510975026
762,100,0.024640026567993814
763,100,0.025590168513828192
764,100,0.02510316015234577
765,100,0.025267649626173797
766,100,0.024873491438705597
767,100,0.025470110402697112
768,100,0.025969651521997452
769,100,0.025385616537341893
770,100,0.02500325221817954
771,100,0.025247100297834377
772,100,0.02507307693086011
773,100,0.025166770301308608
774,100,0.025233764007826353
775,100,0.024879357314783496
776,100,0.024655036375458402
777,100,0.02541222199441651
778,100,0.02516465778450998
779,100,0.025688568109944472
780,100,0.025260246777814334
781,100,0.025646315603763067
782,100,0.02537688824687698
783,100,0.025381658781262778
784,100,0.025109220484749825
785,100,0.02539385574463665
786,100,0.025018434225371273
787,100,0.025323069507917913
788,100,0.025841477697219877
789,100,0.025467814571068236
790,100,0.025513168160574293
791,100,0.02485094210035617
792,100,0.024894378645315456
793,100,0.025593006374696244
794,100,0.02557441940161562
795,100,0.025650478164248633
796,100,0.02567254719250773
797,100,0.025317577108480496
798,100,0.025636225956077337
799,100,0.025306352441117747
800,100,0.02501815376291445
801,100,0.02597841303727737
802,100,0.02549507753134597
803,100,0.025834336184386734
804,100,0.024978516434147193
805,100,0.026036052752924792
806,100,0.025000388605093474
807,100,0.02538615964278286
808,100,0.025301892743779905
809,100,0.02509569452825874
810,100,0.024941801131723403
811,100,0.025710432054598702
812,100,0.025882107956781593
813,100,0.024991303220792665
814,100,0.024348752664641336
815,100,0.025068339057730028
816,100,0.02480903384286092
817,100,0.025923709083945656
818,100,0.0257061888651224
819,100,0.02504467411429504
820,100,0.025337098922696876
821,100,0.025438263423513716
822,100,0.024863335057757598
823,100,0.02507419957362983
824,100,0.025695208860683372
825,100,0.025305540358413647
826,100,0.025644679957296718
827,100,0.02548740077821193
828,100,0.025327944270257294
829,100,0.025298089427512018
830,100,0.024969873059325548
831,100,0.0253511522737368
832,100,0.02485886888417341
833,100,0.025537238577494663
834,100,0.025804141460720697
835,100,0.025429231073592073
836,100,0.025158304870650103
837,100,0.025479419771297793
838,100,0.024946198322017454
839,100,0.024830809433071057
840,100,0.02521852496644818
841,100,0.025588216243589555
842,100,0.025478675442476787
843,100,0.025461358736338213
844,100,0.025332799501687094
845,100,0.025602238375708124
846,100,0.02529054897623306
847,100,0.02488119936454842
848,100,0.02512936473303794
849,100,0.025064856555858325
850,100,0.025113167291461146
851,100,0.024923829408490927
852,100,0.024717298517103255
853,100,0.025693512420209293
854,100,0.02536848865527162
855,100,0.02531381737873793
856,100,0.02551413270863188
857,100,0.02523045192075947
858,100,0.02508655071309445
859,100,0.025097501461177986
860,100,0.02555904308344854
861,100,0.02515006496299157
862,100,0.025250698715325502
863,100,0.026095271442253785
864,100,0.025471527928747514
865,100,0.025458141911749554
866,100,0.02510781999665845
867,100,0.02582281289737476
868,100,0.025479461497402912
869,100,0.025753766589013807
870,100,0.025401419782199487
871,100,0.02539155172347771
872,100,0.02526176923424034
873,100,0.02537958239115109
874,100,0.025113955279911393
875,100,0.025195882240711384
876,100,0.025885848937369126
877,100,0.02483028420109382
878,100,0.025247568681789796
879,100,0.026103380250843366
880,100,0.024972951114224144
881,100,0.024861648813933213
882,100,0.025317165537571237
883,100,0.025600607720531517
884,100,0.025560641935382853
885,100,0.025416791046360947
886,100,0.025080087565610077
887,100,0.02552947807105754
888,100,0.024959360768777382
889,100,0.025102188095213227
890,100,0.02554055793552078
891,100,0.025790231518946955
892,100,0.025804835424596547
893,100,0.025382000968220197
894,100,0.025956339954544442
895,100,0.02497986163263666
896,100,0.025880367287040365
897,100,0.025588453561227346
898,100,0.02531993501915537
899,100,0.024953516093971156
900,100,0.024885314397030452
901,100,0.025336054174994824
902,100,0.025189804130614526
903,100,0.02521718854249845
904,100,0.025420368423775323
905,100,0.025117099052991945
906,100,0.025428456869875587
907,100,0.025407127708392888
908,100,0.026061546436444646
909,100,0.025254340165466172
910,100,0.025681189340524702
911,100,0.0253573426475521
912,100,0.025799817935269795
913,100,0.024951239415563525
914,100,0.025324943736289376
915,100,0.02498623824792971
916,100,0.025136319282798726
917,100,0.025579966199043985
918,100,0.025199607841253673
919,100,0.025275542182181875
920,100,0.025426105540000445
921,100,0.025351921203707693
922,100,0.025692251850367245
923,100,0.0254755196148952
924,100,0.025465540030500215
925,100,0.025373008119052614
926,100,0.02553501276092335
927,100,0.025424762099124844
928,100,0.02556722478476311
929,100,0.025627949926367136
930,100,0.02597696612826912
931,100,0.025036973717257223
932,100,0.025323034234933137
933,100,0.024942415629442244
934,100,0.025767147406075924
935,100,0.02564965965316705
936,100,0.025603963142115792
937,100,0.02569343248348548
938,100,0.025684469092415868
939,100,0.024901380208968052
940,100,0.025296035625811716
941,100,0.025597617640248975
942,100,0.025544348140049543
943,100,0.025467379297760735
944,100,0.025083027092386842
945,100,0.025172439391359575
946,100,0.02496849778345015
947,100,0.02562004458556137
948,100,0.025369710738126765
949,100,0.025201103157704893
950,100,0.025338694953090636
951,100,0.02490390294867782
952,100,0.024929729566034283
953,100,0.024429001912066067
954,100,0.02533323032465034
955,100,0.025707537200744812
956,100,0.02485056261384331
957,100,0.025409990038702247
958,100,0.026054386749314706
959,100,0.025600998342179614
960,100,0.025196129205435784
961,100,0.025310944609866666
962,100,0.025891717012149436
963,100,0.025349427880171253
964,100,0.02529963395613967
965,100,0.025524735594883892
966,100,0.025058745632219815
967,100,0.025400616161734488
968,100,0.024972093405767
969,100,0.025134524537228666
970,100,0.02537256854933064
971,100,0.025890951634216643
972,100,0.02536446294760485
973,100,0.025467462037668864
974,100,0.02510765664528511
975,100,0.025731901280039594
976,100,0.025490953851733254
977,100,0.02529621790712669
978,100,0.025493559407133375
979,100,0.025416464092999295
980,100,0.025378763749207806
981,100,0.025385405438235087
982,100,0.02560164529475193
983,100,0.02547120496335318
984,100,0.025557395457279045
985,100,0.0250691588592953
986,100,0.025490406965180408
987,100,0.02543265331269169
988,100,0.024816815430884872
989,100,0.025916509537595285
990,100,0.02513127800987245
991,100,0.024953008873046776
992,100,0.02556809317729536
993,100,0.02629303282288578
994,100,0.025348752618524133
995,100,0.025444675661169626
996,100,0.02476631435581697
997,100,0.02570359844641191
998,100,0.025238690596904628
999,100,0.025580615080124262
1000,100,0.025372518265283833
1001,100,0.025421579992904522
1002,100,0.025410336089148243
1003,100,0.025369603692707708
1004,100,0.02485165546871744
1005,100,0.024930581925699517
1006,100,0.025515042419505328
1007,100,0.02505183292175765
1008,100,0.025702124373498933
1009,100,0.025084045134812036
1010,100,0.024693822589950135
1011,100,0.02585433040938522
1012,100,0.025202525179014362
1013,100,0.02527691211285544
1014,100,0.025507078685181064
1015,100,0.024942815678743544
1016,100,0.025461845072217975
1017,100,0.02569524275964103
1018,100,0.02530581480990275
1019,100,0.02557798820999524
1020,100,0.024846575909533528
1021,100,0.025355180434344315
1022,100,0.025720477608146105
1023,100,0.025311051986034932
1024,100,0.024713644098828327
1025,100,0.024878462505743455
1026,100,0.025478894080930937
1027,100,0.02492980315247062
1028,100,0.02524491527716468
1029,100,0.02517701156584513
1030,100,0.025086882140014383
1031,100,0.025381847884381487
1032,100,0.02513163798495337
1033,100,0.0252829733820118
1034,100,0.025331142075645113
1035,100,0.025543027276648842
1036,100,0.025610177822160674
1037,100,0.02545141503802208
1038,100,0.025505092123988507
1039,100,0.02531137954804831
1040,100,0.025788685658022607
1041,100,0.025285866449060994
1042,100,0.02559258107010682
1043,100,0.025160888682351817
1044,100,0.025917840136894132
1045,100,0.025255151081532437
1046,100,0.02484730949857905
1047,100,0.025229319248151867
1048,100,0.025215268540524503
1049,100,0.025524550561021108
1050,100,0.02544531859422273
1051,100,0.02518549857242624
1052,100,0.025695585284928754
1053,100,0.025234345141399314
1054,100,0.02522441613877384
1055,100,0.025167967759631694
1056,100,0.025849837666277943
1057,100,0.02519206289928073
1058,100,0.025038814130209742
1059,100,0.024817183129350336
1060,100,0.02564564727604338
1061,100,0.025312345090932737
1062,100,0.025592038575021105
1063,100,0.025490459297705322
1064,100,0.025393202915862313
1065,100,0.025396083453247023
1066,100,0.025330694498588976
1067,100,0.02507909949358452
1068,100,0.025512102395090823
1069,100,0.025300749826568054
1070,100,0.0251617025557599
1071,100,0.0252053117962782
1072,100,0.025096198128629964
1073,100,0.024871875240582157
1074,100,0.025588537909867082
1075,100,0.025601168250265316
1076,100,0.025348452619582133
1077,100,0.025931076823657147
1078,100,0.025873326883440222
1079,100,0.025350110673242138
1080,100,0.02510380576266728
1081,100,0.02451952279568952
1082,100,0.025468016413296157
1083,100,0.02555194989887773
1084,100,0.02475171523076906
1085,100,0.025675028716234213
1086,100,0.02495997674910905
1087,100,0.025406278005408355
1088,100,0.025172086929008235
1089,100,0.025845854537193274
1090,100,0.02523863026907781
1091,100,0.0252059039029707
1092,100,0.02522205310887808
1093,100,0.024903272161647304
1094,100,0.025857600848155835
1095,100,0.025812189755855426
1096,100,0.02578704006516864
1097,100,0.02546857473713693
1098,100,0.024999624359364783
1099,100,0.02484450565512223
1100,100,0.02521473245852326
1101,100,0.024662434878881916
1102,100,0.025217979504768753
1103,100,0.02531419583149535
1104,100,0.02551125392840189
1105,100,0.024897837580268273
1106,100,0.02513564741942402
1107,100,0.02551431993814023
1108,100,0.02536379983753037
1109,100,0.025872259036799315
1110,100,0.02518355092530654
1111,100,0.025320168824056362
1112,100,0.025698576698699495
1113,100,0.02534080170121493
1114,100,0.024893332714183033
1115,100,0.024865310779824096
1116,100,0.025009451960288073
1117,100,0.025211473178473373
1118,100,0.025514581008655727
1119,100,0.025378572608450806
1120,100,0.025904242072892686
1121,100,0.025459904483555982
1122,100,0.025557506390386685
1123,100,0.02554115044825581
1124,100,0.025313421149371202
1125,100,0.025072634353278733
1126,100,0.02538874965233828
1127,100,0.025810153970890422
1128,100,0.02471884805883773
1129,100,0.025821733947108984
1130,100,0.02558362234339258
1131,100,0.024939460608112786
1132,100,0.025156497071291438
1133,100,0.025757745210202677
1134,100,0.025631095687886556
1135,100,0.02505843647065372
1136,100,0.02486903987366898
1137,100,0.02535541619719587
1138,100,0.02555002864072515
1139,100,0.025573275003878702
1140,100,0.025076391897266403
1141,100,0.02499171471931625
1142,100,0.02501764498167968
1143,100,0.025573930032660095
1144,100,0.02521384973098998
1145,100,0.024987802580465915
1146,100,0.025005223410628764
1147,100,0.02566548417674632
1148,100,0.025169879971893606
1149,100,0.02580489184658199
1150,100,0.025839317148036806
1151,100,0.0258769473430439
1152,100,0.02503623072539591
1153,100,0.025477056053838213
1154,100,0.02499488261507191
1155,100,0.025760174812464665
1156,100,0.02577015099091978
1157,100,0.02535367454002181
1158,100,0.024433346182533938
1159,100,0.025642914708388576
1160,100,0.025422250466419286
1161,100,0.02505939612157591
1162,100,0.025717066892354295
1163,100,0.02554770419508913
1164,100,0.02491273010848629
1165,100,0.02570687806518472
1166,100,0.025820756048236217
1167,100,0.025466185847285105
1168,100,0.025435048326111674
1169,100,0.02507532220482417
1170,100,0.0256221145083669
1171,100,0.025621695540825037
1172,100,0.026298267417475693
1173,100,0.02567794228970441
1174,100,0.024973267089889943
1175,100,0.024877102860305988
1176,100,0.025349681280392538
1177,100,0.025712094655536463
1178,100,0.025529768078203226
1179,100,0.024835579236105933
1180,100,0.025311834670301053
1181,100,0.0255236348296187
1182,100,0.02589453855089284
1183,100,0.0257735383908851
1184,100,0.025347166122328887
1185,100,0.025359684281488278
1186,100,0.025504557781421678
1187,100,0.02526764012254229
1188,100,0.025113882375454272
1189,100,0.02523855753478115
1190,100,0.025355577383126278
1191,100,0.025054886521613234
1192,100,0.02537513452491506
1193,100,0.025164336057331024
1194,100,0.02541598829471519
1195,100,0.02581921331203825
1196,100,0.025443781833437058
1197,100,0.025251311768527306
1198,100,0.025876313808277585
1199,100,0.025467802263064585
1200,100,0.025604707113217592
1201,100,0.02521080194492192
1202,100,0.02517595587217841
1203,100,0.025072782550224774
1204,100,0.02565965041321596
1205,100,0.025308758770322168
1206,100,0.026124488874763978
1207,100,0.025675964852166933
1208,100,0.025802658445360324
1209,100,0.02490433034204257
1210,100,0.025309110878330276
1211,100,0.0251212473062159
1212,100,0.02559167773263976
1213,100,0.02468127851631015
1214,100,0.02490358618944626
1215,100,0.02531572195702436
1216,100,0.02562460289644745
1217,100,0.02523395457238303
1218,100,0.025179213595834145
1219,100,0.02523542184275842
1220,100,0.02483003663818193
1221,100,0.025327460135504697
1222,100,0.026012784269761183
1223,100,0.025281256053894724
1224,100,0.025004063110063483
1225,100,0.025669358469424933
1226,100,0.025213992385940593
1227,100,0.025299054656865976
1228,100,0.025393144731063338
1229,100,0.025061474012420204
1230,100,0.025100534298811105
1231,100,0.025085244076816893
1232,100,0.02508693312960747
1233,100,0.02572937802208836
1234,100,0.02455597793875159
1235,100,0.025728705998425697
1236,100,0.02551380077481797
1237,100,0.02540641375257499
1238,100,0.02550154407625007
1239,100,0.02521206796317695
1240,100,0.025062675116035986
1241,100,0.02511966791508479
1242,100,0.025112914114051647
1243,100,0.024987016640322376
1244,100,0.025535088276943358
1245,100,0.025042223354696337
1246,100,0.02552984793994926
1247,100,0.025565677721506263
1248,100,0.025609196730313668
1249,100,0.025806240675556806
1250,100,0.025654089971309312
1251,100,0.025522627378167743
1252,100,0.024844846964146454
1253,100,0.025335494538470053
1254,100,0.025267846439847693
1255,100,0.024718267017497658
1256,100,0.025127246653930308
1257,100,0.0254880084244174
1258,100,0.02566762012704575
1259,100,0.025736730576397325
1260,100,0.026156512862000537
1261,100,0.025464889600840944
1262,100,0.025250929093486824
1263,100,0.02536429679591008
1264,100,0.025197716072513067
1265,100,0.025616608246875776
1266,100,0.025841010070852693
1267,100,0.02535081345304827
1268,100,0.02613112852109712
1269,100,0.025943913997452665
1270,100,0.025178205113325088
1271,100,0.025590326854943148
1272,100,0.025230409230615546
1273,100,0.024991501746605055
1274,100,0.024960294947376074
1275,100,0.0250362659854682
1276,100,0.02521269939183522
1277,100,0.025098272322943895
1278,100,0.025051549256849458
1279,100,0.025579444000935054
1280,100,0.025754448863990635
1281,100,0.025066422107482327
1282,100,0.025763814942222702
1283,100,0.02562486055746738
1284,100,0.025244475082617526
1285,100,0.02590180105684821
1286,100,0.025990701783535713
1287,100,0.0257868804179667
1288,100,0.025297963343810886
1289,100,0.025248326597970806
1290,100,0.02519903431703518
1291,100,0.024958612197838067
1292,100,0.025346627955492765
1293,100,0.02519303229853437
1294,100,0.025115777983566123
1295,100,0.02563239893480146
1296,100,0.025618159666510102
1297,100,0.0255971693780778
1298,100,0.02610854195943799
1299,100,0.026176017904796307
1300,100,0.025400769617891485
1301,100,0.025216014663787166
1302,100,0.025543629514002405
1303,100,0.025052474577075386
1304,100,0.025576833923747995
1305,100,0.02540128948532051
1306,100,0.025128085945882957
1307,100,0.025117465226448712
1308,100,0.025522833116216184
1309,100,0.02516429371600283
1310,100,0.02550911208138358
1311,100,0.025770634402090337
1312,100,0.025006748832176046
1313,100,0.025012786202750797
1314,100,0.02558812617705918
1315,100,0.025706264713362386
1316,100,0.025365187937229337
1317,100,0.025361834764986137
1318,100,0.02594297090337025
1319,100,0.025191818517180293
1320,100,0.025422416797039986
1321,100,0.025395686469507597
1322,100,0.02542206245987682
1323,100,0.025518662943084608
1324,100,0.025348664136068552
1325,100,0.025306470828067168
1326,100,0.02518569783984674
1327,100,0.02546916269444414
1328,100,0.025134796322132256
1329,100,0.024941238988199103
1330,100,0.025521049609230455
1331,100,0.0247199342498549
1332,100,0.025359310240892295
1333,100,0.02570004928580978
1334,100,0.025407167750688065
1335,100,0.02572013698246101
1336,100,0.0254382460253552
1337,100,0.02525202360392686
1338,100,0.025754942493925934
1339,100,0.026135126775138375
1340,100,0.0251764103949475
1341,100,0.02548240764371267
1342,100,0.025215368512177927
1343,100,0.02522879938766143
1344,100,0.02473457526222956
1345,100,0.025624209919027564
1346,100,0.026281633132121916
1347,100,0.025535419685054895
1348,100,0.025725257192959292
1349,100,0.025133123826458995
1350,100,0.02507826759554788
1351,100,0.025654174140186167
1352,100,0.025741567909634958
1353,100,0.025648912316225275
1354,100,0.02543725896268375
1355,100,0.02550682915585012
1356,100,0.02560030011559795
1357,100,0.02588467152234187
1358,100,0.02546159087377388
1359,100,0.025314549118653325
1360,100,0.0255073894830643
1361,100,0.025642039018842655
1362,100,0.02534961091437593
1363,100,0.02540229931493387
1364,100,0.025271721581659506
1365,100,0.025391376758705633
1366,100,0.025140319308018258
1367,100,0.026047039641875453
1368,100,0.02542117541827135
1369,100,0.02530608815348675
1370,100,0.025015945227079596
1371,100,0.025069991964499154
1372,100,0.025297409398906165
1373,100,0.024986524220030337
1374,100,0.025724464014217727
1375,100,0.02539354922812235
1376,100,0.02556885264385465
1377,100,0.025259597807446278
1378,100,0.02471970072608968
1379,100,0.02496848102696385
1380,100,0.02518026088860645
1381,100,0.02533909412916833
1382,100,0.025463306017113992
1383,100,0.02601060214076679
1384,100,0.024875934563136057
1385,100,0.02581534666251995
1386,100,0.025509415315826386
1387,100,0.02514201065836085
1388,100,0.025654102720906277
1389,100,0.025602359470905785
1390,100,0.025348140424254758
1391,100,0.025042713501526707
1392,100,0.02543874413613109
1393,100,0.025084391871106927
1394,100,0.02540070076799297
1395,100,0.024675364652618426
1396,100,0.025330535405473295
1397,100,0.02559008524341235
1398,100,0.02559606611541152
1399,100,0.025606250723101562
1400,100,0.024761535139128002
1401,100,0.025704353974636295
1402,100,0.026003237559563346
1403,100,0.02554074347827807
1404,100,0.025513728346913803
1405,100,0.02451440754488731
1406,100,0.025405143290225682
1407,100,0.02591921964161434
1408,100,0.025175939627423743
1409,100,0.02525181674823653
1410,100,0.025201438075507607
1411,100,0.025308779633257558
1412,100,0.02502916469625493
1413,100,0.025649323074732017
1414,100,0.024848264047663538
1415,100,0.025532466325172195
1416,99,0.02562968734396026
1417,99,0.024542956848545072
1418,99,0.025020690484197135
1419,99,0.02479704210468392
1420,99,0.02510584893370987
1421,99,0.02475028429259733
1422,99,0.02554764093881056
1423,99,0.024883529996346458
1424,99,0.025619143958464385
1425,99,0.025882201632513528
1426,99,0.02516161313085515
1427,99,0.025303409557944332
1428,99,0.025280577365234314
1429,99,0.025088446184960256
1430,99,0.02492504032844902
1431,99,0.024667118951868513
1432,99,0.02503422731720973
1433,99,0.025191066328071735
1434,99,0.025236733021649388
1435,99,0.02522966938261784
1436,99,0.02483607352784695
1437,99,0.02507807616441994
1438,99,0.02569502077548676
1439,99,0.025104340548066123
1440,99,0.02613186774433343
1441,99,0.0246988399224845
1442,99,0.02480746182547896
1443,99,0.024735390126570438
1444,99,0.024861219518777712
1445,99,0.02576591482068044
1446,99,0.02537929491280397
1447,99,0.02506091500507336
1448,99,0.025004231687390386
1449,99,0.025565495414811807
1450,99,0.025493297645843065
1451,99,0.025656337387384365
1452,99,0.025249331895475343
1453,99,0.025344424018346877
1454,99,0.024944004862650696
1455,99,0.025375719784612352
1456,99,0.02479661836133793
1457,99,0.024887063092442815
1458,99,0.024868791053537606
1459,99,0.025812547574235484
1460,99,0.025474108785412536
1461,99,0.025414767333899555
1462,99,0.025006257291169374
1463,99,0.025165910089941394
1464,99,0.02521205540943661
1465,99,0.024650379105405466
1466,99,0.02497922114014536
1467,99,0.025803703784374975
1468,99,0.02521770971068968
1469,99,0.025555121008797144
1470,99,0.025651524770592474
1471,99,0.025562049045487742
1472,99,0.025585467592339827
1473,99,0.025480544942665894
1474,99,0.02520342965587934
1475,99,0.02511719401441742
1476,99,0.02492368928396464
1477,98,0.025408082927099906
1478,98,0.02530717810005919
1479,98,0.025303413944518197
1480,98,0.024733448622969504
1481,98,0.024708196103729964
1482,98,0.02481162768002669
1483,98,0.025382076556947655
1484,98,0.0246879927769161
1485,98,0.024831457633087216
1486,98,0.02476297507469258
1487,98,0.02414820041338414
1488,98,0.02473448591662168
1489,98,0.025098503366068236
1490,98,0.025218478705262393
1491,98,0.02496550267638354
1492,98,0.025260567800140236
1493,98,0.02455903778047302
1494,98,0.025176535095705853
1495,98,0.024331603804910795
1496,98,0.024926330771358703
1497,98,0.025341223871147643
1498,98,0.025122989762066224
1499,98,0.024601595864005597
1500,98,0.025050770876214625
1501,98,0.025036714838904513
1502,98,0.025114205931677246
1503,98,0.02518698772158449
1504,98,0.02479509989372851
1505,98,0.024941802019113092
1506,98,0.025096466612945036
1507,98,0.024903464194342476
1508,98,0.02473895689277787
1509,98,0.025623284801935185
1510,98,0.02514336219221077
1511,98,0.025337203021504367
1512,98,0.024942341882510505
1513,98,0.02541344406423391
1514,98,0.0255638968825041
1515,98,0.02465549735195319
1516,98,0.02477299760900457
1517,98,0.024883952178194647
1518,98,0.025346428312416857
1519,97,0.024473743464211446
1520,97,0.024992046612372594
1521,97,0.02449804596773863
1522,97,0.024496241932877118
1523,97,0.02461469562246613
1524,97,0.02471232060647048
1525,97,0.024888093289135212
1526,97,0.02545322572228102
1527,97,0.025678906676463522
1528,97,0.025079065386033474
1529,97,0.02440372701463937
1530,97,0.025094144983885146
1531,97,0.02504780147058289
1532,97,0.024871075933467324
1533,97,0.025142054710505863
1534,97,0.024707275693272385
1535,97,0.024408794199240993
1536,97,0.02464996949423083
1537,97,0.02472567118743958
1538,97,0.024627555385935335
1539,97,0.024444733276340114
1540,97,0.025258504410376907
1541,97,0.02508047623513106
1542,97,0.024861740313791958
1543,97,0.024858488086323807
1544,97,0.02493787645432337
1545,97,0.024931248824462706
1546,97,0.024505299082724384
1547,97,0.025506539291653252
1548,97,0.024602817886138474
1549,97,0.024639635292713305
1550,97,0.024947172232613567
1551,97,0.024675745408018663
1552,97,0.025100474034928492
1553,97,0.024470540151392235
1554,97,0.024650601812891748
1555,96,0.024502132308183665
1556,96,0.025152561592533568
1557,96,0.024744381678708287
1558,96,0.024248689675847458
1559,96,0.02435273131082998
1560,96,0.0239917568068515
1561,96,0.024627358123391993
1562,96,0.024084976647405613
1563,96,0.024791334972019394
1564,96,0.024147819547830403
1565,96,0.02402798200015458
1566,96,0.024965546111650996
1567,96,0.024414829775990642
1568,96,0.024417760743346922
1569,96,0.0245789773973073
1570,96,0.02480850528625389
1571,96,0.025051450543681242
1572,96,0.02514553515369589
1573,96,0.02451695897438521
1574,96,0.02433837497522786
1575,96,0.023967209861561204
1576,96,0.024676816514533937
1577,96,0.023798768783665405
1578,96,0.024417777717610722
1579,95,0.02431929026685558
1580,95,0.02406901882782817
1581,95,0.023958007989447697
1582,95,0.02401350165486647
1583,95,0.024504628497335
1584,95,0.02440384988469292
1585,94,0.02394431977551177
1586,94,0.023841963000466128
1587,94,0.023971780043721053
1588,94,0.024005163442486984
1589,94,0.023817775653575582
1590,94,0.024836428367495746
1591,94,0.024011613814803153
1592,94,0.023261164283954174
1593,94,0.024146459488701706
1594,94,0.02416849286311345
1595,94,0.02446184112153612
1596,94,0.02414670220802933
1597,94,0.02447797023526632
1598,94,0.023424401013583257
1599,94,0.02400853411097091
1600,94,0.024122351295731353
1601,94,0.02370942603433547
1602,94,0.024043420752589126
1603,94,0.02478664378169445
1604,94,0.024321050983259696
1605,93,0.024088720535111165
1606,93,0.023970198500472644
1607,93,0.023969929018798856
1608,93,0.02397800251726494
1609,93,0.023622789354298433
1610,93,0.023490047120630502
1611,93,0.024060194474101567
1612,93,0.02355976040221136
1613,93,0.024278022084419565
1614,93,0.024079064205309524
1615,93,0.023842860393506474
1616,93,0.02347040413749769
1617,93,0.023669150750706445
1618,93,0.023947760800016482
1619,92,0.02334437562673034
1620,92,0.023205569738375568
1621,92,0.023388384889430545
1622,92,0.02379807246518873
1623,92,0.02393702191352041
1624,92,0.02320383884864167
1625,92,0.024084891140663894
1626,92,0.023333478032538255
1627,92,0.02434723043016657
1628,92,0.023262539608571636
1629,91,0.02397432094864461
1630,91,0.02335801265305965
1631,91,0.02340000384487955
1632,91,0.0239576422507462
1633,91,0.023741221886403863
1634,91,0.02330135962890769
1635,91,0.02319701214025219
1636,91,0.022938379879428455
1637,91,0.023610194097518813
1638,91,0.02359768204196541
1639,91,0.023443206899563612
1640,91,0.023257030170557046
1641,91,0.02373405748764297
1642,91,0.023134218195387767
1643,91,0.023293107541428472
1644,91,0.023284790396196266
1645,91,0.023919300005546235
1646,91,0.023285273218559794
1647,91,0.022787643805896825
1648,91,0.02409707722310773
1649,91,0.023710445897353483
1650,91,0.023152422352168512
1651,91,0.023193991024844835
1652,91,0.022753585060941998
1653,91,0.023337954829313716
1654,91,0.023728500670982044
1655,91,0.023406836809927434
1656,91,0.023981313743491526
1657,91,0.023456010063874155
1658,91,0.02335131959257347
1659,91,0.023131013106574352
1660,91,0.02342890823385354
1661,91,0.02318732419116828
1662,91,0.02359293970374265
1663,91,0.023283602885221858
1664,91,0.02355175539481336
1665,91,0.022798525824045963
1666,91,0.023274973040186157
1667,91,0.023867865285357448
1668,91,0.023879900185477768
1669,91,0.02391952629981081
1670,91,0.023419618523001385
1671,91,0.023661479250695658
1672,91,0.023851026336719646
1673,91,0.02351975893339433
1674,91,0.023183414311917425
1675,91,0.023378494084972508
1676,91,0.023653681665139595
1677,91,0.02354490941129222
1678,91,0.023008248768034548
1679,91,0.023457398459978837
1680,91,0.02287991838269017
1681,91,0.023480945710038698
1682,91,0.023385371980230964
1683,91,0.02325660402582733
1684,91,0.022805158777857625
1685,91,0.023375648922779723
1686,91,0.02349875591501985
1687,91,0.02374098853968861
1688,91,0.023181372795331723
1689,91,0.023177109007971926
1690,91,0.023413391083084583
1691,90,0.02310545628618536
1692,90,0.023339170755436227
1693,90,0.02273774594079514
1694,90,0.022978005987725526
1695,90,0.022879219063700926
1696,90,0.023277801115664708
1697,90,0.023242317945468927
1698,90,0.022954410525556558
1699,90,0.023676138681331876
1700,90,0.02365582678875004
1701,90,0.023259775301502614
1702,90,0.023285677938456373
1703,90,0.023011150873199257
1704,90,0.02343974563237328
1705,90,0.023396951983868063
1706,90,0.022981760003695173
1707,90,0.02323896330693582
1708,90,0.023173194246918702
1709,90,0.023336231338961497
1710,90,0.023192246726645542
1711,90,0.02285546749891028
1712,90,0.022965384859908646
1713,90,0.023468257598836716
1714,90,0.023160933921903135
1715,90,0.023382950831065265
1716,90,0.023198092261399735
1717,90,0.023926300863304932
1718,90,0.023374076984128713
1719,90,0.023452280477576505
1720,90,0.023419521540329693
1721,90,0.02306082766954066
1722,90,0.023709745743044724
1723,90,0.02327452798314412
1724,90,0.023408757225005756
1725,90,0.023065013829376854
1726,90,0.022907721937550425
1727,90,0.022822069648793658
1728,90,0.023456337649786326
1729,90,0.02311298787107982
1730,90,0.023435153461975222
1731,90,0.02317356742906374
1732,90,0.02299203209044491
1733,90,0.02315780059703834
1734,90,0.023118326454500092
1735,90,0.02290091971418169
1736,89,0.02348565555260294
1737,89,0.023386879637372036
1738,89,0.023262534029581904
1739,89,0.02296127500447803
1740,89,0.023115730790454588
1741,89,0.022863410677750492
1742,89,0.022807850473696725
1743,89,0.023661446548604883
1744,89,0.022823710425115686
1745,89,0.022985983401857993
1746,89,0.023023695278218615
1747,89,0.023057693983166226
1748,89,0.023461355283405417
1749,88,0.022753922798483227
1750,88,0.022967532923122064
1751,88,0.022671547344525384
1752,88,0.02227779547388118
1753,88,0.02261881122260877
1754,88,0.022185896946660278
1755,88,0.023049832908530694
1756,88,0.022913801363451766
1757,88,0.022583349125737322
1758,88,0.02357874294709111
1759,88,0.022978908067709646
1760,88,0.022749750647161296
1761,88,0.022984530201591778
1762,88,0.022473373494515274
1763,88,0.023026253344222276
1764,88,0.023231757443219023
1765,88,0.023199469788199006
1766,88,0.0226853795244449
1767,88,0.022999603710689858
1768,88,0.022950171158719973
1769,88,0.023144464784456115
1770,88,0.022262321152473848
1771,88,0.022799928738675583
1772,88,0.022688898716774677
1773,88,0.02289655268481755
1774,88,0.022826737272302725
1775,88,0.022665153151840485
1776,88,0.02231860858837069
1777,88,0.023189476874527867
1778,88,0.02251050129651227
1779,88,0.02314336512837448
1780,88,0.023312419210573598
1781,88,0.023167833127943488
1782,88,0.022597819981764328
1783,88,0.022765070068652415
1784,88,0.023059696550578136
1785,88,0.023387047569518076
1786,88,0.023498852725334807
1787,88,0.02260949001057771
1788,88,0.02320468744758796
1789,88,0.022697239118300315
1790,88,0.023475662605642048
1791,87,0.02282937419667814
1792,87,0.022719465162669473
1793,87,0.02343088462088284
1794,87,0.022545969982834313
1795,87,0.022229205600849063
1796,87,0.02281391517045114
1797,87,0.022423759874905917
1798,87,0.023077455217515887
1799,87,0.02254753376928906
1800,87,0.023165045008422022
1801,87,0.022573797225762457
1802,87,0.022489855823025352
1803,87,0.02360363040232167
1804,87,0.022641373985784953
1805,87,0.022325607028456453
1806,87,0.022572350134656725
1807,87,0.022780329795118803
1808,87,0.022937259162386255
1809,87,0.022673835508084696
1810,87,0.023026910800878084
1811,87,0.022135390900006616
1812,87,0.022909649535921776
1813,87,0.022735603730967918
1814,87,0.023054495020349765
1815,87,0.023116199033391717
1816,87,0.023231085816692858
1817,87,0.022490826772561846
1818,87,0.022478241403293978
1819,87,0.021933968191665085
1820,87,0.02234517396811462
1821,87,0.022355880540127073
1822,86,0.023046322055676593
1823,86,0.02200982024194941
1824,86,0.02246336788513348
1825,86,0.02257075433851308
1826,86,0.022485574795793644
1827,86,0.021698684229694325
1828,86,0.021998336654051313
1829,86,0.022594043032602488
1830,86,0.022679761642413677
1831,86,0.022749938702640967
1832,86,0.02251461793953078
1833,86,0.022775715416753228
1834,86,0.02192695626718461
1835,86,0.022981619136864362
1836,86,0.022307773540050334
1837,86,0.02239207898876281
1838,86,0.022260580942708
1839,86,0.022567799163256123
1840,86,0.02190601741031005
1841,86,0.022379296738033606
1842,86,0.02269422857221869
1843,86,0.022947940496679628
1844,86,0.02261713062760295
1845,86,0.022384457253052586
1846,86,0.021896148476742518
1847,86,0.02246946337044143
1848,86,0.022770797362177356
1849,86,0.022356913113047352
1850,86,0.022588018020865432
1851,86,0.022923607251599698
1852,86,0.02198936320401324
1853,86,0.022696793299081714
1854,86,0.02302622614233986
1855,86,0.022134822632306598
1856,86,0.022501042221958957
1857,86,0.021905900043668842
1858,86,0.022012026407426527
1859,86,0.022151075247278915
1860,85,0.022597522531714886
1861,85,0.021763034611360633
1862,85,0.023076982038025075
1863,85,0.022406987354420177
1864,85,0.0218111690476263
1865,85,0.022651604707448113
1866,85,0.022472962281398827
1867,85,0.022132466145580672
1868,85,0.0220102624259548
1869,85,0.02255700512103154
1870,85,0.02206236871906326
1871,85,0.022138707822390413
1872,85,0.021604698956809932
1873,85,0.02212910313156144
1874,85,0.022066359118031946
1875,85,0.02242929687619298
1876,85,0.021975160173077893
1877,85,0.022511985529647133
1878,85,0.022458647391868293
1879,85,0.021688244317947584
1880,85,0.022522332962474047
1881,85,0.021844699048084084
1882,85,0.02257839178750233
1883,85,0.022919502242096382
1884,85,0.022394001038974428
1885,85,0.02248411354277785
1886,85,0.022202261147958504
1887,85,0.02170205680728345
1888,85,0.021502260038347532
1889,84,0.02171200114634291
1890,84,0.02203000804035813
1891,84,0.021946969957597207
1892,84,0.021848462066665127
1893,84,0.021923477144387984
1894,84,0.021850243500679722
1895,84,0.02224661926681942
1896,84,0.021955216408486897
1897,84,0.02209820671621632
1898,84,0.022191151711896853
1899,84,0.022356407362992697
1900,83,0.022080427496617677
1901,83,0.021943389825184748
1902,83,0.02184102249500362
1903,83,0.02174828421040059
1904,83,0.021169083619188598
1905,83,0.02203230157786468
1906,83,0.021417514624887616
1907,83,0.021915793853605793
1908,83,0.021322652768682088
1909,83,0.021297356387578226
1910,83,0.022132810929698345
1911,83,0.02176824438076037
1912,83,0.021582441782931804
1913,83,0.0215834362571019
1914,83,0.021957365189454476
1915,83,0.021242966497748584
1916,83,0.021784121243309557
1917,83,0.02198745948402713
1918,83,0.021467286842204333
1919,83,0.021587478922576977
1920,83,0.021669112330815088
1921,83,0.021910681170772696
1922,83,0.02194567900334792
1923,83,0.02183468082681917
1924,83,0.021398531569887157
1925,83,0.021942050701893413
1926,82,0.022183612465108606
1927,82,0.021862013980650734
1928,82,0.02173258027133136
1929,82,0.02207140165241108
1930,82,0.02169126431628743
1931,82,0.021799810104300158
1932,82,0.022091494288173797
1933,82,0.02131802417541618
1934,82,0.020847679247469136
1935,82,0.021733353709029346
1936,82,0.021876160210011653
1937,81,0.021221835833623765
1938,81,0.021749997451491164
1939,81,0.021478287865853842
1940,81,0.021527785047358264
1941,81,0.021414120027805548
1942,81,0.020996444213892875
1943,81,0.021852559743693125
1944,81,0.021016498707163097
1945,81,0.02116840229038673
1946,81,0.021016048840197254
1947,81,0.02077571270960908
1948,81,0.021485788556490085
1949,81,0.021204024281415906
1950,81,0.021305749596955918
1951,81,0.0214778377003689
1952,81,0.02134174691779889
1953,81,0.02162293053834286
1954,81,0.021241728349094154
1955,81,0.022169180629665594
1956,81,0.02104191582537955
1957,81,0.021018528552173454
1958,81,0.021042652245270303
1959,81,0.021556891364368974
1960,81,0.021238820442663522
1961,81,0.021346856024344694
1962,81,0.021530713271637855
1963,81,0.021501384461823207
1964,81,0.021640505111368658
1965,81,0.020608434678784954
1966,81,0.021264167340668782
1967,81,0.021378123772402734
1968,80,0.021335793595130433
1969,80,0.02136123995453675
1970,80,0.020711732417614953
1971,80,0.020827250576660482
1972,80,0.020805668449278957
1973,80,0.021204412349476585
1974,80,0.02105001371549561
1975,80,0.020559150987731617
1976,80,0.0208857136372052
1977,80,0.02043319892526457
1978,80,0.021884134625792927
1979,80,0.02116849946609653
1980,80,0.021063167331463985
1981,80,0.02053060544170805
1982,80,0.02094309165058153
1983,80,0.02102716198922353
1984,80,0.020374780567864126
1985,80,0.021085998196059268
1986,80,0.02164075568694958
1987,80,0.020239113482225977
1988,80,0.021203912427389855
1989,80,0.021118440681232958
1990,80,0.021351864463049066
1991,80,0.021261453139860706
1992,80,0.02137058588263864
1993,80,0.02102728863094841
1994,80,0.020750944525701566
1995,80,0.02085652485525592
1996,80,0.02054423849403803
1997,80,0.0212485585316001
1998,80,0.02138426810782117
1999,80,0.021227751762584998
2000,80,0.020825529273639343
2001,80,0.021309306867791408
2002,80,0.021454393061806624
2003,80,0.02144760414826926
2004,80,0.020686817288632538
2005,80,0.021052362058611992
2006,80,0.020674327210042448
2007,80,0.020369429452463575
2008,80,0.021444972625954864
2009,80,0.021521964337763974
2010,80,0.021406618612624294
2011,80,0.02097045640922797
2012,79,0.020499282336539974
2013,79,0.021208741234982134
2014,79,0.020795845878716416
2015,79,0.020554309848839797
2016,79,0.020516127380808685
2017,79,0.020469930146459942
2018,79,0.021753674275875302
2019,79,0.02066529817019966
2020,79,0.020647510873543357
2021,79,0.020521560497252293
2022,79,0.02121785387531551
2023,79,0.02087225850151436
2024,78,0.02090026141597932
2025,78,0.020901908704616633
2026,78,0.020781398043804508
2027,77,0.020427551564113723
2028,77,0.020506017064470795
2029,77,0.019797668000847483
2030,77,0.020030418601442203
2031,77,0.020503740603077924
2032,77,0.021050828352474998
2033,76,0.021075561820903664
2034,76,0.019835855065806263
2035,76,0.020006776286405646
2036,76,0.02037079926192169
2037,76,0.01983582346453526
2038,76,0.02011644361675219
2039,76,0.020590558512404517
2040,76,0.020951067308350217
2041,76,0.02042178803007663
2042,76,0.02038041389896509
2043,76,0.02042160970013062
2044,76,0.02093431117256512
2045,76,0.019981309620879906
2046,76,0.020603314078225313
2047,76,0.02059667699756173
2048,76,0.020378144824447244
2049,76,0.01976961902028039
2050,76,0.020099270851300692
2051,76,0.020349318130907547
2052,76,0.019970379850702345
2053,76,0.019918924122682757
2054,76,0.020279089532504162
2055,76,0.019928446022668436
2056,76,0.020388149355580924
2057,76,0.019958095910180978
2058,76,0.020116297071237688
2059,76,0.02149809328391119
2060,76,0.02077324754385761
2061,76,0.02031335703842149
2062,76,0.019640510470645328
2063,76,0.01948763528353137
2064,76,0.020996905545151916
2065,75,0.020972396847731424
2066,75,0.020141446450356443
2067,75,0.019429460924463453
2068,75,0.020287009143272135
2069,75,0.020025337160311425
2070,75,0.020905745751141357
2071,75,0.019984075095289912
2072,75,0.019956618436717085
2073,75,0.019934927870783974
2074,75,0.01918172388458633
2075,74,0.019862847597098856
2076,74,0.01888372577656426
2077,74,0.019453303047434357
2078,74,0.019310035503259364
2079,74,0.01915553036528176
2080,74,0.01970777605199181
2081,74,0.020564929457661283
2082,74,0.0198877254473767
2083,74,0.019689881198409816
2084,74,0.019598303850272537
2085,73,0.018824985916546584
2086,73,0.019421643446404655
2087,73,0.019415015074052685
2088,73,0.019682875064988406
2089,73,0.01953993667030167
2090,73,0.020304202138170736
2091,73,0.019367086829245907
2092,73,0.019440193415344743
2093,73,0.01889022124044545
2094,73,0.0196727851916431
2095,73,0.019696700018147602
2096,73,0.01923661466705993
2097,73,0.019459446846403213
2098,73,0.019284156798048516
2099,73,0.019735816890833292
2100,73,0.01996362847488072
2101,73,0.02096378007827579
2102,73,0.018983916719067257
2103,73,0.019703427569849268
2104,73,0.019933877080211517
2105,73,0.019762374143044135
2106,73,0.02017065570864183
2107,72,0.019021774512166027
2108,71,0.01919373949879125
2109,71,0.018970971784140315
2110,71,0.018956353339969464
2111,71,0.0185418721957522
2112,71,0.018798595493765835
2113,70,0.019352378289796652
2114,70,0.01897273116393573
2115,70,0.019348218166619656
2116,70,0.01880831453592091
2117,70,0.01882059574222858
2118,70,0.018763010147472524
2119,70,0.01932124211967486
2120,69,0.0193420270716994
2121,68,0.018875132932027815
2122,68,0.018765185485834238
2123,68,0.017753155152539574
2124,68,0.018362245905548948
2125,68,0.0189241400505182
2126,68,0.018404313015781364
2127,68,0.017909556270749957
2128,68,0.018289440240590586
2129,68,0.018551655499401357
2130,68,0.01993145564383978
2131,68,0.019117810463021755
2132,67,0.018677314007832783
2133,67,0.019018995555296472
2134,67,0.01828856294692893
2135,67,0.01981491831288338
2136,67,0.018785153999985038
2137,67,0.018202415989517884
2138,67,0.01849300273097876
2139,67,0.017467020857264152
2140,67,0.018409749935151185
2141,67,0.019162399990850974
2142,67,0.018730047823098336
2143,67,0.018139709381185372
2144,67,0.018404609859405004
2145,67,0.018405911076731306
2146,67,0.018484959705094676
2147,67,0.019627536200495357
2148,67,0.018268207364181863
2149,67,0.019134998642055215
2150,67,0.018961292772162963
2151,67,0.01828558740453179
2152,67,0.018604641248452382
2153,67,0.018791409229453496
2154,67,0.01857899037026243
2155,67,0.018304610171924578
2156,67,0.018944471009394045
2157,67,0.017853311633669273
2158,67,0.018081358183593684
2159,66,0.017870281782072426
2160,66,0.019371622413353964
2161,65,0.018246114235168042
2162,65,0.017806455564793034
2163,65,0.0173372727195777
2164,65,0.018545152754760548
2165,65,0.018053099840962067
2166,65,0.01775142643390893
2167,65,0.018020615317906916
2168,65,0.018360519199640643
2169,65,0.018112814900248003
2170,65,0.018291567334052874
2171,65,0.01773915626939517
2172,65,0.018351532628738974
2173,65,0.01750595368982963
2174,65,0.017632320728970072
2175,65,0.01844920248030394
2176,64,0.018106132586928534
2177,64,0.01681092798923428
2178,64,0.017822343732900807
2179,64,0.01882012455421217
2180,64,0.01839563865654631
2181,64,0.01825282234376352
2182,64,0.01846530171840509
2183,64,0.01803095543042578
2184,64,0.01858383500230402
2185,64,0.01844800983010704
2186,63,0.01721106972069004
2187,63,0.017999555228936807
2188,63,0.019606121720822454
2189,63,0.01773962318023053
2190,63,0.01712461484724892
2191,63,0.020493042881944146
