round,alive_nodes,round_energy
1,100,0.024923137897228324
2,100,0.025356799063599233
3,100,0.025257441197102718
4,100,0.0253821146732361
5,100,0.025389977460837657
6,100,0.025626620386064152
7,100,0.025115825569042204
8,100,0.024865407757602456
9,100,0.02556563669133046
10,100,0.025314247144260515
11,100,0.025193022300102504
12,100,0.02512557239209643
13,100,0.025418526145683896
14,100,0.025453220131200466
15,100,0.025178780046634475
16,100,0.02537948414230363
17,100,0.02514026657323638
18,100,0.025045801464717975
19,100,0.025740837275211613
20,100,0.025666990348272817
21,100,0.025591243783560577
22,100,0.0253216934463896
23,100,0.02576589587664615
24,100,0.02529156725694114
25,100,0.0258369923113664
26,100,0.025940768623765178
27,100,0.025332341575567813
28,100,0.024836644094053964
29,100,0.024908499499818805
30,100,0.025764029887073568
31,100,0.02473866606428702
32,100,0.0255725715032937
33,100,0.02511462466846606
34,100,0.025227830409696363
35,100,0.026107056779298435
36,100,0.025197647438039487
37,100,0.02513336624191348
38,100,0.025912108980159956
39,100,0.025359255365158845
40,100,0.0251615017940657
41,100,0.025327684723761706
42,100,0.025282383143599495
43,100,0.025068547605270993
44,100,0.024577399498778445
45,100,0.025540110853332503
46,100,0.02580286107070877
47,100,0.025432697110449886
48,100,0.02506775869301494
49,100,0.025665272682663692
50,100,0.025084991780191593
51,100,0.0250480099581168
52,100,0.025381872819242708
53,100,0.025046448010178256
54,100,0.02521267107135307
55,100,0.024843046712561302
56,100,0.02556818264512478
57,100,0.02531124125415057
58,100,0.02524589844448253
59,100,0.025039669699265996
60,100,0.025318744328751537
61,100,0.025154474949653276
62,100,0.025028208205907777
63,100,0.02585816913103053
64,100,0.024912013956320464
65,100,0.02521893582799869
66,100,0.025291678917790904
67,100,0.02522048647923616
68,100,0.02521951497337918
69,100,0.024990477918598493
70,100,0.026222342157191502
71,100,0.025636217156058863
72,100,0.025308794988600336
73,100,0.02532870914832502
74,100,0.025102067820140527
75,100,0.025588269656541367
76,100,0.025293506838870196
77,100,0.025168508236061888
78,100,0.02523374900925364
79,100,0.025835825577665734
80,100,0.025577324195848117
81,100,0.02568415015007462
82,100,0.025162040884076232
83,100,0.02527971893210817
84,100,0.02559599233607277
85,100,0.02542813226903341
86,100,0.025149696908878118
87,100,0.025222922742191498
88,100,0.025148484535205747
89,100,0.025026454068158174
90,100,0.025191816618945644
91,100,0.025321093026211217
92,100,0.025026657958256576
93,100,0.02521423319001967
94,100,0.02492387630154421
95,100,0.025109219010543058
96,100,0.025633983252587842
97,100,0.024649683827736982
98,100,0.025542659796599896
99,100,0.025627979985855438
100,100,0.02557030528608811
101,100,0.025301624193705147
102,100,0.02567165322703502
103,100,0.0253849875962818
104,100,0.025507317428245774
105,100,0.024934603491832037
106,100,0.025570065822806173
107,100,0.025513142430578138
108,100,0.025215863617196382
109,100,0.02512632159552566
110,100,0.025743410045526636
111,100,0.025286541867277555
112,100,0.024992956997890933
113,100,0.02495958629107068
114,100,0.024978166166799626
115,100,0.025338362438444322
116,100,0.025346782957989217
117,100,0.02584072599522533
118,100,0.025317650780762212
119,100,0.025419121122066
120,100,0.024758485463654365
121,100,0.025095337814611686
122,100,0.025561754414797157
123,100,0.024983821514370324
124,100,0.025212237052713343
125,100,0.025092989150725893
126,100,0.02563719708712203
127,100,0.025154859746340588
128,100,0.02532937779389075
129,100,0.02526952512405922
130,100,0.02549825830349212
131,100,0.02548057542833246
132,100,0.02558367045688207
133,100,0.025670758938245476
134,100,0.025391313991601088
135,100,0.025016170367949345
136,100,0.025059503194943232
137,100,0.02510481711711682
138,100,0.025519542253147426
139,100,0.025064145629960014
140,100,0.025595848278295037
141,100,0.025994823364944433
142,100,0.025315717819124596
143,100,0.025157752638218008
144,100,0.025004874269229982
145,100,0.02527046838375764
146,100,0.025306707042899473
147,100,0.024907268002372897
148,100,0.025659438330311736
149,100,0.02497740200532203
150,100,0.02496752518294982
151,100,0.025075041181185736
152,100,0.025053869253024493
153,100,0.025446532709500758
154,100,0.024913470667002585
155,100,0.025121404297888866
156,100,0.0253331123097458
157,100,0.025222865381088234
158,100,0.025572144989342963
159,100,0.02525474849673629
160,100,0.02550334752333526
161,100,0.025904599370224272
162,100,0.02538239697567864
163,100,0.025018470064981063
164,100,0.024908169422730338
165,100,0.025500435032395633
166,100,0.02571310575291766
167,100,0.02520856922056638
168,100,0.024882097768610337
169,100,0.025400089004252797
170,100,0.025543673763942655
171,100,0.02553761934763494
172,100,0.02502446660761437
173,100,0.025316627986378546
174,100,0.025064148841149384
175,100,0.025286368810802654
176,100,0.025516814360804146
177,100,0.025261342043159486
178,100,0.024842519009114845
179,100,0.025430736656097838
180,100,0.025277656981033205
181,100,0.025671367349099264
182,100,0.024894527758239884
183,100,0.02542227171612862
184,100,0.025401179873642772
185,100,0.02504697058913319
186,100,0.025732438596419303
187,100,0.024915995706821913
188,100,0.024905277821337002
189,100,0.025433177690910767
190,100,0.025245332768629385
191,100,0.026205797267983735
192,100,0.025423491477033655
193,100,0.025305757738312593
194,100,0.025316070219871135
195,100,0.025374200652331515
196,100,0.025168202327399223
197,100,0.025196729727429142
198,100,0.025163083315754797
199,100,0.02572446971110224
200,100,0.025235175252557942
201,100,0.025020461768534133
202,100,0.02543577371662247
203,100,0.025708309410633814
204,100,0.025029734491558018
205,100,0.025152494250975804
206,100,0.024806115723997515
207,100,0.025475602640240107
208,100,0.025011893781591948
209,100,0.025408465795099183
210,100,0.025215419392296583
211,100,0.02510844269614735
212,100,0.025266174549137318
213,100,0.025118701667956305
214,100,0.02538856080401558
215,100,0.025581376331234723
216,100,0.02547458908240425
217,100,0.025396241330163053
218,100,0.025645041392977137
219,100,0.02568228622951778
220,100,0.0254688791010823
221,100,0.025236155996593176
222,100,0.025151088236407052
223,100,0.02539896589576879
224,100,0.02540520360754213
225,100,0.024963777646388803
226,100,0.025308933897805825
227,100,0.025355498459398475
228,100,0.025742085655099584
229,100,0.025359263551886398
230,100,0.024809072143826577
231,100,0.025330632562223853
232,100,0.025363505857305096
233,100,0.025024036715653723
234,100,0.0248290698987274
235,100,0.024890065443239295
236,100,0.025250397290862803
237,100,0.02481089439060437
238,100,0.025311294041656923
239,100,0.025594113914618077
240,100,0.025268883474828426
241,100,0.02506298875463915
242,100,0.025163036847174143
243,100,0.025142172409352237
244,100,0.025899078080747817
245,100,0.02485580757750479
246,100,0.025202366162325095
247,100,0.025513164647513225
248,100,0.02538028766233584
249,100,0.025329402236057
250,100,0.025281218745870738
251,100,0.024877627622309027
252,100,0.02551574020253792
253,100,0.025307017960726312
254,100,0.025121973273378978
255,100,0.025826093584034742
256,100,0.024995983378038492
257,100,0.025539364199849632
258,100,0.025606351614323425
259,100,0.025341296671360133
260,100,0.025052036287311848
261,100,0.025137063354422593
262,100,0.02552356580599261
263,100,0.025102844705194065
264,100,0.025189506713932643
265,100,0.025800305087195174
266,100,0.02543096353245751
267,100,0.025392069915088075
268,100,0.026025484600725558
269,100,0.025650560765117625
270,100,0.025087752368196947
271,100,0.02514722789059651
272,100,0.02561487675760982
273,100,0.02569346162466676
274,100,0.025465783025311
275,100,0.024970128292366212
276,100,0.02486482129696493
277,100,0.025185527773342948
278,100,0.025208302415099536
279,100,0.025133969318956007
280,100,0.02512108983018478
281,100,0.025287787822092473
282,100,0.024699455797119223
283,100,0.024904200737079274
284,100,0.025241240034333194
285,100,0.025601603537331572
286,100,0.025123815900329412
287,100,0.02561052950969071
288,100,0.025412825951973805
289,100,0.025367700656209524
290,100,0.025126074011554558
291,100,0.025291582393251435
292,100,0.025590000311140407
293,100,0.025119416394198135
294,100,0.025245700001542803
295,100,0.02477301820807
296,100,0.02558512703191107
297,100,0.02524771635000879
298,100,0.024952843026566515
299,100,0.024869860188148324
300,100,0.025488190334172076
301,100,0.025186667934985515
302,100,0.025433820743905343
303,100,0.025513983893135785
304,100,0.024805370602421255
305,100,0.02520763798314063
306,100,0.02537877437990106
307,100,0.02530455767261013
308,100,0.025698467651631904
309,100,0.02525335393735126
310,100,0.025241035296910568
311,100,0.025319659541393952
312,100,0.025428767975162372
313,100,0.02530933580304984
314,100,0.02520215608507774
315,100,0.025341071663818264
316,100,0.025314312206637428
317,100,0.025778802719683885
318,100,0.02527750644570335
319,100,0.02498074880491139
320,100,0.025190181999991637
321,100,0.02561639943633477
322,100,0.0254130472846607
323,100,0.02523995142435938
324,100,0.025132843962886696
325,100,0.025343369404571468
326,100,0.025657668484781217
327,100,0.02529900957173545
328,100,0.02526082145416175
329,100,0.025051139418625565
330,100,0.024658528491163095
331,100,0.025581901390038877
332,100,0.024953265062675988
333,100,0.025370042768890842
334,100,0.025344885002247
335,100,0.025736971859230757
336,100,0.025334076908116204
337,100,0.025244332409038485
338,100,0.0250757071461759
339,100,0.025832196437676314
340,100,0.02555644123579781
341,100,0.0252769973200868
342,100,0.025136012603877416
343,100,0.02552685100310955
344,100,0.025216176202018263
345,100,0.026009133785093088
346,100,0.024756881432899603
347,100,0.02516242522462672
348,100,0.02525877993903421
349,100,0.024879621620206405
350,100,0.025080449309437126
351,100,0.025068312802421385
352,100,0.025748579842533575
353,100,0.025572118449639625
354,100,0.025430161579018024
355,100,0.02526859854184175
356,100,0.025270366955367204
357,100,0.025346583770363487
358,100,0.02496692285706342
359,100,0.02508934824469241
360,100,0.02546936812179144
361,100,0.02553784059167324
362,100,0.024572294467082145
363,100,0.024990314153250676
364,100,0.025364671152152074
365,100,0.024782162446609923
366,100,0.024975736636201624
367,100,0.0250832714767967
368,100,0.02520199799704415
369,100,0.02607605804124316
370,100,0.025135727754029738
371,100,0.02542019635887159
372,100,0.02468318639495167
373,100,0.025077214028468426
374,100,0.025786553700322887
375,100,0.02531561067217206
376,100,0.025224997451661877
377,100,0.025660887365548366
378,100,0.024785870523489878
379,100,0.025608648571787008
380,100,0.025218771599134736
381,100,0.02539785514148504
382,100,0.025013202507779674
383,100,0.024565950916276426
384,100,0.025141992613141553
385,100,0.02538847392159261
386,100,0.025660620904788985
387,100,0.025453708777902463
388,100,0.025154292933622202
389,100,0.025366394817685187
390,100,0.025044314186082033
391,100,0.025431980257744555
392,100,0.025259450933200006
393,100,0.02474366136664001
394,100,0.025783186836674517
395,100,0.024987183342752486
396,100,0.025413940806216326
397,100,0.024877714663015266
398,100,0.02488476771574326
399,100,0.02509810826537911
400,100,0.025108200948831216
401,100,0.024968160360196286
402,100,0.025307415776908197
403,100,0.024945061996190135
404,100,0.025081291051255748
405,100,0.024779776252672987
406,100,0.02489520259554847
407,100,0.025908878571278614
408,100,0.0250826637054818
409,100,0.025294962197199927
410,100,0.02548080529481071
411,100,0.02506057271793283
412,100,0.025815985111350904
413,100,0.025237798579704655
414,100,0.024894824759744496
415,100,0.025216954848112958
416,100,0.025436677207787247
417,100,0.025497074928711828
418,100,0.025255468218413832
419,100,0.024504753306064823
420,100,0.025274227620173617
421,100,0.025503859187484032
422,100,0.025379485649847423
423,100,0.024937544415309168
424,100,0.024859739323649967
425,100,0.025461508477774907
426,100,0.025208783022954317
427,100,0.0252311059209606
428,100,0.025471790900278523
429,100,0.025040840090894207
430,100,0.025252622548793745
431,100,0.025017728767454082
432,100,0.02473179779154553
433,100,0.024984690343894767
434,100,0.02528942434440478
435,100,0.025232148299172388
436,100,0.025374554724182576
437,100,0.02527773391478023
438,100,0.02533171025511721
439,100,0.02571761089608829
440,100,0.025714663093659287
441,100,0.025187739376490055
442,100,0.025035288730361864
443,100,0.025581217392832038
444,100,0.02506475780534201
445,100,0.025227051775166025
446,100,0.025130834433156172
447,100,0.025251360088956606
448,100,0.02538222710285686
449,100,0.0247683268053068
450,100,0.025388948722687932
451,100,0.02534250452153385
452,100,0.024975040955214807
453,100,0.025377864422284954
454,100,0.025604427648678155
455,100,0.0253427968468702
456,100,0.025102373494755217
457,100,0.025348727793466277
458,100,0.025033953793260823
459,100,0.025428072418209224
460,100,0.025268642479764927
461,100,0.025556707896593565
462,100,0.025502347838483548
463,100,0.02443077097764309
464,100,0.02532972490117188
465,100,0.025423838243094358
466,100,0.025247524415613374
467,100,0.025236898953628545
468,100,0.025202506887889532
469,100,0.02499976448239848
470,100,0.025637088337324716
471,100,0.02522546031343232
472,100,0.02525727886108053
473,100,0.025638637149494506
474,100,0.025316051029671834
475,100,0.02526417725277623
476,100,0.025214320319433606
477,100,0.024895714074374235
478,100,0.026058332730347654
479,100,0.025175587173103593
480,100,0.025178233572949977
481,100,0.02518184498733835
482,100,0.02494080762432659
483,100,0.024970710650668377
484,100,0.025014222401637615
485,100,0.02520572811488646
486,100,0.02528417393357265
487,100,0.025404024922046197
488,100,0.025512537037221603
489,100,0.02628888828734282
490,100,0.0251136524807878
491,100,0.02491228835748302
492,100,0.025421659258869408
493,100,0.025656017901745758
494,100,0.025327425505212043
495,100,0.025236771404595494
496,100,0.02522535119620388
497,100,0.025113052806584664
498,100,0.025558152319752486
499,100,0.025061514613983184
500,100,0.025775197580211913
501,100,0.024724704263876518
502,100,0.025183956930122504
503,100,0.025404295077126986
504,100,0.0251099377551839
505,100,0.02515684434458487
506,100,0.025167445125732806
507,100,0.02534130556808237
508,100,0.02568562492036375
509,100,0.025446722915203425
510,100,0.025505998021575556
511,100,0.02546919137852522
512,100,0.025436390671965115
513,100,0.025036232112651102
514,100,0.025371081394916124
515,100,0.025252877755006693
516,100,0.02501139435946328
517,100,0.025396326182366504
518,100,0.025448328672532557
519,100,0.025476406273581807
520,100,0.025598883372433365
521,100,0.02561139791232709
522,100,0.025279094029379622
523,100,0.025828277502753544
524,100,0.02511533913949545
525,100,0.025374419035131924
526,100,0.02523513386591273
527,100,0.025115489083134903
528,100,0.02517721973818783
529,100,0.025262181895465783
530,100,0.025474184926565602
531,100,0.025249737482006315
532,100,0.025378109788996808
533,100,0.02531213773475688
534,100,0.026061208337094896
535,100,0.025272633161069674
536,100,0.025149853708361553
537,100,0.025224149632900223
538,100,0.024880424465110115
539,100,0.025609878712544998
540,100,0.025253808263732233
541,100,0.025001637957116546
542,100,0.025396191771194065
543,100,0.025235788026844706
544,100,0.025382597333008773
545,100,0.025383670095510277
546,100,0.025258426273866295
547,100,0.025677574001792026
548,100,0.02478493465347607
549,100,0.025012243530867975
550,100,0.02531530936807334
551,100,0.025050073658781143
552,100,0.02492556515856094
553,100,0.025587935353871348
554,100,0.025510168099955925
555,100,0.02504086093124632
556,100,0.025583306059532213
557,100,0.02490674898099573
558,100,0.025480534022195366
559,100,0.025861661503532807
560,100,0.025320527265934215
561,100,0.02527437651299954
562,100,0.025215702423809393
563,100,0.02515386068201698
564,100,0.025099583946213828
565,100,0.024990075589573554
566,100,0.025635670538485186
567,100,0.02561244656510036
568,100,0.0253790517327864
569,100,0.025123711010933723
570,100,0.025775513010334435
571,100,0.025349704427658538
572,100,0.0250000920210838
573,100,0.02554745296906888
574,100,0.025834042601689818
575,100,0.02514501311456166
576,100,0.024569292426136733
577,100,0.024930709498985754
578,100,0.025408484346973192
579,100,0.02508050643589188
580,100,0.025310977906851502
581,100,0.025743709430630868
582,100,0.025192961999848988
583,100,0.02547245990451888
584,100,0.025530461965339306
585,100,0.025462654558043224
586,100,0.025327672188584047
587,100,0.025605903518588498
588,100,0.02498963292087475
589,100,0.025249928027516994
590,100,0.025263696414505987
591,100,0.025616717449945255
592,100,0.025341950044455008
593,100,0.02512544089842543
594,100,0.025541136372239308
595,100,0.025021263552555337
596,100,0.02550590374710283
597,100,0.025472286691540755
598,100,0.02514116853006917
599,100,0.025127732294369615
600,100,0.02533377723858698
601,100,0.025634893989090756
602,100,0.025373388096608187
603,100,0.025207052248221975
604,100,0.02530606965478285
605,100,0.025103613272638204
606,100,0.02516017000827738
607,100,0.025066208360944055
608,100,0.02538946718647711
609,100,0.025555469096604076
610,100,0.024862064570705524
611,100,0.024963065875266786
612,100,0.025259187515733705
613,100,0.025556933158568218
614,100,0.025507787774316264
615,100,0.02500516659160108
616,100,0.02570735993139456
617,100,0.025438511074183347
618,100,0.025524907592171884
619,100,0.024998908990822362
620,100,0.024838837699520094
621,100,0.0255322666383492
622,100,0.025174820512894852
623,100,0.025410071840100898
624,100,0.025658997480077102
625,100,0.025859761912370983
626,100,0.024887275632393253
627,100,0.02525298322953571
628,100,0.025290387276863432
629,100,0.025166167482602794
630,100,0.025354612549272734
631,100,0.025205705709225475
632,100,0.02513267770953817
633,100,0.024878992588030408
634,100,0.0250193781115238
635,100,0.02523779768675224
636,100,0.02530464420303337
637,100,0.02549689576822919
638,100,0.02541062749826687
639,100,0.024972029512903546
640,100,0.02539981785225982
641,100,0.024824020980300725
642,100,0.02524568322395775
643,100,0.02507091216562978
644,100,0.024875881907353885
645,100,0.0252991891658151
646,100,0.024953327393729737
647,100,0.02519221374572314
648,100,0.025113499582953558
649,100,0.025104078746480817
650,100,0.02541002217077197
651,100,0.025012569911129757
652,100,0.0248741204669737
653,100,0.025200824091695686
654,100,0.025614446678274005
655,100,0.02568440575534973
656,100,0.025333148211973702
657,100,0.02484290912962479
658,100,0.025722649963481472
659,100,0.026070132037921363
660,100,0.025235215720127567
661,100,0.025713857464309778
662,100,0.02534846783641417
663,100,0.025080373901490514
664,100,0.02526683560254647
665,100,0.025401055967727522
666,100,0.02507649430213701
667,100,0.024692296969004556
668,100,0.025266639208473905
669,100,0.02498698530880975
670,100,0.025730660173935
671,100,0.02592619068002353
672,100,0.025268319528148335
673,100,0.024545273770361115
674,100,0.025080087097170065
675,100,0.024946835004846617
676,100,0.02482138472663135
677,100,0.025789409192931472
678,100,0.025644307511379485
679,100,0.025561426027225685
680,100,0.02473480492971847
681,100,0.02561099650308326
682,100,0.024744333616012488
683,100,0.02578898843176968
684,100,0.025516741637803618
685,100,0.0254695639003061
686,100,0.02521922213713899
687,100,0.02511502378820681
688,100,0.02523221540153356
689,100,0.02546885624293898
690,100,0.025388594948080614
691,100,0.025124175871705203
692,100,0.02527911070138621
693,100,0.02531440289557336
694,100,0.02523169610079568
695,100,0.025845306761173588
696,100,0.02556478050854364
697,100,0.025603739106225154
698,100,0.024588602472094864
699,100,0.025500933227974275
700,100,0.025301465344728793
701,100,0.0253693197568659
702,100,0.025741607461393288
703,100,0.025326749962405335
704,100,0.025333143038680762
705,100,0.025159473811884752
706,100,0.024979270478486294
707,100,0.025347503332793522
708,100,0.025918914904813545
709,100,0.02533362898267182
710,100,0.02498241990637723
711,100,0.025129862004041235
712,100,0.025016071158884916
713,100,0.0250916230710329
714,100,0.025496975767682555
715,100,0.025048335648346673
716,100,0.025313232846730694
717,100,0.02584181013765846
718,100,0.02532615689345645
719,100,0.025068546465102905
720,100,0.025146514204682634
721,100,0.025214720956378316
722,100,0.025110493051691093
723,100,0.025756612885645624
724,100,0.025302682082154564
725,100,0.02554421858214507
726,100,0.025292279110887852
727,100,0.025501074328379156
728,100,0.02527662548068185
729,100,0.024991649508772792
730,100,0.025124599824956798
731,100,0.025965287478092205
732,100,0.025003350980359898
733,100,0.025691014523313706
734,100,0.025243565778910793
735,100,0.025504450717139672
736,100,0.02556389414649919
737,100,0.025068656250014455
738,100,0.02539883934467548
739,100,0.025250385428658394
740,100,0.02545663952672977
741,100,0.025159143429511373
742,100,0.025210733022373973
743,100,0.024669972529569133
744,100,0.024936785927781816
745,100,0.025389326500650955
746,100,0.024998939061523052
747,100,0.0251412451700224
748,100,0.02519885164363161
749,100,0.02518801070123379
750,100,0.02533769476551701
751,100,0.02496154449342495
752,100,0.02533276556354707
753,100,0.02549311220427391
754,100,0.025013356520102243
755,100,0.02554451162134058
756,100,0.025070443292875493
757,100,0.02547412354371654
758,100,0.025143426081894953
759,100,0.025211157553344205
760,100,0.025253947577503155
761,100,0.025086872604490974
762,100,0.02536670920766851
763,100,0.02519597271316414
764,100,0.024985927007639862
765,100,0.025500212805474196
766,100,0.025118876142120713
767,100,0.025632261249767346
768,100,0.024940377807848083
769,100,0.025208561353686813
770,100,0.025048695719813642
771,100,0.02518728366399348
772,100,0.025471548157692873
773,100,0.025889413787494805
774,100,0.02534787014835051
775,100,0.025309017806724746
776,100,0.02522972154974343
777,100,0.024937455636544478
778,100,0.025563287702118506
779,100,0.025354833165873784
780,100,0.02514903310036166
781,100,0.025324096477255472
782,100,0.025165535445687982
783,100,0.024900821647847488
784,100,0.025060458936389196
785,100,0.02492245503881112
786,100,0.025109770755338566
787,100,0.02557734152655237
788,100,0.024991244735310458
789,100,0.025525912618580747
790,100,0.0249436235252897
791,100,0.02534515760268638
792,100,0.025765304286962665
793,100,0.025379712094099373
794,100,0.024954810425761798
795,100,0.025656955083990074
796,100,0.025378122668469203
797,100,0.025491445931781244
798,100,0.025294537089412386
799,100,0.02571415319762792
800,100,0.02479602825395446
801,100,0.02541556684696661
802,100,0.02538229704444287
803,100,0.02550891826110042
804,100,0.025101279893201996
805,100,0.025342558755305576
806,100,0.025111439405200286
807,100,0.02518607633541739
808,100,0.025388960876037234
809,100,0.02519195189010667
810,100,0.025718908089552683
811,100,0.025470687545461113
812,100,0.02505716635850771
813,100,0.025087220759639973
814,100,0.024569885820165872
815,100,0.025456735595639882
816,100,0.02577591599379223
817,100,0.025631620445905855
818,100,0.025209806354044878
819,100,0.02519272919630963
820,100,0.024779368617616926
821,100,0.025200075127206588
822,100,0.025331364821534856
823,100,0.024812624209885687
824,100,0.025095183305536835
825,100,0.02509417441991063
826,100,0.025185377034010647
827,100,0.025128109338448584
828,100,0.025333866714644875
829,100,0.025403462750288774
830,100,0.02546406031721711
831,100,0.02511189241800846
832,100,0.02532614368090296
833,100,0.025312545383932697
834,100,0.025085351983180137
835,100,0.02509018011066385
836,100,0.025734940642589046
837,100,0.025289577739633615
838,100,0.025387548124866804
839,100,0.025152880822669626
840,100,0.024755581318422884
841,100,0.02532643115024511
842,100,0.0254972284443105
843,100,0.02493853223636163
844,100,0.02522139162338188
845,100,0.02551531270685612
846,100,0.025497180551127
847,100,0.024944983811502487
848,100,0.025192620672394053
849,100,0.025055567909746758
850,100,0.025587729172318677
851,100,0.025248504334188182
852,100,0.025491105879757215
853,100,0.025565671229407977
854,100,0.025109188901931433
855,100,0.025003107549998824
856,100,0.024870031081875407
857,100,0.025304682692262735
858,100,0.025631802941044533
859,100,0.025008389149453483
860,100,0.02569307439857623
861,100,0.025390893001060136
862,100,0.025299207141265153
863,100,0.025723519568103034
864,100,0.025395131865560097
865,100,0.025251977084969776
866,100,0.02514016273862415
867,100,0.025712206804189786
868,100,0.025334271845004395
869,100,0.025353202414214925
870,100,0.024951813834011526
871,100,0.025386412295887784
872,100,0.02555000166269878
873,100,0.025646192199384583
874,100,0.025505487779177206
875,100,0.025366167209038674
876,100,0.025497747833274173
877,100,0.025387592208048534
878,100,0.02540844009807722
879,100,0.025357669456432617
880,100,0.025326107643274514
881,100,0.025620251457838503
882,100,0.02581532956384985
883,100,0.025428309266723743
884,100,0.025604125744578918
885,100,0.02542128298318639
886,100,0.024721454112541032
887,100,0.025844473984735734
888,100,0.024796281890199338
889,100,0.025605649592541677
890,100,0.024831855594647994
891,100,0.025265309077584903
892,100,0.02505500701202946
893,100,0.025152411086182564
894,100,0.0256659811562564
895,100,0.025038531107079463
896,100,0.02570126559826532
897,100,0.024541285676772568
898,100,0.024833323496147804
899,100,0.025450924177534938
900,100,0.024936325367755738
901,100,0.025322238993200942
902,100,0.025099345599461777
903,100,0.025707789617760296
904,100,0.024697971446381542
905,100,0.02550429277560419
906,100,0.02551979345037417
907,100,0.024792224011906065
908,100,0.025602080288741173
909,100,0.025286860808955775
910,100,0.02551154169334838
911,100,0.025772524998071946
912,100,0.025235397000073326
913,100,0.02535012448961993
914,100,0.0248998884659411
915,100,0.025262453624157917
916,100,0.025393700145818973
917,100,0.025301617504053023
918,100,0.025252462650523843
919,100,0.02529956551197516
920,100,0.02524091298915557
921,100,0.02535386027756982
922,100,0.02525791399359649
923,100,0.025025754646611456
924,100,0.025428985161631695
925,100,0.02526558669748806
926,100,0.025223508445800843
927,100,0.0253081175854249
928,100,0.02515307489398134
929,100,0.025299671218879924
930,100,0.02505336568506957
931,100,0.025815611194169558
932,100,0.025808249322100178
933,100,0.0252073629330056
934,100,0.024626698221838852
935,100,0.025343831462744725
936,100,0.025406985154423935
937,100,0.02521856914091915
938,100,0.025061505813246836
939,100,0.025095153006493027
940,100,0.02540876860658734
941,100,0.025003656612938407
942,100,0.025596700971475372
943,100,0.02498478955938454
944,100,0.02521613595966821
945,100,0.024657734672461608
946,100,0.025068786672129764
947,100,0.02523591489699349
948,100,0.024971168659556342
949,100,0.025257466618679156
950,100,0.02495717186045313
951,100,0.02522202689293077
952,100,0.025365163317734446
953,100,0.025189761987125713
954,100,0.02501688672002991
955,100,0.025378836144890858
956,100,0.024823927098907704
957,100,0.025445242382286595
958,100,0.02559724335902087
959,100,0.02559559721901362
960,100,0.02538893271710324
961,100,0.025330756616393436
962,100,0.025583057974894387
963,100,0.025156277010081097
964,100,0.024776822520764064
965,100,0.025327097743006743
966,100,0.025816227807011406
967,100,0.025007254601181944
968,100,0.02524377794858327
969,100,0.025464885753639716
970,100,0.02558712761426915
971,100,0.02495605096429973
972,100,0.025995714860315187
973,100,0.025015469128963404
974,100,0.02573931707897432
975,100,0.02510714643179764
976,100,0.025090421923202655
977,100,0.025367647415791696
978,100,0.02523414292468521
979,100,0.024814302091350483
980,100,0.025406097812811803
981,100,0.025395941002055368
982,100,0.02515105499966476
983,100,0.025632126612802654
984,100,0.02498746504322318
985,100,0.025400504185875156
986,100,0.025026262525881065
987,100,0.025385970747037884
988,100,0.02526916811543299
989,100,0.02550020863482989
990,100,0.02541896293038845
991,100,0.024886161366020655
992,100,0.02532586653178558
993,100,0.026133301796233504
994,100,0.025331727763112242
995,100,0.024693028074109596
996,100,0.025751775623228543
997,100,0.025293205159236252
998,100,0.02562767766616372
999,100,0.02566566124591762
1000,100,0.025728093207656788
1001,100,0.025358657222502544
1002,100,0.025671168313476083
1003,100,0.025209411995785698
1004,100,0.02526186770373413
1005,100,0.025113151946859924
1006,100,0.025541949455645408
1007,100,0.025125366971181222
1008,100,0.02506739822095643
1009,100,0.025007887466853722
1010,100,0.025217304495169957
1011,100,0.02545529494117227
1012,100,0.025488719329669417
1013,100,0.025451215771317762
1014,100,0.025297310696688682
1015,100,0.025976010563353604
1016,100,0.025505077444192413
1017,100,0.025526014603696197
1018,100,0.025516045997603112
1019,100,0.025121468663386545
1020,100,0.025325483605452975
1021,100,0.025374352044489342
1022,100,0.025209709848528918
1023,100,0.02570206696909017
1024,100,0.02614523395807168
1025,100,0.02531252627665917
1026,100,0.025457541047601024
1027,100,0.025424890062857638
1028,100,0.025777279339899206
1029,100,0.025180109610376047
1030,100,0.025094780935598405
1031,100,0.025398365239117468
1032,100,0.025142104193576893
1033,100,0.025148243621395835
1034,100,0.02513333459773051
1035,100,0.024864579874090537
1036,100,0.025088466351178448
1037,100,0.02500755293107573
1038,100,0.02520085417566657
1039,100,0.025036231811776256
1040,100,0.02533909326791598
1041,100,0.025437167054597528
1042,100,0.025609189831698027
1043,100,0.025214059973236523
1044,100,0.02502279098449089
1045,100,0.025214739686317447
1046,100,0.025089232639968238
1047,100,0.025441888462574527
1048,100,0.025533922577434635
1049,100,0.025435225836599153
1050,100,0.025658222742368602
1051,100,0.025069484916202242
1052,100,0.024607203285713537
1053,100,0.025300143258175745
1054,100,0.025692040514745055
1055,100,0.025316378925693463
1056,100,0.025058850660727754
1057,100,0.025417805366685014
1058,100,0.025271414212856183
1059,100,0.02547413157588156
1060,100,0.025072261752433884
1061,100,0.025220908838049373
1062,100,0.025221051245062003
1063,100,0.025762214061333964
1064,100,0.02525203371817428
1065,100,0.0251327707172831
1066,100,0.02513797437045337
1067,100,0.025537599430134977
1068,100,0.025437340568649644
1069,100,0.02551567612049646
1070,100,0.025658895289152762
1071,100,0.02565636261708384
1072,100,0.02533881461240344
1073,100,0.02543227366975247
1074,100,0.0251957880799633
1075,100,0.02539703432133101
1076,100,0.02569831642961985
1077,100,0.02589292985290275
1078,100,0.02525011971244216
1079,100,0.025571582524503197
1080,100,0.0256607647148028
1081,100,0.025940621792473768
1082,100,0.025074602971095077
1083,100,0.025051036279676024
1084,100,0.02578829833344588
1085,100,0.025017376834853573
1086,100,0.025284483328687265
1087,100,0.025378728148247817
1088,100,0.02581818291207603
1089,100,0.025311062496832022
1090,100,0.025318462066483267
1091,100,0.025263098513588638
1092,100,0.025384793801614788
1093,100,0.025424147412779406
1094,100,0.02542227435841134
1095,100,0.025013515463475113
1096,100,0.025095320488693233
1097,100,0.025195314385851958
1098,100,0.025162065035051813
1099,100,0.025332468376017082
1100,100,0.02553715834609506
1101,100,0.02555256178481726
1102,100,0.026039991681069602
1103,100,0.025026427734701154
1104,100,0.025429168012046796
1105,100,0.025349066335328928
1106,100,0.024951933867210372
1107,100,0.025577469339238077
1108,100,0.026127279634720092
1109,100,0.024776930573215297
1110,100,0.025278457594363677
1111,100,0.025358955329238486
1112,100,0.0254536426605237
1113,100,0.025496398269028893
1114,100,0.02495824028562074
1115,100,0.02553901386491405
1116,100,0.025037502093025934
1117,100,0.025542141740606542
1118,100,0.02497016219371927
1119,100,0.025365944532079184
1120,100,0.025298911827934575
1121,100,0.025268358994774615
1122,100,0.02552163397414072
1123,100,0.025151414063598557
1124,100,0.02553356381258637
1125,100,0.025256900829360822
1126,100,0.02488705492442699
1127,100,0.025279528888055087
1128,100,0.02526065710675818
1129,100,0.025376003473836856
1130,100,0.024380528297705595
1131,100,0.025560064311650137
1132,100,0.025248650513200764
1133,100,0.0254101220308831
1134,100,0.025318106677873802
1135,100,0.02550761277559814
1136,100,0.025666738941422622
1137,100,0.02514742101158445
1138,100,0.02518701264456886
1139,100,0.025042104743326937
1140,100,0.02556179433443947
1141,100,0.02539438244008932
1142,100,0.025225782130163885
1143,100,0.025466067531945618
1144,100,0.025562520248716834
1145,100,0.025106460238725817
1146,100,0.0254755525027693
1147,100,0.02546773742279335
1148,100,0.025749742481940063
1149,100,0.024881675569552668
1150,100,0.025606679659176974
1151,100,0.025606598964369183
1152,100,0.025156943697600475
1153,100,0.025668292364639148
1154,100,0.02559804797772011
1155,100,0.02561107666984332
1156,100,0.025343641875656214
1157,100,0.02553204915943353
1158,100,0.025136116072657373
1159,100,0.02512805181008297
1160,100,0.025930605902289242
1161,100,0.025493283386171017
1162,100,0.02487024711795409
1163,100,0.02490341837965321
1164,100,0.024813962580042155
1165,100,0.025160665987766773
1166,100,0.024999627554884784
1167,100,0.025124933178327202
1168,100,0.02541281499661163
1169,100,0.025479136709401058
1170,100,0.025113474736857617
1171,100,0.0252583937885411
1172,100,0.02534260929120937
1173,100,0.02557943265505914
1174,100,0.025030478281986252
1175,100,0.025561825527122453
1176,100,0.025477380468901634
1177,100,0.02561870098509555
1178,100,0.025682329738166712
1179,100,0.025771023808476345
1180,100,0.025889879101386886
1181,100,0.025162169895420305
1182,100,0.025422808515160673
1183,100,0.0254761517678898
1184,100,0.02532249928400443
1185,100,0.026034237881386632
1186,100,0.025404800721301864
1187,100,0.02571068070186144
1188,100,0.025364831498197
1189,100,0.025081848461150417
1190,100,0.025781020546848565
1191,100,0.024856751857448556
1192,100,0.025383920856675794
1193,100,0.025033230109070884
1194,100,0.025130188487358825
1195,100,0.025243599231698187
1196,100,0.025567899711976837
1197,100,0.024876928159243597
1198,100,0.025379218528092478
1199,100,0.025414045931004332
1200,100,0.02516842549619586
1201,100,0.02518952845628217
1202,100,0.025337964075143233
1203,100,0.025376885620740128
1204,100,0.025882488399347186
1205,100,0.025503067768510284
1206,100,0.025127868370313958
1207,100,0.024997954375989912
1208,100,0.025452413015553555
1209,100,0.02546794479835532
1210,100,0.025480282836841815
1211,100,0.025123706540637208
1212,100,0.024999118024072165
1213,100,0.025629714918565593
1214,100,0.025326148262261927
1215,100,0.025418202094410265
1216,100,0.025393782732904203
1217,100,0.025344465353687458
1218,100,0.02530873612753039
1219,100,0.025071250114768812
1220,100,0.025248202038064025
1221,100,0.025790601393616084
1222,100,0.025595822487005964
1223,100,0.025065078486675253
1224,100,0.02488127971881539
1225,100,0.02518493758997019
1226,100,0.024967859724670874
1227,100,0.02525416229095032
1228,100,0.025521025002591468
1229,100,0.02527577071696887
1230,100,0.025400615307892616
1231,100,0.025152906524415992
1232,100,0.025333060395879466
1233,100,0.025068522319486763
1234,100,0.025069729935355525
1235,100,0.02510414349547476
1236,100,0.02537556260302056
1237,100,0.0249951108380195
1238,100,0.025054252849633737
1239,100,0.025039749424480878
1240,100,0.02566224009413932
1241,100,0.025360053629571895
1242,100,0.02503120026531491
1243,100,0.025805217702140816
1244,100,0.025472203752605744
1245,100,0.025466090160255965
1246,100,0.025276729320047285
1247,100,0.025065397628265523
1248,100,0.02499254660045851
1249,100,0.02541118922619329
1250,100,0.025522699444930567
1251,100,0.02515969815348014
1252,100,0.025312011999225593
1253,100,0.025510275333505823
1254,100,0.025063764461652094
1255,100,0.025123661728662552
1256,100,0.025193445603216458
1257,100,0.025504528344878315
1258,100,0.025476166847573607
1259,100,0.02550242278467483
1260,100,0.02506285815783625
1261,100,0.02562478418872449
1262,100,0.025066867181012444
1263,100,0.025613373708653513
1264,100,0.02510985836571338
1265,100,0.025587525320221634
1266,100,0.025467702791694392
1267,100,0.02525997965297297
1268,100,0.026064640583774907
1269,100,0.0254111222900201
1270,100,0.025025950318698517
1271,100,0.02515038525714423
1272,100,0.025317004010640604
1273,100,0.0248050093985709
1274,100,0.025492146980395307
1275,100,0.025132231470144067
1276,100,0.025173058628662932
1277,100,0.025205489408307337
1278,100,0.025761425005002565
1279,100,0.02582903056517756
1280,100,0.02531742073308764
1281,100,0.02542523308951959
1282,100,0.02520963747746209
1283,100,0.02550459284737699
1284,100,0.025459714021550853
1285,100,0.025643366839481326
1286,100,0.025669645307749882
1287,100,0.025214468143302304
1288,100,0.025093895081435617
1289,100,0.025712513224862295
1290,100,0.025655152767514653
1291,100,0.02529010667102542
1292,100,0.0259460711984157
1293,100,0.025744963295980056
1294,100,0.02571906130130991
1295,100,0.025620362896816986
1296,100,0.02515057963241654
1297,100,0.02565650170037782
1298,100,0.02530728704580013
1299,100,0.024914979535142427
1300,100,0.02585528838331899
1301,100,0.025241673030378498
1302,100,0.025748825866051987
1303,100,0.025870148141000956
1304,100,0.026189962550664827
1305,100,0.025632956977402397
1306,100,0.025509899638157224
1307,100,0.024648145931866833
1308,100,0.025122929602704118
1309,100,0.025691736137497808
1310,100,0.025703868750002738
1311,100,0.025995899797161985
1312,100,0.02583745625799131
1313,100,0.025042767166116007
1314,100,0.0257106851817422
1315,100,0.025274865991670527
1316,100,0.025139546010940428
1317,100,0.025044574418466838
1318,100,0.02527932340707744
1319,100,0.02503167240120974
1320,100,0.02502712934244578
1321,100,0.02543669065957932
1322,100,0.025897929499637512
1323,100,0.025479414047464097
1324,100,0.025623876520741787
1325,100,0.02548739673706766
1326,100,0.02543117007660847
1327,100,0.02536628084488419
1328,100,0.025325157106166705
1329,100,0.025547554831055357
1330,100,0.02543866328688042
1331,100,0.02485318882831457
1332,100,0.025576402563217426
1333,100,0.02558734109787785
1334,100,0.02615305132337313
1335,100,0.025825874631011145
1336,100,0.02553533459429256
1337,100,0.025069197960259904
1338,100,0.025547515289970422
1339,100,0.02532263461137056
1340,100,0.02558602423429076
1341,100,0.02546885288453057
1342,100,0.025894764092237378
1343,100,0.025021057245361307
1344,100,0.025082416600279826
1345,100,0.02494580813888502
1346,100,0.025309479233565968
1347,100,0.025837427322827212
1348,100,0.025630952329571657
1349,100,0.025168585026631923
1350,100,0.025644364767775554
1351,100,0.02458203111885702
1352,100,0.02485551575295081
1353,100,0.02563891804057115
1354,100,0.025111256971624394
1355,100,0.025912213069970966
1356,100,0.025488015981903676
1357,100,0.02560283012875357
1358,100,0.025771723378174866
1359,100,0.025396843903927397
1360,100,0.025373690650440067
1361,100,0.025000997669242037
1362,100,0.025581493102945305
1363,100,0.024793600730402047
1364,100,0.025570910379482926
1365,100,0.02533302862854685
1366,100,0.02531665342595575
1367,100,0.02497688694806327
1368,100,0.02587999405956036
1369,100,0.024987392005537738
1370,100,0.02532216461191263
1371,100,0.024973625962212927
1372,100,0.025724038562472774
1373,100,0.02536363757605861
1374,100,0.02564523078319162
1375,100,0.025120811322988594
1376,100,0.0255500185822161
1377,100,0.0255208704680183
1378,100,0.02547609439864213
1379,100,0.02518148481005928
1380,100,0.025174142133224144
1381,100,0.02558795467509326
1382,100,0.025585058542133925
1383,100,0.025360977520519346
1384,100,0.024999669197058115
1385,100,0.0257058798773743
1386,100,0.0256334004884212
1387,100,0.02582333315840098
1388,100,0.024811645169894557
1389,100,0.025017400183855412
1390,100,0.025071644503958795
1391,100,0.025646091852685404
1392,100,0.02549070740356394
1393,100,0.02557948464781581
1394,100,0.02497792692195511
1395,100,0.025507887939007275
1396,100,0.02489394200249534
1397,100,0.02516563319531126
1398,100,0.02558718966552537
1399,100,0.02533816440332982
1400,100,0.025739514575042605
1401,100,0.025462401137658203
1402,100,0.025962416043572082
1403,100,0.025909863021642596
1404,100,0.024914677728120588
1405,100,0.025927542218926944
1406,100,0.02526838439367637
1407,100,0.025534179515579965
1408,100,0.025274060800744395
1409,100,0.02523872406695212
1410,100,0.02576116795971527
1411,100,0.02529470522414663
1412,100,0.0259868596543613
1413,100,0.025419990156789134
1414,100,0.025238706773357312
1415,100,0.02591743525082324
1416,100,0.025726735420163373
1417,100,0.025713026427879218
1418,100,0.025187663467992165
1419,100,0.02544035302160257
1420,100,0.02489448087128824
1421,100,0.025392430732260322
1422,100,0.025251006040636605
1423,100,0.025320397207851085
1424,100,0.02480817680148867
1425,100,0.024879065540067916
1426,100,0.0251460723725033
1427,100,0.02513389304943773
1428,100,0.025428281425571526
1429,100,0.025309726822875633
1430,100,0.025342782003923453
1431,100,0.024574040693298653
1432,100,0.02536316855993783
1433,99,0.025514124838613053
1434,99,0.025021447602762016
1435,99,0.025006229247619076
1436,99,0.025277428685380972
1437,99,0.024924911443827875
1438,99,0.025006876891806907
1439,99,0.024746112261612812
1440,99,0.025104974221181284
1441,99,0.025322807477595827
1442,99,0.025059341217059702
1443,99,0.02519053998693614
1444,99,0.02488426910713047
1445,99,0.025325416440117383
1446,99,0.025285496939728903
1447,99,0.02457978441882883
1448,99,0.025426214246582347
1449,99,0.025275155725993134
1450,99,0.024939595828284998
1451,99,0.025427212930296574
1452,99,0.025072276530077275
1453,99,0.025138487139120914
1454,99,0.025445729252267592
1455,99,0.025163502236553087
1456,99,0.025191624472922097
1457,99,0.02549228548199308
1458,99,0.02539299284859437
1459,99,0.02522465609827146
1460,99,0.02523032065377819
1461,99,0.02478073666836916
1462,99,0.025360064573305138
1463,99,0.0253995599589784
1464,99,0.025452531477575185
1465,99,0.0249692017713298
1466,99,0.02549057280938386
1467,99,0.024838167984093388
1468,99,0.024618608503224393
1469,99,0.024945919089147794
1470,99,0.025196834428515676
1471,99,0.025434664853668718
1472,99,0.024578201720560387
1473,99,0.024747488039602174
1474,99,0.026075205375639204
1475,99,0.024992765140037135
1476,99,0.02488396328727212
1477,99,0.025333308269275698
1478,99,0.02537207312795329
1479,99,0.02518250798616649
1480,99,0.024998997278268684
1481,99,0.025446175968500306
1482,99,0.024538694844039914
1483,99,0.025057218132049995
1484,98,0.02466943352333739
1485,98,0.024959995424963494
1486,98,0.024644154711195576
1487,98,0.025005921377199473
1488,98,0.025207349847584656
1489,98,0.02482808986343066
1490,98,0.024957858420343135
1491,98,0.02528041662664941
1492,98,0.025195067312725673
1493,98,0.025280164347920936
1494,98,0.0246095019552257
1495,98,0.024971771208700845
1496,98,0.025728222836701474
1497,98,0.025264559972253166
1498,98,0.024408108244995695
1499,98,0.025035780131571036
1500,98,0.024509272846003835
1501,98,0.025040113846829505
1502,98,0.02545795065948119
1503,98,0.025223209026470513
1504,98,0.02511215338856736
1505,98,0.024715948108381538
1506,98,0.02449684547571535
1507,98,0.02482028447062278
1508,98,0.024520912732955563
1509,98,0.024381751726122808
1510,98,0.02481100755991178
1511,98,0.025115053691255454
1512,98,0.024898944967745234
1513,98,0.02583938939585393
1514,98,0.024925982231212097
1515,98,0.025161329283816314
1516,98,0.02484674347313161
1517,98,0.025036460068952472
1518,98,0.025124374277023055
1519,98,0.024902185834661496
1520,98,0.02508081441086526
1521,98,0.025288128112034604
1522,98,0.025101217178327723
1523,98,0.02521527438585505
1524,98,0.024968388773842352
1525,98,0.024858503349717835
1526,98,0.025005936322653143
1527,98,0.02552333441755218
1528,98,0.02455423128156425
1529,98,0.025102492207878944
1530,98,0.025346757472031845
1531,98,0.025008029169246774
1532,98,0.025267766580380577
1533,98,0.02500486401061871
1534,98,0.02433530451194925
1535,98,0.025233617167477008
1536,98,0.02504715175853649
1537,98,0.025054829276975638
1538,98,0.025265911834351173
1539,98,0.0250224028017536
1540,98,0.02499438487382661
1541,98,0.025045803040924186
1542,98,0.025481349507663526
1543,98,0.02483556457699107
1544,98,0.025288924986612817
1545,98,0.025063587263064242
1546,98,0.025100393333505687
1547,98,0.025020931777979684
1548,98,0.02491756132469881
1549,98,0.025150823342906012
1550,98,0.0251764087765047
1551,98,0.024666510685841986
1552,98,0.025238629416416775
1553,98,0.025185243653057163
1554,98,0.02519798290015116
1555,97,0.025218258368734706
1556,97,0.024257746944555448
1557,97,0.024868734722902575
1558,97,0.02460053417493767
1559,97,0.024310249945507838
1560,97,0.02489598611984927
1561,97,0.024860618228398492
1562,97,0.02445612149983875
1563,97,0.025444461461881875
1564,97,0.02489320395381017
1565,97,0.024842265350295326
1566,97,0.02466174405432502
1567,97,0.025105714440286142
1568,97,0.02518916118520076
1569,97,0.02432822430504579
1570,97,0.024456587945841855
1571,97,0.024875070636647414
1572,97,0.025475066991248508
1573,97,0.02527606351072442
1574,97,0.025040421843038386
1575,97,0.025059991315568093
1576,97,0.024743328614030464
1577,96,0.02510432528288233
1578,96,0.02421275934884641
1579,95,0.02421376788261491
1580,95,0.024916893869952404
1581,95,0.024399441088520123
1582,95,0.024160701593969727
1583,95,0.02475311444773731
1584,95,0.024430698123044613
1585,95,0.024296017345606907
1586,95,0.024664412272183026
1587,95,0.024357950203566018
1588,95,0.024121536499859368
1589,95,0.024039977825067005
1590,95,0.024693530183431935
1591,95,0.024501528504433878
1592,95,0.024616561413171624
1593,95,0.02439872334372053
1594,95,0.024495528745320072
1595,95,0.024230981966498342
1596,95,0.024538950889337892
1597,95,0.024232317360417394
1598,95,0.024005396608406053
1599,95,0.02360814836035829
1600,95,0.024613970917205623
1601,95,0.02392643008629914
1602,95,0.024060980379540086
1603,95,0.023933527885165697
1604,95,0.02407963190136433
1605,95,0.024098611697177287
1606,95,0.024955919204268748
1607,95,0.024191892077343253
1608,95,0.024469620996751963
1609,95,0.02452081806341274
1610,95,0.024701459951954892
1611,95,0.024359951981244878
1612,95,0.023880467381747206
1613,95,0.024030364134385314
1614,95,0.024667210276440307
1615,95,0.024117219017002582
1616,95,0.0242480587105406
1617,95,0.024727877669012886
1618,95,0.02419615864586248
1619,94,0.024106993873234065
1620,94,0.02386371328817118
1621,94,0.02374611141091794
1622,94,0.02422991780456394
1623,94,0.024172771725717395
1624,94,0.024748802301384328
1625,94,0.023695598721095133
1626,94,0.023862076096099853
1627,94,0.024101407806198835
1628,94,0.02393407342006571
1629,94,0.023651706846897897
1630,94,0.024176488077924996
1631,94,0.02435165790358351
1632,94,0.02426299547346187
1633,94,0.023945500038036267
1634,94,0.024453618928046733
1635,94,0.02427187349351919
1636,94,0.024256037890845628
1637,94,0.02461821533654245
1638,94,0.024186130219359957
1639,94,0.023992973909804052
1640,94,0.023712420862320813
1641,94,0.024634387502314312
1642,94,0.023769295464183323
1643,94,0.02417158904241502
1644,94,0.02415661098193088
1645,94,0.024182449438370522
1646,94,0.02437795662616729
1647,94,0.024165022106181606
1648,94,0.024178431206917185
1649,94,0.02377509995317782
1650,94,0.02409976453769131
1651,94,0.0243812380367992
1652,94,0.023825512659759907
1653,94,0.02376376429196254
1654,94,0.024150581247906984
1655,94,0.024265600000028996
1656,94,0.024636120701559093
1657,94,0.023442873691013638
1658,94,0.024128282184902355
1659,94,0.024642806181997167
1660,94,0.023668736595352735
1661,94,0.024038084778015376
1662,94,0.023919087733954715
1663,94,0.02431067724857754
1664,94,0.02402193307728267
1665,94,0.023658701973724168
1666,94,0.02357470251582394
1667,94,0.023906590672930623
1668,94,0.02417219704480826
1669,94,0.023723435369339
1670,94,0.023356508543412677
1671,94,0.023998540310016626
1672,94,0.024450845703488624
1673,94,0.023624454024124095
1674,94,0.024067974285504754
1675,94,0.024131664639101356
1676,94,0.023447949509072454
1677,94,0.0242733378768773
1678,94,0.024591603909454366
1679,94,0.023977841511359708
1680,94,0.023719931217810995
1681,94,0.023848877105580372
1682,94,0.024659914869389392
1683,94,0.024290517488575254
1684,94,0.024232645643616574
1685,94,0.024053202976434516
1686,94,0.023853796398031278
1687,94,0.024299218650130534
1688,94,0.024045001821395205
1689,93,0.02418395788357155
1690,93,0.023937195793587728
1691,93,0.02353855983362438
1692,93,0.0236762089454497
1693,93,0.023871226952870098
1694,93,0.024549154143105104
1695,93,0.02339601949470775
1696,93,0.024637212003688954
1697,93,0.023690880511738854
1698,93,0.02402638105339256
1699,93,0.023695953873081158
1700,92,0.024380493676830355
1701,91,0.0236225603901573
1702,91,0.024213977799408273
1703,91,0.02369496826662657
1704,91,0.0231724978376185
1705,91,0.023612903211165423
1706,91,0.02310376173640956
1707,91,0.023432224843708868
1708,91,0.023957970896988187
1709,91,0.023420505164518064
1710,91,0.02314205621215625
1711,91,0.02352297037829734
1712,91,0.023150583831528487
1713,91,0.02417193628706351
1714,91,0.02351833156718045
1715,91,0.02353614986542421
1716,91,0.023378937558689424
1717,91,0.02289120749580349
1718,91,0.02377708791303109
1719,91,0.023288959508288933
1720,91,0.023993094227258274
1721,91,0.02392718737397395
1722,91,0.022921296850185503
1723,91,0.02346735298144297
1724,91,0.023170775615840144
1725,90,0.023396727162010255
1726,90,0.023246202209816966
1727,90,0.02323768546071576
1728,90,0.02313189986561243
1729,90,0.022995948388456245
1730,90,0.023253636685613747
1731,90,0.02352824248933954
1732,90,0.02328335896493124
1733,90,0.022922701255883065
1734,89,0.02319357950488332
1735,89,0.02335594449317722
1736,89,0.023454983327079206
1737,89,0.023610657633664923
1738,89,0.023602557022883202
1739,88,0.022737947999326803
1740,88,0.023303946672474735
1741,88,0.022941381343015405
1742,88,0.022838601289267936
1743,88,0.022963492422112777
1744,88,0.02252438857423624
1745,88,0.02233014980598536
1746,88,0.023025431250151662
1747,88,0.022808103449102238
1748,88,0.0227057588361876
1749,88,0.02253079429847088
1750,88,0.022881293041170047
1751,88,0.023072655241002632
1752,88,0.022753987814848456
1753,88,0.022646659143676036
1754,88,0.022624806967867225
1755,88,0.022897987967123504
1756,88,0.022791178659500037
1757,88,0.023060950483606936
1758,88,0.02252851277066113
1759,88,0.02285763863713904
1760,88,0.023611480465647244
1761,87,0.02290005187908227
1762,87,0.022789792135801724
1763,87,0.022544211854655372
1764,87,0.02226331779503488
1765,87,0.02253417115677949
1766,87,0.02246375234872557
1767,87,0.02281180620831496
1768,87,0.02249731852184335
1769,87,0.02227007419744824
1770,87,0.022363380592832202
1771,87,0.022963423435058576
1772,87,0.02261080954565655
1773,87,0.02218593663695863
1774,87,0.021931178241273133
1775,87,0.022458426918682172
1776,87,0.022956524638822893
1777,87,0.022978169391152294
1778,87,0.02270303646725605
1779,87,0.02243126654444258
1780,87,0.02234026625659046
1781,87,0.022130075546846303
1782,86,0.022611127240143553
1783,86,0.022649007568744915
1784,86,0.022538434475451577
1785,86,0.022442192562281176
1786,86,0.022719949556855336
1787,86,0.02268834252239257
1788,86,0.02333780763329777
1789,86,0.0227778490760165
1790,86,0.022553520029961985
1791,86,0.021941686603890214
1792,86,0.022055907032466907
1793,86,0.02206136596844674
1794,86,0.02253281415720498
1795,86,0.022254945807776316
1796,86,0.022071992390840425
1797,86,0.022160064857787518
1798,86,0.022417729687995724
1799,86,0.022440122393344725
1800,86,0.022424949848668885
1801,86,0.022065969492460216
1802,86,0.022303628187020887
1803,86,0.02278789841804682
1804,86,0.022127486586364375
1805,86,0.022340906896230958
1806,86,0.022436246085022062
1807,86,0.021942234660006096
1808,86,0.022850435165526147
1809,86,0.02238794870697198
1810,85,0.021774573857177185
1811,85,0.022788031379075414
1812,85,0.022185699893548842
1813,85,0.02220186540374797
1814,85,0.022717723241609807
1815,85,0.022383932575465795
1816,85,0.02203441886253768
1817,85,0.02236665519228767
1818,85,0.022209873778975438
1819,85,0.023153888141204167
1820,85,0.022189071268037992
1821,85,0.02230388860274727
1822,85,0.021647129179909557
1823,85,0.02194503986755588
1824,85,0.022079518056778543
1825,85,0.022503656301935345
1826,85,0.02205823468041221
1827,85,0.022432203551744957
1828,85,0.022125145967003285
1829,85,0.022820577653976888
1830,85,0.02249162052745693
1831,85,0.021783558902100264
1832,85,0.021865768328184744
1833,85,0.021463412147551937
1834,84,0.02234887667619061
1835,83,0.02206443511795113
1836,83,0.02202294786389855
1837,83,0.021881246172678313
1838,83,0.022337755921162432
1839,83,0.02209692115896595
1840,83,0.022452087227909222
1841,83,0.022116756109500778
1842,83,0.021739192041803784
1843,83,0.02205566341563552
1844,83,0.021934519555288304
1845,83,0.022435886088453934
1846,83,0.021506487182091714
1847,83,0.021676734628710174
1848,83,0.02083919930209144
1849,83,0.02127286932071801
1850,83,0.02159026954421958
1851,83,0.02197995192698356
1852,83,0.021809325731384242
1853,82,0.022006927833019427
1854,82,0.021577336709618755
1855,82,0.021608840945807874
1856,82,0.0221543879229919
1857,82,0.0219151738491568
1858,82,0.02123479606934572
1859,82,0.021311691704892204
1860,82,0.021544816361375535
1861,82,0.02214298033714644
1862,82,0.021381382748783685
1863,82,0.02159158476478077
1864,82,0.02190702318299566
1865,82,0.02218227794297588
1866,82,0.021745074452141765
1867,82,0.022065669625331248
1868,82,0.021451809775679224
1869,82,0.021598764299947285
1870,82,0.02215975771047636
1871,82,0.021463880193811853
1872,82,0.021894496415932916
1873,82,0.02154972698032888
1874,82,0.021452105183434222
1875,82,0.02146697450500565
1876,82,0.02107015580078739
1877,82,0.021456854029176877
1878,82,0.02218026438179078
1879,82,0.02098929951247276
1880,82,0.021555638343502197
1881,82,0.0216957680274079
1882,82,0.02147013875662105
1883,82,0.021609254231463832
1884,82,0.02177467052486702
1885,82,0.021664708432412808
1886,82,0.021456598585127832
1887,82,0.021607511813918966
1888,82,0.02209906843250538
1889,82,0.021503119199441124
1890,82,0.021494841159473685
1891,82,0.021497380898345565
1892,82,0.021556244590787307
1893,82,0.02187766262006667
1894,82,0.021656317118615404
1895,82,0.021279380256372972
1896,82,0.02117761697172221
1897,82,0.02133485830368935
1898,82,0.02121177056745169
1899,82,0.021852133545189452
1900,81,0.021705281830318966
1901,81,0.021018819795794154
1902,81,0.02101729833678781
1903,81,0.021741388323286683
1904,81,0.021354848306728562
1905,81,0.021419119257933585
1906,81,0.021693423909495843
1907,81,0.021460038160589417
1908,81,0.021037188280779752
1909,81,0.020870775203992817
1910,81,0.021443586563606908
1911,81,0.02118621352395984
1912,81,0.021809324005011732
1913,81,0.020944066838125917
1914,81,0.020716950310849892
1915,81,0.02128535888969173
1916,81,0.020941336042285052
1917,81,0.02056607456962963
1918,81,0.02118217098363478
1919,81,0.021961858393610527
1920,81,0.021576221139838495
1921,81,0.021338628686729044
1922,81,0.021514018649909393
1923,81,0.021469789364680948
1924,81,0.021125594158948824
1925,81,0.020789961956697522
1926,81,0.021760386023109455
1927,81,0.02073843940527147
1928,81,0.022072638119553758
1929,81,0.021154876554148494
1930,81,0.021055033703971653
1931,81,0.02131792564445995
1932,81,0.02137852705796759
1933,81,0.021321647956483187
1934,81,0.020965194025591775
1935,81,0.021878712988395693
1936,81,0.02147736553288562
1937,81,0.02158817625024186
1938,81,0.02139527226870483
1939,81,0.0214423474420658
1940,81,0.020932341624712834
1941,81,0.020939852308374446
1942,81,0.021237719375090603
1943,81,0.021801726309773256
1944,81,0.021039139568471237
1945,80,0.0209614618705493
1946,80,0.021126664835452485
1947,80,0.020494340322057547
1948,80,0.02155599737397287
1949,80,0.02117316687123425
1950,80,0.02139526145068935
1951,80,0.02157790978507004
1952,80,0.02121558871584972
1953,80,0.02118734417994899
1954,80,0.020879674597845104
1955,80,0.02107195888994566
1956,80,0.021266387175473838
1957,80,0.02119181561721204
1958,80,0.021104972560595667
1959,80,0.020558337857563082
1960,80,0.021212145504659868
1961,80,0.021329687589103263
1962,80,0.02167025734875189
1963,80,0.020996596415558486
1964,80,0.02114841639159694
1965,80,0.020943219199491925
1966,80,0.02054130725855054
1967,80,0.021207758854905067
1968,80,0.02068587799721409
1969,80,0.021440328179714054
1970,80,0.02057507269171272
1971,80,0.020968983807765938
1972,80,0.02095642849303329
1973,80,0.021307194987544163
1974,80,0.021337642973321285
1975,80,0.020670611473330665
1976,80,0.020629892847384656
1977,80,0.02084699580929925
1978,80,0.021297782465910724
1979,80,0.02094445266586201
1980,80,0.021239602649353803
1981,80,0.02081127346533975
1982,80,0.02128122126609557
1983,80,0.02069053913450509
1984,79,0.020590701067931608
1985,79,0.020948256945231655
1986,79,0.02104982869093888
1987,79,0.020537203767016836
1988,79,0.02093574742929904
1989,79,0.021019275913951935
1990,79,0.020215256762389534
1991,79,0.020809263328757904
1992,79,0.020896562847337347
1993,79,0.021553522446664815
1994,79,0.02066999210280949
1995,79,0.021155636137028085
1996,79,0.020435547392057947
1997,79,0.021056578725383898
1998,79,0.02064470472965948
1999,79,0.020305006473847528
2000,79,0.02056759003141345
2001,79,0.020741319308866246
2002,79,0.020723833708721058
2003,79,0.020838995885281916
2004,79,0.020859062300665396
2005,79,0.020672875513139455
2006,79,0.02106500590675886
2007,79,0.020957103632477197
2008,79,0.021760306967289346
2009,79,0.021221956825622976
2010,79,0.02096470694851496
2011,79,0.021546575028082528
2012,79,0.021683270977564898
2013,79,0.02084491356656204
2014,79,0.02114643519146587
2015,79,0.020981892798028826
2016,79,0.021232806364595565
2017,79,0.02101707781340335
2018,79,0.020847030297599288
2019,79,0.0201890937925568
2020,79,0.020604289119190093
2021,79,0.02060384191066405
2022,79,0.020634226075777817
2023,79,0.02039446883948592
2024,79,0.020756050486576597
2025,79,0.021137225108915903
2026,79,0.020765405237316733
2027,78,0.02079147294616085
2028,78,0.020995828696356397
2029,78,0.020814227600037535
2030,78,0.020401020581209083
2031,78,0.020750796509738743
2032,78,0.021402044585373942
2033,78,0.020370674347644058
2034,78,0.020450525211299433
2035,78,0.021024705115454654
2036,78,0.021279588289425742
2037,78,0.020601293131975458
2038,78,0.020582177630352593
2039,78,0.02148520945558959
2040,78,0.020477286803822867
2041,78,0.019701132923451138
2042,78,0.020512464179452548
2043,78,0.020540934426973648
2044,78,0.021040046293762077
2045,78,0.020624595841888735
2046,78,0.02078693856689841
2047,78,0.02048446508452576
2048,78,0.02103391872001742
2049,78,0.020832458866011493
2050,78,0.02086919709056739
2051,78,0.021037035761255225
2052,78,0.020461612401589106
2053,78,0.020655642657823048
2054,78,0.021060557245976202
2055,78,0.021381668512784238
2056,78,0.020835594587591
2057,78,0.021274335504069344
2058,78,0.0207957539141546
2059,78,0.02106570728566895
2060,78,0.020540651758023287
2061,78,0.020722254424505034
2062,78,0.02054072217483717
2063,78,0.020461544556190935
2064,78,0.02081880769660272
2065,78,0.020125448706845506
2066,78,0.02086237207509554
2067,78,0.02093815419939189
2068,78,0.020408461696783793
2069,78,0.020446806791552544
2070,78,0.02005779474845355
2071,78,0.019995718435155442
2072,78,0.020616153956301935
2073,78,0.02006104854231171
2074,78,0.021091167753971872
2075,77,0.020276478005236423
2076,77,0.021103130707284985
2077,77,0.020482233774371
2078,77,0.020371829562729205
2079,77,0.021184159145467434
2080,77,0.02077080317785106
2081,77,0.020455217716460295
2082,77,0.020420716035692576
2083,77,0.020304502999007334
2084,77,0.01980888231908872
2085,77,0.020655084161046094
2086,77,0.02054991802046413
2087,77,0.020759585756793382
2088,77,0.0202030180466037
2089,77,0.020533310958531722
2090,77,0.020020229136159962
2091,77,0.02086637569058053
2092,77,0.021024886132879714
2093,76,0.01988052385659416
2094,76,0.02059172695690524
2095,76,0.019802076417726345
2096,76,0.02068951683300034
2097,76,0.01959526721554891
2098,75,0.019963324932124802
2099,75,0.019310253187875766
2100,75,0.02022331598414406
2101,75,0.019656839310317017
2102,75,0.020466977560367867
2103,75,0.01988696601750852
2104,75,0.02112659744943658
2105,75,0.020445954157615635
2106,74,0.019916955466394798
2107,74,0.019685240986116775
2108,74,0.019617510931133942
2109,74,0.019315967013780955
2110,73,0.019482979501234315
2111,73,0.02053669440545846
2112,73,0.019560777882976225
2113,73,0.019659931142658616
2114,73,0.01882990080599585
2115,72,0.01940314929117259
2116,72,0.018794781098298397
2117,72,0.01942324090693138
2118,70,0.01899785169635699
2119,70,0.019992142134329306
2120,70,0.01908290949465236
2121,70,0.018183274668130654
2122,70,0.019023821069478662
2123,70,0.018591564202538262
2124,69,0.019394024988060064
2125,69,0.018986992314666988
2126,69,0.018831007038891973
2127,69,0.019404634960799066
2128,69,0.018870998987389767
2129,69,0.018888130879940762
2130,69,0.018711216768982786
2131,69,0.01928491035846799
2132,68,0.020594853035473277
2133,68,0.018874774849931213
2134,66,0.01824388348645349
2135,66,0.019163195672001854
2136,66,0.017461314719885147
2137,66,0.01852345592978001
2138,66,0.018952122276033895
2139,66,0.018040028901467265
2140,66,0.019090463345728437
2141,66,0.019107604519310616
2142,66,0.0178575572801964
2143,65,0.019535891794144798
2144,65,0.01844711125363034
2145,65,0.017458611205737298
2146,65,0.018137967442170503
2147,65,0.01767692228495737
2148,65,0.018712296412779616
2149,65,0.017831962866722485
2150,65,0.018799714942680828
2151,65,0.01743077570033493
2152,65,0.018343744399530657
2153,65,0.01773275534140823
2154,65,0.01876995655960538
2155,65,0.017765304328739635
2156,65,0.01872597315678834
2157,65,0.01846977020104103
2158,65,0.019014838546244046
2159,65,0.018114559025192094
2160,65,0.019088579852018582
2161,65,0.017783202808899074
2162,65,0.01800823694353574
2163,65,0.018092297696406294
2164,65,0.019163867195760326
2165,65,0.0182786789214047
2166,65,0.01772776882162445
2167,65,0.021850244837882914
2168,65,0.018483017877729015
2169,65,0.018499437329576405
2170,65,0.017875981332893837
2171,65,0.018425220039552458
2172,65,0.01803077227094634
2173,65,0.01886543322749075
2174,65,0.018436782103364743
2175,65,0.017508235720958824
2176,65,0.017324867290959275
2177,65,0.01856139208447987
2178,65,0.01805474325283472
2179,65,0.01869864829796164
2180,65,0.018896969524729173
2181,65,0.017594069713345546
2182,65,0.019009790881672338
2183,65,0.017054808408028435
2184,65,0.017859252862419087
2185,65,0.01850942415414778
2186,65,0.018142490927842796
2187,65,0.018297556558435384
2188,65,0.01802823380209617
2189,64,0.017509943048108198
2190,63,0.018315692102854508
2191,63,0.017514353966397757
2192,63,0.017449809413128355
2193,63,0.016865673902118163
2194,63,0.017188650412619425
2195,63,0.016830070102356518
2196,63,0.017859882129056627
2197,63,0.017687850542462934
2198,63,0.01782102048403253
2199,63,0.01766563151520911
2200,63,0.017214595329464736
1,100,0.025546380862948824
2,100,0.02504322592117268
3,100,0.025476936733981798
4,100,0.024782188881963877
5,100,0.025340929878750272
6,100,0.02565502108639225
7,100,0.02542356162012782
8,100,0.025428102926527578
9,100,0.025266691565659857
10,100,0.025459856623989932
11,100,0.025019068068807784
12,100,0.025433794133732042
13,100,0.02507871279102274
14,100,0.02477815240584148
15,100,0.024977789680792555
16,100,0.026043390143006436
17,100,0.025178782982580725
18,100,0.025505746259620075
19,100,0.025262036585328156
20,100,0.025362925895048467
21,100,0.024799016104203306
22,100,0.025139004128316964
23,100,0.025283997253499366
24,100,0.025533047102149035
25,100,0.024731175812888515
26,100,0.025016028540758233
27,100,0.025957916872294626
28,100,0.025674265269874416
29,100,0.024630844042907815
30,100,0.02499083441717892
31,100,0.02540393480794983
32,100,0.025233348268887238
33,100,0.025018058143312014
34,100,0.0252153040701287
35,100,0.025468396788558056
36,100,0.02510745743072903
37,100,0.025539869013130642
38,100,0.025369604801997462
39,100,0.025346874413677042
40,100,0.025354220865796872
41,100,0.025222481957122234
42,100,0.02557264939277691
43,100,0.024643911490127235
44,100,0.025491218096689795
45,100,0.024513130763815717
46,100,0.025244329417901654
47,100,0.025561211183283236
48,100,0.024904444483641413
49,100,0.02520368156192189
50,100,0.0252043072063806
51,100,0.02513291406627703
52,100,0.025820905276926723
53,100,0.025222148882251615
54,100,0.024740120365080782
55,100,0.025404391295151187
56,100,0.0258283414417445
57,100,0.02539059755627926
58,100,0.025190916162962214
59,100,0.024981173430765648
60,100,0.025276738044264214
61,100,0.02560605033896768
62,100,0.025232167287901987
63,100,0.025051315734179798
64,100,0.024802253765276207
65,100,0.02538238453066261
66,100,0.025128271118211434
67,100,0.024988637122113688
68,100,0.025110771033241868
69,100,0.02528095937041235
70,100,0.024817102111767776
71,100,0.025146206301085754
72,100,0.025304860741909282
73,100,0.02561172214441994
74,100,0.025276234015702503
75,100,0.025103629517366315
76,100,0.0252654941034774
77,100,0.0256758266450268
78,100,0.02461000859916383
79,100,0.02523315866369807
80,100,0.025390525782446563
81,100,0.024795795292214953
82,100,0.025002940920437314
83,100,0.02460591761360783
84,100,0.02557320889178516
85,100,0.025637777775274557
86,100,0.024879172903359677
87,100,0.025421723193587886
88,100,0.024975206412008132
89,100,0.025245194576269593
90,100,0.02567332147997097
91,100,0.025403528481954263
92,100,0.025520829745256914
93,100,0.025120489105774354
94,100,0.025243337643502624
95,100,0.025152697000525564
96,100,0.02499074345224955
97,100,0.025119106893322363
98,100,0.02524199723012562
99,100,0.025168679960571042
100,100,0.02506843016840474
101,100,0.025290164712283795
102,100,0.02534955241686726
103,100,0.025295888142175524
104,100,0.02521946490732578
105,100,0.025169361193374356
106,100,0.025558276085153948
107,100,0.025204367559525178
108,100,0.025198902893477374
109,100,0.025529660418152536
110,100,0.02539626322776147
111,100,0.025422591865880688
112,100,0.02509693312650858
113,100,0.025634525500018972
114,100,0.025442513652099607
115,100,0.02482300015132098
116,100,0.025753060284248664
117,100,0.02568959385187466
118,100,0.02519671710772777
119,100,0.02534956229284507
120,100,0.025321910491019152
121,100,0.025388545016580444
122,100,0.025271030121844867
123,100,0.025532005179143363
124,100,0.024871193414677934
125,100,0.02497822485622986
126,100,0.025466866173345034
127,100,0.025514827055373224
128,100,0.024935532846420683
129,100,0.025159091199951238
130,100,0.025071359111764294
131,100,0.025048835929499292
132,100,0.024806013243871862
133,100,0.02543613420723155
134,100,0.025447712929710545
135,100,0.025506973102318756
136,100,0.02458410554191508
137,100,0.02496790127986166
138,100,0.02516066157940047
139,100,0.025427886107458157
140,100,0.025462200135303925
141,100,0.024931254219919433
142,100,0.025323360313653707
143,100,0.02513565299788343
144,100,0.025398201178679906
145,100,0.025390212374734624
146,100,0.025401062790275146
147,100,0.02529153189295301
148,100,0.025536318740416585
149,100,0.025915217204625397
150,100,0.02518141251705502
151,100,0.025774198147673254
152,100,0.02497662765948391
153,100,0.02527942265852264
154,100,0.02515327698262459
155,100,0.025154378806342994
156,100,0.025458805350837856
157,100,0.0256025072083752
158,100,0.025524927926722195
159,100,0.02511240502548797
160,100,0.025394401956578938
161,100,0.024894423813015737
162,100,0.025179691426078673
163,100,0.02488839018496184
164,100,0.02569228514070076
165,100,0.02592656559079451
166,100,0.025208699089722994
167,100,0.025381449295833587
168,100,0.025629033565988467
169,100,0.02534239656199707
170,100,0.024817608383406187
171,100,0.02554629389956784
172,100,0.025308450989588525
173,100,0.025165132227118917
174,100,0.025469441784897018
175,100,0.02499868432581976
176,100,0.025316995960713337
177,100,0.02533114608440262
178,100,0.025283638077126417
179,100,0.025084369589374402
180,100,0.02512415764750474
181,100,0.024802332316944065
182,100,0.025460916932951584
183,100,0.02570975249555834
184,100,0.025367391138333237
185,100,0.025510268784526575
186,100,0.025320443226135875
187,100,0.025507942824240668
188,100,0.025177964979153877
189,100,0.025552150871519352
190,100,0.025057782320388675
191,100,0.025375993389276787
192,100,0.024947129685083145
193,100,0.025716426100277467
194,100,0.025007190284173177
195,100,0.0245215852300217
196,100,0.0248295510558018
197,100,0.02554401184678976
198,100,0.025854628419099492
199,100,0.02542296524690515
200,100,0.02540609302017453
201,100,0.025389814543157658
202,100,0.02534645407897857
203,100,0.025388178106776797
204,100,0.02548866093755674
205,100,0.025190674735519412
206,100,0.02559084057298887
207,100,0.02537211486565532
208,100,0.025007161412143243
209,100,0.025135023364576722
210,100,0.025307534062997124
211,100,0.025168597443955405
212,100,0.02546336426768966
213,100,0.024916824703554816
214,100,0.02550004652153865
215,100,0.02521901704083991
216,100,0.02543363749130425
217,100,0.02499855184087159
218,100,0.025231038573883733
219,100,0.02501352217806028
220,100,0.025060088787813035
221,100,0.025561826643363827
222,100,0.025279353801338385
223,100,0.025044276387744445
224,100,0.02515511873898131
225,100,0.025415336465503726
226,100,0.025032356592169864
227,100,0.025247189627709044
228,100,0.025795510775712495
229,100,0.024799022491445066
230,100,0.025261726681881078
231,100,0.024990867601353103
232,100,0.025403688722797732
233,100,0.025439452396560064
234,100,0.024934100233976794
235,100,0.025165900899381945
236,100,0.025532559422228623
237,100,0.02496361159504979
238,100,0.025000261084450668
239,100,0.02497098505172867
240,100,0.024733190848133656
241,100,0.025614334912020642
242,100,0.025272183506277093
243,100,0.025501698366388402
244,100,0.024958622915829773
245,100,0.024857553808813836
246,100,0.025598011369218302
247,100,0.02536720030944461
248,100,0.025301478034508447
249,100,0.025132115170896748
250,100,0.025483582841729066
251,100,0.025252599755499885
252,100,0.025126853621126367
253,100,0.025112416179030622
254,100,0.025216627367839396
255,100,0.024963509687971383
256,100,0.025495361686042557
257,100,0.02523730330062624
258,100,0.024999219598715403
259,100,0.025504063236889307
260,100,0.025251731399484667
261,100,0.025550759777086846
262,100,0.02516192905567137
263,100,0.024917501268432743
264,100,0.025501619166493843
265,100,0.025360766623255968
266,100,0.02508016480797707
267,100,0.025476244234391064
268,100,0.025501946634758178
269,100,0.024854864987871726
270,100,0.02456728177123402
271,100,0.02547784599716781
272,100,0.025117089180897792
273,100,0.025541850651202465
274,100,0.025427460820833844
275,100,0.02518112390678383
276,100,0.02533900035428588
277,100,0.025335678510424644
278,100,0.025514277902852173
279,100,0.025103655234888504
280,100,0.0251730350820802
281,100,0.02488264962607828
282,100,0.02521556903409913
283,100,0.02587562634330625
284,100,0.025607850139755188
285,100,0.024969674125919397
286,100,0.02537057966758086
287,100,0.024818554141857917
288,100,0.0251001061916964
289,100,0.025011147566932675
290,100,0.02514594831180031
291,100,0.025165937003271344
292,100,0.025292837722183204
293,100,0.02532900979108959
294,100,0.024645932708031455
295,100,0.025330096329116703
296,100,0.025235651177082503
297,100,0.02506011883021135
298,100,0.025029969764483656
299,100,0.025094161188992964
300,100,0.025514534354522216
301,100,0.024791061044121987
302,100,0.025215688251634377
303,100,0.0252191978932905
304,100,0.025463397692426514
305,100,0.02560792319741496
306,100,0.025027971559943678
307,100,0.0258618261655097
308,100,0.025715569257043044
309,100,0.0252433304453343
310,100,0.02604912671547102
311,100,0.025571031663013177
312,100,0.02519888025530258
313,100,0.0259117987027487
314,100,0.025276975777952782
315,100,0.024902249309451605
316,100,0.025354084458315083
317,100,0.025034240158259363
318,100,0.024947350491615134
319,100,0.025080245368619403
320,100,0.02561523062755051
321,100,0.025072247950705336
322,100,0.02506070425331766
323,100,0.024897390443997684
324,100,0.025221011893079178
325,100,0.025303437996763146
326,100,0.025233035500225938
327,100,0.025257983350503735
328,100,0.025662918572093494
329,100,0.024965276744732427
330,100,0.025383835982946
331,100,0.025113025563616033
332,100,0.025213782942192106
333,100,0.025526422165868635
334,100,0.02562066892645982
335,100,0.02546631589248019
336,100,0.025538640824082293
337,100,0.02547686163440774
338,100,0.025236079180421322
339,100,0.025336167894080212
340,100,0.025346656998156306
341,100,0.024983217118696197
342,100,0.025176213908479843
343,100,0.02507557933790247
344,100,0.024899992421297947
345,100,0.02554907015300411
346,100,0.02559249925094003
347,100,0.02515751999795416
348,100,0.025687252769844623
349,100,0.02531459657572027
350,100,0.024857375501543346
351,100,0.025347766670562565
352,100,0.025305566350053283
353,100,0.025486786355688143
354,100,0.025052975706928153
355,100,0.02505729689438054
356,100,0.025341183427480526
357,100,0.02557231415144793
358,100,0.02551539928379045
359,100,0.025021119010391186
360,100,0.024888930447279613
361,100,0.02518103698252324
362,100,0.02506316198035272
363,100,0.02527219323846004
364,100,0.025549045920635557
365,100,0.02499341520897029
366,100,0.025175712503254982
367,100,0.02569836996465199
368,100,0.025143724867115184
369,100,0.024900534428515392
370,100,0.025026018606769933
371,100,0.02460405378592771
372,100,0.025145752638928917
373,100,0.025004756181927126
374,100,0.025207662062589408
375,100,0.025690761479989842
376,100,0.025296011305375104
377,100,0.02573423800291805
378,100,0.02493718961339779
379,100,0.025257275461457045
380,100,0.025156635630945386
381,100,0.02577472032571348
382,100,0.02506082879791608
383,100,0.025340688541166223
384,100,0.025312318394027318
385,100,0.024983627807401425
386,100,0.024886239517690055
387,100,0.025342705300523963
388,100,0.025069237172792896
389,100,0.024916011344054224
390,100,0.025083605797505428
391,100,0.024979231942673194
392,100,0.02549239991948245
393,100,0.02548745777315998
394,100,0.02557024233678347
395,100,0.025463445043461166
396,100,0.025193758701021036
397,100,0.024991570651892638
398,100,0.025009890923321416
399,100,0.02552384438532526
400,100,0.025434040563832888
401,100,0.02585389454571583
402,100,0.02516580432365945
403,100,0.025158889786307488
404,100,0.02504032407897425
405,100,0.025108943780725014
406,100,0.0250450906145369
407,100,0.024942705179429932
408,100,0.025487228702737442
409,100,0.025313031793028237
410,100,0.025299872179883633
411,100,0.02503258093484752
412,100,0.024903096715226936
413,100,0.025185146194989003
414,100,0.025273438579997552
415,100,0.025396610328691966
416,100,0.024730194973678322
417,100,0.025574184116934764
418,100,0.02525947777028196
419,100,0.025152176773177687
420,100,0.025345708598017706
421,100,0.02502399836845055
422,100,0.02524189354419094
423,100,0.02537594525416354
424,100,0.025575364417552725
425,100,0.025658560202258783
426,100,0.02487526415181162
427,100,0.02556533665233617
428,100,0.025344335083733096
429,100,0.025247112717774283
430,100,0.025258747501583568
431,100,0.025538286710174246
432,100,0.025220229774098237
433,100,0.025853734592030584
434,100,0.024919224273180083
435,100,0.025223857295489316
436,100,0.02566856294191868
437,100,0.025352951067962527
438,100,0.025381318651385407
439,100,0.02524611667745232
440,100,0.025108069039271142
441,100,0.024977912403630145
442,100,0.025535124288589752
443,100,0.02500761190467467
444,100,0.025654349621346783
445,100,0.02535017752096668
446,100,0.025167115459129582
447,100,0.0253142677211514
448,100,0.025533901673672667
449,100,0.02551492643586377
450,100,0.02476181367855694
451,100,0.025109542260746246
452,100,0.02579314873611655
453,100,0.02531040771844233
454,100,0.025381796041338035
455,100,0.02481612701268117
456,100,0.025718265012982133
457,100,0.025293893683201583
458,100,0.02535684187449511
459,100,0.025266684246256332
460,100,0.025286599432344573
461,100,0.024900847321227642
462,100,0.02519488654591932
463,100,0.025421753698046723
464,100,0.025225386214787607
465,100,0.025962264139290418
466,100,0.02561496498710173
467,100,0.025466108905115307
468,100,0.02565115477121436
469,100,0.02533296921496084
470,100,0.02557504690395055
471,100,0.02545868829296086
472,100,0.025523327084435193
473,100,0.025286438670407044
474,100,0.025451674977385284
475,100,0.025190983905417748
476,100,0.025938813522582156
477,100,0.025375749964286112
478,100,0.024866693389745693
479,100,0.025440475938031178
480,100,0.025125653495494525
481,100,0.025236878721699132
482,100,0.025345447650531695
483,100,0.025720639864317777
484,100,0.02586922975660118
485,100,0.025536287778188334
486,100,0.024801470638588723
487,100,0.025556640363936043
488,100,0.025484789583120605
489,100,0.025307215790569916
490,100,0.02483667573677355
491,100,0.02543448996356685
492,100,0.025081715138705128
493,100,0.025857986405027403
494,100,0.02551222047531654
495,100,0.025395613645069773
496,100,0.025213814889239194
497,100,0.02492533600712576
498,100,0.024671860285581625
499,100,0.02528702086397564
500,100,0.02556796234247849
501,100,0.025601934012423166
502,100,0.0252178253028461
503,100,0.02553655135769149
504,100,0.025565900745353826
505,100,0.025390457868067755
506,100,0.025073041992622246
507,100,0.02539989807121699
508,100,0.02540630279935443
509,100,0.025291994639441356
510,100,0.025559136420474256
511,100,0.02495133811488246
512,100,0.02503310481784828
513,100,0.02513487059804807
514,100,0.025370286799898195
515,100,0.025297899051082946
516,100,0.025607769987883427
517,100,0.024790866024510163
518,100,0.025444071179326063
519,100,0.0251705940437397
520,100,0.025221538475630977
521,100,0.026069480219878025
522,100,0.025366764578472503
523,100,0.025233491558010943
524,100,0.025402974108527803
525,100,0.025821021039023066
526,100,0.02546608208679893
527,100,0.02562007997870831
528,100,0.025171139184130352
529,100,0.025362044452924424
530,100,0.02505596597662778
531,100,0.025392778866763513
532,100,0.025708814039340395
533,100,0.02517476225061826
534,100,0.025567132657219743
535,100,0.025518033498304588
536,100,0.025246417577680813
537,100,0.0257480733044354
538,100,0.02557867729246065
539,100,0.025574998301402113
540,100,0.025395814595281067
541,100,0.025516597761434695
542,100,0.02563141143458601
543,100,0.02492479711483602
544,100,0.025713596537533023
545,100,0.025167532587536918
546,100,0.025426140479883647
547,100,0.02541786541372198
548,100,0.026251110193017218
549,100,0.025251372873834138
550,100,0.02509574471399872
551,100,0.02546992463043872
552,100,0.025533907169954812
553,100,0.025213449736206015
554,100,0.025704494213566607
555,100,0.025225920821227148
556,100,0.02568901938535261
557,100,0.02581861357312444
558,100,0.025318004330282536
559,100,0.02510503943567637
560,100,0.025425005786604258
561,100,0.025140948063767186
562,100,0.02542432107328791
563,100,0.025395140738280666
564,100,0.025381735062625237
565,100,0.025347524098294164
566,100,0.02497505818723414
567,100,0.025685361294357154
568,100,0.024991148754297386
569,100,0.02516496977544442
570,100,0.025060732817587264
571,100,0.02550900268222902
572,100,0.02518187827735289
573,100,0.024961589901992973
574,100,0.02508162265254165
575,100,0.025169444715130003
576,100,0.02492772356364861
577,100,0.025479998999234997
578,100,0.024852390761430844
579,100,0.025269226029117808
580,100,0.02534834811288053
581,100,0.025059890400433136
582,100,0.025205694165260452
583,100,0.02508144370579072
584,100,0.02552949994972819
585,100,0.025738065724867788
586,100,0.024628908810843245
587,100,0.025344564244428647
588,100,0.024835926412620484
589,100,0.025528820558840492
590,100,0.025227787646986247
591,100,0.026401608038703974
592,100,0.025754416526400092
593,100,0.02530674047946779
594,100,0.02533869027025687
595,100,0.025268218466446973
596,100,0.025273190457537783
597,100,0.024990446021029993
598,100,0.02553755279861014
599,100,0.02557521629501718
600,100,0.0253504673961958
601,100,0.02516330443249568
602,100,0.025337248125818435
603,100,0.025303285995466794
604,100,0.025560730158333208
605,100,0.025114247231133542
606,100,0.025868211781905293
607,100,0.024883355644198406
608,100,0.025595459887850787
609,100,0.02534463082855895
610,100,0.024992223236182554
611,100,0.02540964228718078
612,100,0.025368617259188365
613,100,0.02578005648700376
614,100,0.025181166254134506
615,100,0.024856319922600296
616,100,0.02524995088570648
617,100,0.02478495303967805
618,100,0.025074762258332873
619,100,0.02513991590187363
620,100,0.025106552804238003
621,100,0.024979009613005785
622,100,0.024983628052120052
623,100,0.025180040222560155
624,100,0.02513974418903929
625,100,0.02519540128304952
626,100,0.025286113156346043
627,100,0.02536361063109996
628,100,0.02533275543655597
629,100,0.025279220729173386
630,100,0.026003263612816956
631,100,0.025116225524160873
632,100,0.02503598568216719
633,100,0.025690154183359338
634,100,0.025318666746864407
635,100,0.025498161261019937
636,100,0.025639453949953143
637,100,0.02516065367040046
638,100,0.025378710437252993
639,100,0.025508072358009698
640,100,0.02528396025005856
641,100,0.025527285791535504
642,100,0.024807093522991236
643,100,0.02530314659581262
644,100,0.025672423606743766
645,100,0.025445557472229683
646,100,0.02541630265550802
647,100,0.02556167685100131
648,100,0.025657408987962767
649,100,0.02539927490375173
650,100,0.0257218933415896
651,100,0.02525873958725468
652,100,0.024921798396222498
653,100,0.025305512776568492
654,100,0.02524385150304528
655,100,0.025527230117710964
656,100,0.02536684678602106
657,100,0.02487344657329181
658,100,0.02539143666848586
659,100,0.02600097704480559
660,100,0.02483551757167899
661,100,0.02511887749131887
662,100,0.02588358317346367
663,100,0.02562154679635217
664,100,0.025360961961999433
665,100,0.02526955390098629
666,100,0.02541556579218049
667,100,0.025222979553319924
668,100,0.02520460393770366
669,100,0.024707338053107857
670,100,0.025328011735071983
671,100,0.025934229772907026
672,100,0.025270404290509033
673,100,0.02519968966766528
674,100,0.02510274391528872
675,100,0.025083374548434866
676,100,0.025636251460081225
677,100,0.02492493600062188
678,100,0.02543792115563702
679,100,0.025800927038721246
680,100,0.025137344737246856
681,100,0.024979225938338626
682,100,0.0254145427230889
683,100,0.02583698665826836
684,100,0.025297257998435442
685,100,0.025407952958281955
686,100,0.025587610265239587
687,100,0.025333357430183476
688,100,0.0249405695795612
689,100,0.0255061008912272
690,100,0.025167705952353927
691,100,0.02492166096888123
692,100,0.025163040092401487
693,100,0.02526039819846086
694,100,0.025781929678939827
695,100,0.025654346456485455
696,100,0.024975250508422968
697,100,0.02497118050959211
698,100,0.025656994897695063
699,100,0.02579352762922447
700,100,0.025667050820020642
701,100,0.02587022138940291
702,100,0.02563930118718931
703,100,0.02547326674794373
704,100,0.02498590216032144
705,100,0.025283153271235304
706,100,0.025411538863708397
707,100,0.024985029067774327
708,100,0.026114254861662755
709,100,0.024813254511687238
710,100,0.025015672730093287
711,100,0.02560220936439408
712,100,0.02534615922892692
713,100,0.025789082311027278
714,100,0.025657703244214822
715,100,0.025499745966719715
716,100,0.025245556111243548
717,100,0.025118042098977743
718,100,0.025363218684944382
719,100,0.025279155482130482
720,100,0.02575203095633193
721,100,0.02561237894999917
722,100,0.025364739001612437
723,100,0.024617541776992297
724,100,0.025099934365834676
725,100,0.025466215090324953
726,100,0.025062705592399575
727,100,0.02537149568476807
728,100,0.025484945256155297
729,100,0.026231937797781567
730,100,0.025083545321226558
731,100,0.025573192752999067
732,100,0.025874034752397943
733,100,0.025098630020689197
734,100,0.024990367834644655
735,100,0.02584370998115041
736,100,0.024572765894312343
737,100,0.02532237381333889
738,100,0.02480311250583605
739,100,0.025451545746706026
740,100,0.025927439276469195
741,100,0.025734237262655644
742,100,0.02555466856549366
743,100,0.025254608139960055
744,100,0.02482647129263106
745,100,0.02517055309304669
746,100,0.02539746311740618
747,100,0.024974028011343453
748,100,0.025345514044176662
749,100,0.025213364827350423
750,100,0.02540887615056585
751,100,0.025600358837748406
752,100,0.025026279368983342
753,100,0.02570844973919011
754,100,0.025824479423821378
755,100,0.02590186352857933
756,100,0.0251303315480361
757,100,0.025105617997187794
758,100,0.025541889734317
759,100,0.0249074013955666
760,100,0.025771849183043892
761,100,0.025298716649572478
762,100,0.02523598986952392
763,100,0.025469597207887537
764,100,0.025240910004753685
765,100,0.025411950473995613
766,100,0.025029347422296698
767,100,0.025132566486107073
768,100,0.025420716801886886
769,100,0.025713747816160617
770,100,0.02470116928466581
771,100,0.024807559481026777
772,100,0.025351482967688167
773,100,0.02540386563630736
774,100,0.025321688146130495
775,100,0.025286275164347793
776,100,0.024921162941647264
777,100,0.025518063625951125
778,100,0.02508057839867274
779,100,0.025547281745097315
780,100,0.02539635390732283
781,100,0.02521460797475377
782,100,0.025272653732001757
783,100,0.025160994868814013
784,100,0.025728179372058357
785,100,0.02511463261980575
786,100,0.02495188160234968
787,100,0.026076230649915877
788,100,0.025395921817700305
789,100,0.025946584483549123
790,100,0.02526363271041181
791,100,0.025247280463470162
792,100,0.025627638501964208
793,100,0.025300297497021333
794,100,0.025266635208465237
795,100,0.025565117644748885
796,100,0.02548478237427442
797,100,0.02501478087334948
798,100,0.0256401447094699
799,100,0.025435104622946004
800,100,0.025324536727374225
801,100,0.025692948151796947
802,100,0.025433827982929192
803,100,0.025301232690651182
804,100,0.025576106457909233
805,100,0.025564987766364452
806,100,0.025146581601140378
807,100,0.02500118698558864
808,100,0.025288035187916377
809,100,0.025132547159497306
810,100,0.02543836810512814
811,100,0.025196081891469997
812,100,0.024919085935156973
813,100,0.02553788118995967
814,100,0.02541733890154899
815,100,0.025572483530444248
816,100,0.025398387715083612
817,100,0.025567426291836736
818,100,0.02584552485732895
819,100,0.02561387289031794
820,100,0.02530847174103944
821,100,0.025902086000762898
822,100,0.025291757606481422
823,100,0.02528733196707246
824,100,0.025416134126181936
825,100,0.02543685424550665
826,100,0.025460629655144795
827,100,0.025676050133862635
828,100,0.025202041605346816
829,100,0.025907664316741727
830,100,0.02546380976489008
831,100,0.02542753263518348
832,100,0.025060369940954532
833,100,0.02527297103554089
834,100,0.025451307466292105
835,100,0.025458055439500336
836,100,0.02460422025595244
837,100,0.02517893022990494
838,100,0.02522092363829025
839,100,0.025076244666744053
840,100,0.025923503118051062
841,100,0.025503910591609395
842,100,0.025613595462170093
843,100,0.025630660255840272
844,100,0.025630034711491712
845,100,0.025518401266651506
846,100,0.02545108691704313
847,100,0.024758666299798438
848,100,0.025832388357856003
849,100,0.025401012828360475
850,100,0.024977875915962254
851,100,0.02537377848659478
852,100,0.025272547199476775
853,100,0.025025547757571612
854,100,0.025410090573683358
855,100,0.025506420416437026
856,100,0.025601000826791263
857,100,0.025222332642331223
858,100,0.0253320210544723
859,100,0.025767233417379062
860,100,0.025470227919798784
861,100,0.02552679538294158
862,100,0.025052837412608803
863,100,0.0249798946278513
864,100,0.025499157687161825
865,100,0.02606027558287621
866,100,0.024925059667431797
867,100,0.025493957996750055
868,100,0.02556965247062039
869,100,0.024957199365964678
870,100,0.025218803867558603
871,100,0.024628327655053607
872,100,0.025358113279105924
873,100,0.025999154138309118
874,100,0.025014361607468564
875,100,0.025441563246575864
876,100,0.02564836159769844
877,100,0.02571803465509647
878,100,0.024705798599400565
879,100,0.025748150926150595
880,100,0.02513350452536113
881,100,0.02486919025189347
882,100,0.025695570359441117
883,100,0.02483097726264026
884,100,0.025068691438310982
885,100,0.02479968134025606
886,100,0.02542716845200962
887,100,0.025350116272465587
888,100,0.025624853589989293
889,100,0.025510743587017222
890,100,0.025066697124884706
891,100,0.024997960382068387
892,100,0.0252676534015471
893,100,0.025723141781885023
894,100,0.024347295248753308
895,100,0.02559039711782397
896,100,0.025353145022913984
897,100,0.024633360744405672
898,100,0.025650785683901816
899,100,0.02530182278230076
900,100,0.025266643308087023
901,100,0.025222110570196587
902,100,0.025049157472070732
903,100,0.025385039971295903
904,100,0.025304520924559523
905,100,0.025489952872140023
906,100,0.02570131871938832
907,100,0.02528171351258543
908,100,0.025664933834218567
909,100,0.025099896242859118
910,100,0.02549680212346467
911,100,0.025305124930262338
912,100,0.02527285640002956
913,100,0.025508311669062006
914,100,0.02548192417800964
915,100,0.025558338189502223
916,100,0.025160576137995758
917,100,0.025228922692102987
918,100,0.025570309124075635
919,100,0.02547909694017159
920,100,0.025114950446491688
921,100,0.02556827264071728
922,100,0.02514479328391446
923,100,0.02524478565619195
924,100,0.02531479014630466
925,100,0.025244000525609808
926,100,0.026004033290802052
927,100,0.024798814509073078
928,100,0.025712650142722088
929,100,0.025314387765468665
930,100,0.025277046203304003
931,100,0.024968054649957928
932,100,0.02547766592761345
933,100,0.025743194311067016
934,100,0.02542884194691959
935,100,0.025184398206845097
936,100,0.024999623813731532
937,100,0.025381386559973223
938,100,0.02549443722849645
939,100,0.02526192751012417
940,100,0.025195253386736796
941,100,0.02549527709770663
942,100,0.025224644791718414
943,100,0.025656066081861467
944,100,0.025377342907411282
945,100,0.025384256243476833
946,100,0.02525918770405881
947,100,0.025557028974576745
948,100,0.025286019072159167
949,100,0.025592140334731516
950,100,0.025619099672838923
951,100,0.02547667324157348
952,100,0.025390178139358226
953,100,0.025389430743103028
954,100,0.02581837045895815
955,100,0.02522987227845747
956,100,0.02560023233669277
957,100,0.025713872829075876
958,100,0.025188577546906607
959,100,0.02550448289454903
960,100,0.02513719685978118
961,100,0.02523053003443544
962,100,0.02534533743788965
963,100,0.025746736218497133
964,100,0.02495018117907189
965,100,0.02597234788713922
966,100,0.025397683851948506
967,100,0.025510545373857427
968,100,0.02526242756043405
969,100,0.025451041871598832
970,100,0.025394534012765344
971,100,0.02476605225747875
972,100,0.02528951906799516
973,100,0.025636436904352022
974,100,0.025599960038368303
975,100,0.025095234310485933
976,100,0.0257703900049857
977,100,0.025035220962732575
978,100,0.025067022375722108
979,100,0.025392314637578586
980,100,0.025260039400298907
981,100,0.02512275147328972
982,100,0.025238098889983292
983,100,0.02590556213651143
984,100,0.025259572402888817
985,100,0.025314683180571278
986,100,0.02550988626141953
987,100,0.02532216741673561
988,100,0.025918232606274114
989,100,0.02550789863785973
990,100,0.02544269612824923
991,100,0.02507582736662395
992,100,0.02494435170670918
993,100,0.025203489984489597
994,100,0.025239436930051443
995,100,0.025305586742164217
996,100,0.025082695539467622
997,100,0.024799389075173185
998,100,0.02533617756485566
999,100,0.025250715406829043
1000,100,0.02505419714737152
1001,100,0.024867764901938243
1002,100,0.025256170079973803
1003,100,0.025509582038278147
1004,100,0.025447329886762387
1005,100,0.025260883529106187
1006,100,0.024854596547252052
1007,100,0.02566630160093503
1008,100,0.025414133762607666
1009,100,0.02512680476540507
1010,100,0.025636742828205706
1011,100,0.024643963479208202
1012,100,0.025299956538363453
1013,100,0.025756751543431808
1014,100,0.02518505665005737
1015,100,0.02549540192585354
1016,100,0.0250110074046118
1017,100,0.025702196404343857
1018,100,0.025220184012074078
1019,100,0.025222953737594703
1020,100,0.025044900332968655
1021,100,0.025601692201131215
1022,100,0.025400065167547645
1023,100,0.02536068710519983
1024,100,0.025464712661347685
1025,100,0.025801074331495855
1026,100,0.0261203266381312
1027,100,0.025507266620193002
1028,100,0.025023841242422906
1029,100,0.025423867756356487
1030,100,0.02496619618358856
1031,100,0.025532100207448366
1032,100,0.02504905322611927
1033,100,0.025346412165023743
1034,100,0.025425393481110885
1035,100,0.02532810925655211
1036,100,0.02507320348194449
1037,100,0.02566926489221604
1038,100,0.02560538219833772
1039,100,0.02496980185025037
1040,100,0.025464573895844653
1041,100,0.025539759950170896
1042,100,0.025125624022148598
1043,100,0.024859564680527094
1044,100,0.025572113924372905
1045,100,0.02491923654486023
1046,100,0.025013928402339004
1047,100,0.02592720214793235
1048,100,0.025149809451446774
1049,100,0.02548108162999001
1050,100,0.02585285283783528
1051,100,0.02503687902437977
1052,100,0.025763856570863556
1053,100,0.025196023671208698
1054,100,0.025804989254268235
1055,100,0.02544204178020534
1056,100,0.025045365626864526
1057,100,0.02537953443568373
1058,100,0.025361597227902676
1059,100,0.025271452694453994
1060,100,0.025875324599104518
1061,100,0.025515354523236753
1062,100,0.02556224115930189
1063,100,0.025585648111117874
1064,100,0.025654751807908723
1065,100,0.02538892865177631
1066,100,0.025437904700691242
1067,100,0.02573334355874059
1068,100,0.025103638007665234
1069,100,0.0252959425088688
1070,100,0.025453212458346357
1071,100,0.02603024008687951
1072,100,0.025126856355745127
1073,100,0.025779240565216473
1074,100,0.02475458336022693
1075,100,0.02553761212143579
1076,100,0.02545002889950624
1077,100,0.02627352002819358
1078,100,0.02557856032256532
1079,100,0.02517517351157215
1080,100,0.02558121971492943
1081,100,0.02560433441038836
1082,100,0.025134743043108962
1083,100,0.024926669850435765
1084,100,0.025415726049601687
1085,100,0.02546728240850099
1086,100,0.02550952059978685
1087,100,0.02542208960126007
1088,100,0.025473706099155315
1089,100,0.025400693055880084
1090,100,0.025339592714800126
1091,100,0.02515172430438129
1092,100,0.024846767001960972
1093,100,0.025640605427986726
1094,100,0.024877321598235334
1095,100,0.025383493600558416
1096,100,0.025584148129631883
1097,100,0.02514360038338777
1098,100,0.02510597062062163
1099,100,0.025646384665002457
1100,100,0.02519199492090127
1101,100,0.024928345067384575
1102,100,0.02579589416566808
1103,100,0.02546183920304077
1104,100,0.025283784480557042
1105,100,0.025157705176787643
1106,100,0.025580292811803254
1107,100,0.025104028308650404
1108,100,0.025710910133107483
1109,100,0.025770438691159175
1110,100,0.025442219445081692
1111,100,0.02539090568144374
1112,100,0.025606778179294343
1113,100,0.02600420310014858
1114,100,0.025331681686841554
1115,100,0.02511205509446744
1116,100,0.025749832073809625
1117,100,0.025353261474293898
1118,100,0.025874963595112443
1119,100,0.02534097674286462
1120,100,0.025436233361700644
1121,100,0.025571768115753395
1122,100,0.02525892285659992
1123,100,0.025168093500997173
1124,100,0.025459985611261178
1125,100,0.025752993064422643
1126,100,0.025319635346938863
1127,100,0.02497326503488424
1128,100,0.024999851901652628
1129,100,0.024999100136220694
1130,100,0.025322562685720085
1131,100,0.025068210919903793
1132,100,0.02532674054387637
1133,100,0.025227384037657504
1134,100,0.0254978044487686
1135,100,0.02525715223114115
1136,100,0.025699037069939236
1137,100,0.025613845408863377
1138,100,0.024785865936942916
1139,100,0.0250414791648614
1140,100,0.025091668999619267
1141,100,0.024898789856398467
1142,100,0.025482673932887535
1143,100,0.026103984538195176
1144,100,0.025158773739319157
1145,100,0.025693797351520328
1146,100,0.025430927386236174
1147,100,0.025641747104359285
1148,100,0.02551919079428043
1149,100,0.02521693543057911
1150,100,0.025090834860776214
1151,100,0.02549336592468606
1152,100,0.02542811473496565
1153,100,0.025127166332425562
1154,100,0.024874847471651106
1155,100,0.025493510100903723
1156,100,0.025050979900457588
1157,100,0.025558160128667975
1158,100,0.02574244914877095
1159,100,0.02556894851676432
1160,100,0.025543332723452734
1161,100,0.025432281806149242
1162,100,0.025421775799910472
1163,100,0.025265737714632638
1164,100,0.026013488824687257
1165,100,0.02552331668605928
1166,100,0.02587444584231835
1167,100,0.025554897450423386
1168,100,0.02593404429098124
1169,100,0.02509116447708589
1170,100,0.024923028510626763
1171,100,0.025759254695760174
1172,100,0.02549277184095118
1173,100,0.025378618659684327
1174,100,0.025477054059102222
1175,100,0.025162443222040736
1176,100,0.025418370820810547
1177,100,0.02567173899103617
1178,100,0.02503779196614913
1179,100,0.02518479901401858
1180,100,0.025525635623204194
1181,100,0.02536226372222776
1182,100,0.025303815812849895
1183,100,0.02599266530779493
1184,100,0.025416264416541913
1185,100,0.025992397283645424
1186,100,0.025294991826933115
1187,100,0.025478663504432085
1188,100,0.02535924755692111
1189,100,0.025150576995948373
1190,100,0.02573245979182946
1191,100,0.025077409987858595
1192,100,0.02537453106082071
1193,100,0.02502512717607692
1194,100,0.025521647185726193
1195,100,0.025245651314577337
1196,100,0.02542927086759146
1197,100,0.025427845851604125
1198,100,0.02497853719240519
1199,100,0.025305415950619588
1200,100,0.025721171131936685
1201,100,0.024826602183386535
1202,100,0.024931281738609447
1203,100,0.025243110298534724
1204,100,0.025407964451593004
1205,100,0.025832901785338057
1206,100,0.025341709538788296
1207,100,0.02542217671481422
1208,100,0.025582332810828737
1209,100,0.025374013621594468
1210,100,0.02604941822557198
1211,100,0.025123493061599177
1212,100,0.02532086880934282
1213,100,0.02646231881879875
1214,100,0.025301036670697656
1215,100,0.025370409749735374
1216,100,0.02526350767341768
1217,100,0.025770728505481462
1218,100,0.02561554735903614
1219,100,0.02551702449778084
1220,100,0.025324728224127773
1221,100,0.025516311610826948
1222,100,0.02522001221445489
1223,100,0.025795624858955465
1224,100,0.025848746798859245
1225,100,0.025503316917657774
1226,100,0.025591208590306173
1227,100,0.02513495904013041
1228,100,0.025136859514011844
1229,100,0.025038007155849584
1230,100,0.025927216668496154
1231,100,0.025733936636157414
1232,100,0.025593815637407757
1233,100,0.025471193829518672
1234,100,0.02478606503909875
1235,100,0.02541823323262707
1236,100,0.025572025637794253
1237,100,0.02526167159317035
1238,100,0.02478560493829872
1239,100,0.025874604023426295
1240,100,0.025697019112355075
1241,100,0.02545394003405445
1242,100,0.025609017030555455
1243,100,0.025459768360509
1244,100,0.025932068054726844
1245,100,0.025662224623125347
1246,100,0.025361162524192366
1247,100,0.025594491911370414
1248,100,0.025353118734843496
1249,100,0.024529859892620756
1250,100,0.025325272408442328
1251,100,0.025444269512086184
1252,100,0.025629843180207418
1253,100,0.026057028976131096
1254,100,0.02528991442786111
1255,100,0.02597728247044499
1256,100,0.02606851485310724
1257,100,0.02551602647493629
1258,100,0.02553931139695945
1259,100,0.025110659780870546
1260,100,0.025564176868920555
1261,100,0.025001718699418956
1262,100,0.0257239846377377
1263,100,0.025588135312794733
1264,100,0.0255601738872571
1265,100,0.024895660695253716
1266,100,0.02490273576807957
1267,100,0.02543172400836237
1268,100,0.02474301847668956
1269,100,0.025177942496523505
1270,100,0.025002525796452877
1271,100,0.025365361154334888
1272,100,0.024960341283567698
1273,100,0.025696981142853
1274,100,0.025290439449093784
1275,100,0.025901538320775505
1276,100,0.02579464644173466
1277,100,0.025606165038979677
1278,100,0.025577994871810925
1279,100,0.025283987754455103
1280,100,0.025476066765650403
1281,100,0.025791331485271483
1282,100,0.02580762558236091
1283,100,0.025435463595388185
1284,100,0.02546471406417264
1285,100,0.025353748429683777
1286,100,0.025638787667100215
1287,100,0.024785019590508425
1288,100,0.02534381209663481
1289,100,0.025404705673284143
1290,100,0.025802201908918555
1291,100,0.025701219797096667
1292,100,0.025466463316767496
1293,100,0.0255328990168402
1294,100,0.02525983753732375
1295,100,0.024939108505272915
1296,100,0.025444602332104375
1297,100,0.02527621677149255
1298,100,0.025169764120424126
1299,100,0.025621234365942
1300,100,0.02557584147626557
1301,100,0.025326215294078715
1302,100,0.025191365780846617
1303,100,0.025282746487009202
1304,100,0.02537293257127344
1305,100,0.02514452355183928
1306,100,0.025139623154903354
1307,100,0.025345117524468608
1308,100,0.025173716541772858
1309,100,0.025826329491634676
1310,100,0.025256412247792757
1311,100,0.025908083699119785
1312,100,0.025657880417667422
1313,100,0.02571620621742087
1314,100,0.025257360560031927
1315,100,0.025635797143280886
1316,100,0.02580587385901831
1317,100,0.025114160638934416
1318,100,0.025646583787704152
1319,100,0.025045791674211344
1320,100,0.025706211789435496
1321,100,0.025732422573294278
1322,100,0.025438845712581617
1323,100,0.025306170695395834
1324,100,0.025147218045880073
1325,100,0.02510605417479842
1326,100,0.02516729465924497
1327,100,0.02521493172569951
1328,100,0.02547986070847953
1329,100,0.025270013983934178
1330,100,0.025438673905575134
1331,100,0.025717869372387243
1332,100,0.02534187794628366
1333,100,0.02534402069424278
1334,100,0.024556666247289628
1335,100,0.025418739162069805
1336,100,0.025425648906969953
1337,100,0.026026067062055284
1338,100,0.025626069668731516
1339,100,0.025313796537223623
1340,100,0.024842285071896876
1341,100,0.025376113463993714
1342,100,0.026061858070188036
1343,100,0.02493035214966872
1344,100,0.025095464236585662
1345,100,0.025713347227160732
1346,100,0.02498955327704612
1347,100,0.024993924332031344
1348,100,0.025909945380443864
1349,100,0.025829489156249833
1350,100,0.024970375465174867
1351,100,0.025188456932072695
1352,100,0.025363054359985
1353,100,0.025717534353986136
1354,100,0.025579434217385878
1355,100,0.0255836117287764
1356,100,0.02581023502824687
1357,100,0.025133608351053827
1358,100,0.02474403111129259
1359,100,0.02533321503334073
1360,100,0.024670553863641732
1361,100,0.02501467792885399
1362,100,0.02629662524667681
1363,100,0.02532586386253536
1364,100,0.025224991164565305
1365,100,0.025635588360810133
1366,100,0.025794295532836846
1367,100,0.025759432230010905
1368,100,0.025205314072542298
1369,100,0.0256315287210069
1370,100,0.025149827151142945
1371,100,0.02527836740594214
1372,100,0.02560257041472275
1373,100,0.025300434540323727
1374,100,0.02545662188008745
1375,100,0.025265656681879568
1376,100,0.02524363987123578
1377,100,0.02569059830220341
1378,100,0.02533930991929813
1379,100,0.025430948805666542
1380,100,0.025616762541032925
1381,100,0.02521982812317943
1382,100,0.025357179817882478
1383,100,0.025552872363762146
1384,100,0.02513988649484132
1385,100,0.025650565353212782
1386,100,0.0250248059784338
1387,100,0.024776292838072655
1388,100,0.02582680730913337
1389,100,0.02486484678020404
1390,100,0.02583954101884911
1391,100,0.02519292440828074
1392,100,0.025286093873054215
1393,100,0.025353480977035322
1394,100,0.026283374415777813
1395,100,0.025634015603877302
1396,100,0.025768954097503682
1397,100,0.025443682077162282
1398,100,0.02541386148445622
1399,100,0.025383899721897675
1400,100,0.0253251523461157
1401,100,0.025238462627872115
1402,100,0.025280710798696635
1403,100,0.025503618266009713
1404,100,0.024957526385933793
1405,100,0.025656382040542124
1406,100,0.02526521390267901
1407,100,0.025825357637853097
1408,100,0.025548097028746764
1409,100,0.025282967347305233
1410,100,0.02602597978093841
1411,100,0.025284699088950254
1412,100,0.025523301103369145
1413,100,0.02549440062817056
1414,100,0.02535782524743763
1415,100,0.025419598408997136
1416,100,0.025195889826758636
1417,100,0.02520240561836759
1418,100,0.025288003231616035
1419,100,0.025900915838661557
1420,100,0.02520767396459549
1421,100,0.025434726023808987
1422,100,0.025356555076002034
1423,100,0.02491576575300721
1424,100,0.025947507270284706
1425,100,0.025317284657762344
1426,100,0.025246984482223955
1427,100,0.02585064163263256
1428,100,0.025849755031889594
1429,100,0.025470436356379193
1430,100,0.02555305097888046
1431,100,0.025295924228747706
1432,100,0.025822542664083105
1433,100,0.025992796172387207
1434,100,0.02561640101013878
1435,100,0.025425208804676695
1436,100,0.025002394281120107
1437,100,0.02544210884494252
1438,100,0.025026857781885334
1439,100,0.025024359304630987
1440,100,0.025011988489590613
1441,100,0.02511278714545177
1442,100,0.025079183341841376
1443,100,0.025515766329043836
1444,100,0.025493816394332916
1445,100,0.02458362608349266
1446,100,0.02521155582979219
1447,99,0.025332653914581376
1448,99,0.025374775889701176
1449,99,0.025617595671050146
1450,99,0.025561583208612387
1451,99,0.02526635164415973
1452,99,0.025267381831097023
1453,99,0.02498291719775717
1454,99,0.025363562184915152
1455,99,0.024900787552390596
1456,99,0.025284808180137456
1457,99,0.025195593461825587
1458,99,0.024955955940322065
1459,99,0.025311425343383938
1460,99,0.025719133404419822
1461,99,0.02474038721682523
1462,99,0.025005739618345645
1463,99,0.02523672132605833
1464,99,0.02523689906497555
1465,99,0.02475633947885229
1466,99,0.025034937857173617
1467,99,0.025107582624531093
1468,99,0.02565085863533894
1469,99,0.024519103172746796
1470,99,0.025299275323394432
1471,99,0.024925968037499132
1472,99,0.025381778133003085
1473,99,0.025307259775287954
1474,99,0.02519464316871612
1475,99,0.02520154029053499
1476,99,0.025272356510914366
1477,99,0.024828322596650184
1478,99,0.02534761778832564
1479,99,0.024772000493621608
1480,99,0.024995437406340828
1481,99,0.025712912548280252
1482,99,0.02538694581147906
1483,99,0.025504086477467824
1484,99,0.0251932975566463
1485,98,0.025324001259053024
1486,98,0.02513478208788912
1487,97,0.025109983184719173
1488,97,0.024824786990810924
1489,97,0.024548658519713433
1490,97,0.02533890319495115
1491,97,0.024271886341519333
1492,97,0.025369734981500296
1493,97,0.024724016292005137
1494,97,0.025054501829263835
1495,97,0.024550608932444356
1496,97,0.024666874139959657
1497,97,0.025084151123367836
1498,97,0.025061885738119218
1499,97,0.02459744731433068
1500,97,0.024592609694311877
1501,97,0.024789811832961858
1502,97,0.025006874619779844
1503,97,0.024651836900542835
1504,97,0.02438944402603281
1505,97,0.024546612071168285
1506,97,0.024930678543762984
1507,97,0.024858104020467436
1508,97,0.024520638486594866
1509,97,0.024193697142214032
1510,97,0.02486991338374196
1511,97,0.024469162611696085
1512,97,0.024759975157508333
1513,97,0.024922927847353303
1514,97,0.025156918182694624
1515,97,0.024346813815152482
1516,97,0.024600520676338437
1517,97,0.025175015409125978
1518,97,0.025102027829164243
1519,97,0.0252918338521775
1520,97,0.024687173860858957
1521,97,0.024536692261306593
1522,97,0.024584022186931898
1523,97,0.02477224298932529
1524,97,0.02503511191609058
1525,97,0.024782420110072072
1526,97,0.024270944392807373
1527,97,0.024607208879728705
1528,97,0.024489813328625393
1529,97,0.02479975351173827
1530,97,0.02468182787585179
1531,96,0.02444939894204356
1532,96,0.024416170709957434
1533,96,0.024607161231361845
1534,96,0.024864585452836693
1535,96,0.02467053875141792
1536,96,0.024518274748308304
1537,96,0.02517367798480418
1538,96,0.02421951237105346
1539,96,0.02517612281172976
1540,96,0.024285541743047905
1541,96,0.024478756203460607
1542,94,0.024317397458419043
1543,94,0.023967523072421053
1544,94,0.02454313493994458
1545,94,0.02447330568628885
1546,94,0.023818194401031185
1547,94,0.024097563801667048
1548,94,0.023947560274934943
1549,94,0.02392555168385451
1550,94,0.024267741200334054
1551,94,0.024156428682531067
1552,94,0.02394493157854519
1553,94,0.024543838182802712
1554,94,0.024125282067787125
1555,94,0.024308848099754896
1556,94,0.023895064667825445
1557,94,0.024700950181267865
1558,94,0.02418407971096857
1559,94,0.023883427225407986
1560,94,0.02376264737872537
1561,94,0.024107817034082504
1562,94,0.02410971800573147
1563,94,0.024765366598673087
1564,94,0.024895699636557432
1565,94,0.02415110921723874
1566,94,0.02425491119901363
1567,94,0.023393976885513496
1568,94,0.02390011492269414
1569,94,0.024451918354360936
1570,94,0.024228135976232308
1571,94,0.024235265879382798
1572,94,0.024065320464785604
1573,94,0.024315249612857682
1574,94,0.024017867585798318
1575,94,0.024516555299493648
1576,94,0.024508794134985325
1577,94,0.023952692406545514
1578,94,0.024346350557800798
1579,94,0.024472885395363506
1580,94,0.02395822092857121
1581,94,0.02447679050088113
1582,94,0.02410151310034873
1583,94,0.024208422766183332
1584,94,0.024983349281307868
1585,94,0.023932964653621283
1586,94,0.02400971110698962
1587,94,0.02393403718421899
1588,94,0.024402996028659668
1589,94,0.02396611280599686
1590,94,0.024365554313507898
1591,94,0.024102710672011772
1592,94,0.024044775536592355
1593,94,0.024450633235177762
1594,94,0.023521619081104953
1595,94,0.024164289967494958
1596,94,0.02386043543786607
1597,94,0.023758186968297755
1598,94,0.024315960360121538
1599,94,0.02343274110715447
1600,94,0.02412318129072221
1601,94,0.024338945380397645
1602,94,0.024335651436672018
1603,94,0.024249990172754272
1604,94,0.02417568035261368
1605,94,0.024387873194306964
1606,94,0.024141652561873846
1607,94,0.02438504417287007
1608,94,0.024718277368673033
1609,94,0.024275965502609614
1610,94,0.02425532879406587
1611,94,0.0241518072579804
1612,94,0.02418795605327628
1613,94,0.024625618820746296
1614,94,0.024137293841207816
1615,94,0.024729093884933783
1616,94,0.02461540631140681
1617,94,0.023527047761891327
1618,94,0.024429165793073176
1619,94,0.0240438963749917
1620,94,0.023795330752489904
1621,94,0.02472408010804667
1622,94,0.024183263457179457
1623,94,0.024132303227926883
1624,94,0.024954091679010575
1625,93,0.024238958589091544
1626,92,0.023909031669089954
1627,92,0.023907436951092882
1628,92,0.023955877062148974
1629,92,0.02356052137293767
1630,92,0.023460543077004403
1631,92,0.023833435993537863
1632,92,0.024041298026603552
1633,92,0.02290051191067447
1634,92,0.0240867256145707
1635,92,0.023966893196841907
1636,92,0.023227212824112883
1637,92,0.022981194009070657
1638,92,0.023174514005442102
1639,92,0.02374237643079803
1640,92,0.023907579150018076
1641,92,0.024094064022770718
1642,92,0.023713895172100735
1643,92,0.023733347029779153
1644,92,0.02371568407973465
1645,92,0.023531703271086266
1646,92,0.023784553891977873
1647,92,0.02358592681300402
1648,92,0.023677748805829513
1649,92,0.024321817148694906
1650,92,0.02373387278224573
1651,92,0.02407094816081764
1652,92,0.023900662492991828
1653,92,0.023754524986505737
1654,92,0.024099098114084345
1655,92,0.023601864562393934
1656,92,0.02331399210938286
1657,92,0.02360970459071105
1658,92,0.023408228503090427
1659,92,0.0240056952817684
1660,92,0.023735989398802032
1661,92,0.023831978383428272
1662,92,0.024101525917359364
1663,92,0.023377086885374244
1664,92,0.02330890150842602
1665,92,0.023539674537174163
1666,92,0.02324527764239923
1667,92,0.0235421057038537
1668,92,0.02395018791520656
1669,92,0.023880302384321053
1670,92,0.023680216758464333
1671,92,0.023241713351597894
1672,92,0.023779818453576296
1673,92,0.02366302731206612
1674,92,0.023711942400621504
1675,92,0.02307051618220064
1676,92,0.023356185339698812
1677,92,0.023909841920783173
1678,92,0.02410389142483693
1679,92,0.023742971278885534
1680,92,0.024333180686142132
1681,92,0.023474974517392375
1682,92,0.023993269184480134
1683,92,0.023513078374971533
1684,92,0.022953799131455364
1685,92,0.023862819335241453
1686,92,0.02391727913207118
1687,92,0.024085588319241593
1688,92,0.02368932824827079
1689,92,0.02395391926864458
1690,92,0.02328100958057999
1691,92,0.023651833580478746
1692,92,0.023662441335940972
1693,92,0.024114351602633134
1694,92,0.023847249599026895
1695,92,0.023361557754134538
1696,92,0.023845188066888425
1697,92,0.0233019583276674
1698,92,0.023446125636711362
1699,92,0.02435395905397547
1700,92,0.023469078619496757
1701,92,0.02343446847059422
1702,92,0.02337695159675773
1703,92,0.023751365833465668
1704,92,0.023888724867514647
1705,92,0.024262902227679805
1706,92,0.02415347384400669
1707,92,0.024173484838778597
1708,92,0.023467966230566968
1709,92,0.023848000928388378
1710,92,0.02372360775296927
1711,92,0.02401163190403511
1712,91,0.02332418084350467
1713,91,0.023799436876640857
1714,91,0.023325052023432952
1715,91,0.023398121058760914
1716,91,0.02360447878391943
1717,91,0.023144118664750694
1718,91,0.023573450981916422
1719,91,0.02341418388667016
1720,90,0.02308512171939891
1721,90,0.023124614294981156
1722,90,0.02343049392400393
1723,90,0.023356898432794915
1724,90,0.023522888025224835
1725,90,0.023382066448034755
1726,90,0.02325961396790692
1727,90,0.022885118131746922
1728,90,0.023499594389029686
1729,90,0.02305353134234258
1730,90,0.02395299699744545
1731,90,0.023447871636841523
1732,90,0.02340011693948478
1733,90,0.022944134268958645
1734,89,0.023012595020310958
1735,89,0.022973134442594304
1736,89,0.02277438080797183
1737,89,0.02313108759925744
1738,89,0.02304631120138497
1739,89,0.02351821142019588
1740,89,0.023320033754595015
1741,89,0.023412985421161124
1742,89,0.023427089095112784
1743,89,0.023413929328555013
1744,89,0.023439340207633445
1745,89,0.022797778460620692
1746,89,0.0233447621456575
1747,89,0.022742750658524748
1748,88,0.023084313163519977
1749,88,0.02355093068326519
1750,88,0.022532041424456563
1751,88,0.02321096642510364
1752,88,0.0229229376689725
1753,88,0.023184536182599386
1754,88,0.02259924385886337
1755,87,0.0230644742873978
1756,87,0.022898079528113898
1757,87,0.022649422360232745
1758,87,0.02311955825534015
1759,87,0.022558181833399752
1760,87,0.022487259703196465
1761,87,0.02239789953662396
1762,87,0.022700808586171184
1763,87,0.022461548335111242
1764,87,0.02257122359469054
1765,87,0.022626489494691752
1766,87,0.022917406511055324
1767,87,0.02317929042191527
1768,87,0.022453129923735757
1769,87,0.022617840299987677
1770,87,0.022920774578315282
1771,87,0.022540565626843687
1772,87,0.02223706485889132
1773,87,0.022139667841916517
1774,87,0.022946121586513515
1775,87,0.022131997204128978
1776,87,0.022574117267659136
1777,87,0.022155027542095192
1778,87,0.02311075201148743
1779,87,0.022581692404302287
1780,87,0.022537109915356714
1781,87,0.023600217167909766
1782,87,0.02232911374858517
1783,87,0.02237138005694868
1784,87,0.0225109625505843
1785,87,0.0229658600572035
1786,87,0.022327154298610753
1787,87,0.022444724795380955
1788,87,0.02262724693123566
1789,87,0.02263363287069991
1790,87,0.022736643646724033
1791,87,0.02214422051294641
1792,87,0.022874988995796132
1793,87,0.022532856042933272
1794,87,0.0222914641973781
1795,87,0.02356344633453663
1796,87,0.022346375013446135
1797,87,0.022288824116302758
1798,87,0.02220471433234521
1799,87,0.02344288446448689
1800,87,0.022738998018709003
1801,87,0.022778404660101868
1802,87,0.02274522509359841
1803,87,0.02237344850180893
1804,87,0.022937848323637527
1805,87,0.022338723666554174
1806,86,0.023214475430932087
1807,86,0.022954960624524484
1808,86,0.023001583054634504
1809,85,0.02246073433962575
1810,85,0.022785699750678564
1811,85,0.02251051251918659
1812,85,0.021856437738032482
1813,85,0.02186335621195429
1814,85,0.02212253462671044
1815,85,0.021938438402625424
1816,85,0.022560496393104625
1817,85,0.022490181744591997
1818,85,0.023153903230892472
1819,85,0.021969469923422868
1820,85,0.022309414513884747
1821,85,0.022529021718213683
1822,85,0.022195292603572756
1823,85,0.021969319828312635
1824,85,0.022245378638513124
1825,85,0.023005111475935026
1826,85,0.022147316412043774
1827,85,0.022947723210565568
1828,85,0.022848003112059943
1829,85,0.022383143538035936
1830,85,0.022386171110082967
1831,85,0.022222664135246237
1832,85,0.021951270735929163
1833,85,0.022320565037996794
1834,85,0.02224738061344465
1835,85,0.022673721915139798
1836,85,0.02225138507821544
1837,85,0.022418872406967376
1838,85,0.021839331480608112
1839,85,0.02228179948149054
1840,85,0.022249503373256405
1841,85,0.022443456662755264
1842,85,0.022049319184051678
1843,85,0.02203401572237139
1844,85,0.02198732194924912
1845,85,0.022425185325548994
1846,85,0.021540909679585295
1847,84,0.022627137964916864
1848,84,0.021679266505629777
1849,84,0.021356324766586103
1850,84,0.02212500401623686
1851,84,0.021569684518817685
1852,84,0.02270867106689418
1853,84,0.022296479240790642
1854,84,0.02198224118152769
1855,84,0.022108751942264575
1856,84,0.02281100798477327
1857,84,0.02196955551482438
1858,84,0.021702709436338914
1859,84,0.02173699226588566
1860,84,0.02149779337063112
1861,84,0.02188837381159922
1862,84,0.021762453501442423
1863,84,0.021621287801089645
1864,84,0.021942615240046207
1865,84,0.021598027012133314
1866,84,0.022199880832096067
1867,84,0.021408962349464832
1868,84,0.022260265051782493
1869,84,0.02163467568858076
1870,84,0.02153909388245833
1871,84,0.02218370175227199
1872,84,0.02147435048594151
1873,84,0.022153558936369732
1874,84,0.022481926393844755
1875,84,0.022192171005649512
1876,84,0.02224287300202456
1877,84,0.022189219042275762
1878,84,0.022119459960082757
1879,84,0.02221052509343525
1880,84,0.022123754852015672
1881,84,0.021582164466919296
1882,84,0.022216224060871592
1883,84,0.022677931346512196
1884,84,0.022036840042732254
1885,84,0.022363131055626467
1886,84,0.02179757649216598
1887,84,0.021415871403340208
1888,84,0.022322701062527667
1889,84,0.0219356022214982
1890,84,0.021448035020201307
1891,83,0.022058132107357152
1892,83,0.021950895442783808
1893,83,0.021357039870733042
1894,83,0.022002345256700646
1895,83,0.021286273182411008
1896,83,0.022659007885259687
1897,83,0.021416078415768248
1898,83,0.021867141603579228
1899,83,0.02177863565195957
1900,83,0.02265463398479734
1901,83,0.021518304050655596
1902,83,0.02231026731178557
1903,83,0.021172823414689342
1904,83,0.02168125667336633
1905,83,0.02175011597288915
1906,83,0.02136807648822588
1907,83,0.02226561813143098
1908,83,0.022269647948966513
1909,83,0.021535185293948777
1910,83,0.021474947668057784
1911,83,0.021219150664437733
1912,83,0.021900269929851612
1913,82,0.0216532640343773
1914,82,0.020810812174443697
1915,82,0.02141943264012911
1916,82,0.021749227316362474
1917,82,0.021142576979223317
1918,82,0.021501833986492445
1919,82,0.02157543461987177
1920,82,0.021163246148288392
1921,82,0.021677071402835393
1922,82,0.02159466278766971
1923,82,0.021403608344600845
1924,82,0.02189583341730335
1925,82,0.021577601519993352
1926,82,0.021609713997431335
1927,82,0.022038685432659993
1928,82,0.02196817448050831
1929,82,0.0212407688320262
1930,82,0.021688717037692366
1931,82,0.02107157952076098
1932,82,0.02141057004509885
1933,82,0.02179302220856
1934,82,0.021469837577055208
1935,82,0.02177604244563848
1936,82,0.02155208533510014
1937,82,0.021081574936535227
1938,82,0.0218498403083066
1939,82,0.021681366087791143
1940,82,0.021349572891632477
1941,82,0.021318204455092228
1942,82,0.021373303488207065
1943,82,0.021517175155100154
1944,82,0.021570546434908196
1945,82,0.02137618029821039
1946,82,0.02176252609356717
1947,82,0.02109972570817697
1948,82,0.02135718403683319
1949,82,0.02194522859058949
1950,82,0.021695921996411276
1951,81,0.021387122008513292
1952,81,0.0211891745042048
1953,81,0.021778032512571634
1954,81,0.021038004044494917
1955,81,0.020880135817301637
1956,81,0.02132058754699859
1957,81,0.021341015369227376
1958,81,0.02142225965823765
1959,81,0.021441523369989685
1960,81,0.021307137481233165
1961,81,0.020477412077974173
1962,81,0.020869910701852415
1963,81,0.02140749739436007
1964,81,0.02168671241049447
1965,81,0.021470947716671195
1966,81,0.021872026329446147
1967,81,0.021326296593455352
1968,81,0.02100600921046493
1969,81,0.020692922831437845
1970,81,0.02214320190510786
1971,81,0.02158831580454388
1972,81,0.021688689935317862
1973,81,0.021237670687528635
1974,81,0.02061891676022069
1975,80,0.022148648938918578
1976,79,0.02151730240808607
1977,79,0.020792256398331148
1978,79,0.020532594731198284
1979,79,0.020451907166209215
1980,79,0.020575980336716277
1981,79,0.020672489894259457
1982,79,0.02112863768061943
1983,79,0.021095290807072876
1984,79,0.021031113912753675
1985,79,0.02069043779351577
1986,79,0.020991539488435792
1987,79,0.02140415084219822
1988,79,0.021199185544118954
1989,79,0.020641663091552048
1990,79,0.02049069542767951
1991,79,0.020368589219245548
1992,79,0.02083093931811162
1993,79,0.02094297474165773
1994,79,0.021009073930822086
1995,79,0.02138506840155408
1996,79,0.020726476919965223
1997,79,0.020427220467457912
1998,79,0.020741124437836787
1999,79,0.021449103244659026
2000,79,0.020984481577421922
2001,79,0.021178254741194204
2002,79,0.021144832837985454
2003,79,0.020729725949847903
2004,79,0.02108664334182594
2005,79,0.02015990946680512
2006,79,0.020855296273932778
2007,79,0.021030590945732043
2008,79,0.020481324331724924
2009,79,0.021335567536251595
2010,79,0.020311114146474588
2011,79,0.02104538959061424
2012,79,0.021013412437007904
2013,79,0.020791888406035474
2014,78,0.02081852404445391
2015,78,0.02102660469498021
2016,78,0.020260081129688485
2017,78,0.020520502633019605
2018,78,0.020352714118649605
2019,78,0.020836163042311805
2020,78,0.020440761621877725
2021,78,0.02038435808104877
2022,78,0.020966643002003862
2023,78,0.020670090251523505
2024,78,0.020217178664673242
2025,78,0.02028972463753499
2026,78,0.020868787190068124
2027,78,0.02064358802569371
2028,77,0.020538719060472093
2029,77,0.01980985276755005
2030,77,0.02090752565653511
2031,77,0.020287152286493023
2032,77,0.02097367250352081
2033,77,0.020839333771011027
2034,77,0.019874813449754083
2035,76,0.020502712049168093
2036,76,0.02010455758136438
2037,76,0.020568443045622605
2038,75,0.020541434100074613
2039,75,0.02013722465093207
2040,75,0.01959902408016661
2041,75,0.020172627618901356
2042,75,0.020337652592425266
2043,75,0.02000070826438528
2044,75,0.020499057029134987
2045,75,0.020267063478672562
2046,75,0.019638199229846907
2047,75,0.020516250921653767
2048,75,0.01971657385882339
2049,75,0.01998433131307707
2050,75,0.020326658647828705
2051,75,0.019869487744090173
2052,75,0.019923651015592573
2053,75,0.02025631695338441
2054,75,0.019998358877303918
2055,75,0.0203323649108231
2056,75,0.018784660420069047
2057,75,0.019340409520203074
2058,75,0.02003925289241967
2059,75,0.019311820058918776
2060,75,0.020336516179670965
2061,75,0.02122842075652482
2062,74,0.02026221525428103
2063,74,0.01975363101205325
2064,74,0.020149827067781293
2065,74,0.020208448478909766
2066,74,0.019496004489143227
2067,74,0.020384778324473444
2068,74,0.02007228611518994
2069,74,0.020557341632059682
2070,74,0.019522425169662704
2071,74,0.019515907143087593
2072,74,0.01966733490822288
2073,74,0.020176874523270095
2074,74,0.01909527401772494
2075,74,0.019654971802555328
2076,74,0.02018738512694762
2077,74,0.019875249567869967
2078,74,0.01919404211511565
2079,74,0.01952688057967182
2080,74,0.019548644905305106
2081,74,0.019018495404223956
2082,74,0.01954008250470302
2083,74,0.019502831959705588
2084,74,0.01990096298074235
2085,74,0.019398884183287782
2086,74,0.020287777536745003
2087,74,0.019334688578249073
2088,73,0.01935312660194522
2089,73,0.019890396522847697
2090,73,0.019526923524061914
2091,73,0.019781302181356812
2092,73,0.020899171952098304
2093,73,0.020462433500845357
2094,73,0.019192803872712102
2095,73,0.01941646734345775
2096,73,0.02011391154363168
2097,73,0.01932116701045406
2098,73,0.02024905930019567
2099,73,0.02042132497519434
2100,73,0.019386987185116892
2101,73,0.019828831243819955
2102,73,0.019553105906534602
2103,73,0.019996176702751858
2104,73,0.019658800936398383
2105,73,0.019864287901255696
2106,73,0.019447514456258096
2107,73,0.019944884313942944
2108,73,0.019810378547393218
2109,73,0.019282588423882006
2110,73,0.019696565077850555
2111,73,0.01882278785181832
2112,72,0.018776401904910537
2113,72,0.0197444918227042
2114,72,0.019300481458369455
2115,72,0.019834647947173302
2116,72,0.019456220574185328
2117,72,0.01925716020752742
2118,72,0.018659723230345652
2119,72,0.019169359064275304
2120,72,0.0189026723810602
2121,72,0.01917271736618923
2122,72,0.019024310221015667
2123,72,0.018767593895376074
2124,72,0.018839955438910195
2125,72,0.01982411827297123
2126,72,0.018737890597316256
2127,72,0.019498272127928238
2128,72,0.018825808929880845
2129,72,0.01908983816738632
2130,72,0.018775820966537318
2131,72,0.019719265047195216
2132,72,0.019033224335901655
2133,72,0.019342628127012484
2134,72,0.018917053880246577
2135,72,0.019577631707910687
2136,72,0.019354169579375316
2137,70,0.01876512189467562
2138,70,0.019506015394918724
2139,70,0.018871708749179317
2140,70,0.01889664678486291
2141,70,0.018891979761362542
2142,69,0.0188844692677127
2143,69,0.018357436649772397
2144,69,0.01920211760753718
2145,68,0.019137748482382897
2146,68,0.01824423626433642
2147,68,0.01945414491072772
2148,68,0.018989466801092626
2149,68,0.018175267752119455
2150,68,0.01840143394754037
2151,68,0.019254029575452865
2152,68,0.017956241641985067
2153,68,0.018562898818722213
2154,68,0.018483478335539844
2155,68,0.01865789550119514
2156,67,0.017849180748989567
2157,67,0.017570321147351076
2158,67,0.018455292397481005
2159,67,0.018917170954103116
2160,67,0.018083250713563544
2161,67,0.01721626186748231
2162,67,0.018700649070179463
2163,66,0.018983253720460044
2164,66,0.020832274944300993
2165,66,0.01848780176441394
2166,66,0.017752760710377975
2167,66,0.018048386872565374
2168,66,0.01788513942976299
2169,66,0.019025577267355636
2170,66,0.02009024888056962
2171,66,0.01877744636395671
2172,66,0.018740836564828108
2173,66,0.018870313473737178
2174,66,0.017879671085307334
2175,66,0.01888875602170508
2176,66,0.017784127344034815
2177,66,0.017443953567628446
2178,66,0.01997399422136486
2179,65,0.01771188884838235
2180,65,0.01871336716550019
2181,65,0.01781636530111291
2182,65,0.017813218817036316
2183,65,0.018165164302371944
2184,65,0.018159436415357055
2185,65,0.017566500113760795
2186,65,0.018507888566149405
2187,65,0.01788067131471914
2188,65,0.01783713999567168
2189,65,0.018123888963544887
2190,65,0.018167578631233215
2191,65,0.018212530853243963
2192,65,0.017040565198094163
2193,65,0.018382569862133692
2194,65,0.018914802295336344
2195,65,0.018618225275469545
2196,65,0.018212186904558895
2197,65,0.018984293635762522
2198,65,0.017870690722373007
2199,65,0.017877574395977654
2200,65,0.01842494182806626
2201,65,0.01793930228981926
2202,65,0.018244068459062044
2203,65,0.018326430312645386
2204,65,0.017492888571869352
2205,65,0.0176545748404599
2206,65,0.01888110471773144
2207,65,0.019728049565364503
2208,65,0.018160206339632046
2209,65,0.018118146513231653
2210,65,0.017889687104186223
2211,64,0.017822094124471704
2212,63,0.017651442573907994
2213,63,0.017725408344251792
2214,63,0.017976943701189827
2215,63,0.017500971629570237
2216,63,0.018968699873316824
2217,63,0.017782411874196748
2218,63,0.018102643715230585
2219,63,0.01755131164817403
2220,63,0.017680077271601428
2221,63,0.018718008050179157
2222,63,0.018070158473689455
2223,63,0.018248309771281515
2224,63,0.016767723266024617
2225,63,0.017039359144243652
2226,62,0.01730217043951907
2227,62,0.018175895678727585
2228,62,0.01767617954286142
2229,62,0.01796804254729126
2230,62,0.01764850365504728
2231,62,0.017430750217521256
2232,62,0.01994960679790283
2233,62,0.019413529290456297
2234,62,0.01778028691661237
2235,62,0.018562768749381238
1,100,0.025214949334333013
2,100,0.025798687513615692
3,100,0.02500307360685184
4,100,0.025723657095143855
5,100,0.02509248401751404
6,100,0.025086079452017435
7,100,0.02539286140680599
8,100,0.025548941893095763
9,100,0.02497957687681547
10,100,0.02492945345263726
11,100,0.02508852076912825
12,100,0.025230411577706023
13,100,0.025012419456257286
14,100,0.025379141728959324
15,100,0.025811112206106556
16,100,0.025528244162401348
17,100,0.02556916300929458
18,100,0.025410645088800372
19,100,0.02493703266624659
20,100,0.0254170547600073
21,100,0.025657841350506593
22,100,0.025555492661161278
23,100,0.025303302461415905
24,100,0.02483218431520908
25,100,0.026088145791914496
26,100,0.025392043918790685
27,100,0.025479349168447653
28,100,0.024718334358358823
29,100,0.02540721028828193
30,100,0.025376881961525082
31,100,0.02499887504590335
32,100,0.025278654355197598
33,100,0.02535452681591675
34,100,0.025234464339672875
35,100,0.025709444458892176
36,100,0.024848037263622478
37,100,0.02554797053236334
38,100,0.025836931768337644
39,100,0.025357768308505488
40,100,0.025364513352877885
41,100,0.025488296636552582
42,100,0.0248297978252973
43,100,0.025449042579058216
44,100,0.02536423605018923
45,100,0.0250561668463521
46,100,0.024991614894059454
47,100,0.024886254219963027
48,100,0.025329921866910063
49,100,0.02488885777623939
50,100,0.02505503755973157
51,100,0.025298692942045762
52,100,0.025055655155753746
53,100,0.025348977839409384
54,100,0.025396114313458736
55,100,0.025362228233514243
56,100,0.025028670040905813
57,100,0.02503953753131232
58,100,0.025397898125638533
59,100,0.025915326029678193
60,100,0.025548039416307657
61,100,0.0254087902854544
62,100,0.025517411777737073
63,100,0.025536914765481866
64,100,0.0250968711983717
65,100,0.025897196038256843
66,100,0.025295238770878886
67,100,0.0258209058456411
68,100,0.0254468812235947
69,100,0.025356700593303857
70,100,0.02536729456927657
71,100,0.024905806687633772
72,100,0.02589731051337708
73,100,0.025635069714084593
74,100,0.02536524421775954
75,100,0.025106005112778638
76,100,0.02558019898226024
77,100,0.02498877715267311
78,100,0.025055198541725207
79,100,0.024995913829158643
80,100,0.025346948956208145
81,100,0.025535246238393983
82,100,0.025083671641331465
83,100,0.02542769835168351
84,100,0.025102336212177744
85,100,0.025283719854786054
86,100,0.02559516516662982
87,100,0.02528738405310189
88,100,0.02572950157274653
89,100,0.02572330623635742
90,100,0.025482145407276086
91,100,0.025180330650887574
92,100,0.02501396515565961
93,100,0.025583145013394117
94,100,0.02531953374352743
95,100,0.02530741089414405
96,100,0.025256744540300715
97,100,0.025421190643289068
98,100,0.025545172036797664
99,100,0.025146588155403254
100,100,0.025052400308834596
101,100,0.02512198765721689
102,100,0.025015114068599374
103,100,0.025619486296604654
104,100,0.02475980757288571
105,100,0.02481015980545593
106,100,0.02478174933662108
107,100,0.025553897611905803
108,100,0.0253683590045777
109,100,0.024811420955313038
110,100,0.025431115418631873
111,100,0.025142268289274537
112,100,0.025496746657133588
113,100,0.024794379490514377
114,100,0.025802320520249743
115,100,0.024672910115063822
116,100,0.025627356809588945
117,100,0.025395082142178567
118,100,0.02531169016863016
119,100,0.024855883661190497
120,100,0.025394593885236075
121,100,0.025314454607625502
122,100,0.025409972723098685
123,100,0.02512156481275876
124,100,0.025653770306647346
125,100,0.024995023625916567
126,100,0.02516112383516665
127,100,0.025602020594058715
128,100,0.024871849530485105
129,100,0.025217128391252123
130,100,0.02573467941722221
131,100,0.025586787014695363
132,100,0.024933294792806374
133,100,0.025433051801044375
134,100,0.025990525834865906
135,100,0.025601250756106433
136,100,0.025715348977372175
137,100,0.025419213409067627
138,100,0.025230723782926234
139,100,0.025103790803107852
140,100,0.025198395538733695
141,100,0.02544810726079967
142,100,0.02572003183826893
143,100,0.025430534590256886
144,100,0.025350763162423122
145,100,0.025071978774091036
146,100,0.0254249275006974
147,100,0.025330874632158433
148,100,0.025651094435080173
149,100,0.025191813310258118
150,100,0.025540030415080815
151,100,0.02553530599570067
152,100,0.02513187041037214
153,100,0.024906599649334463
154,100,0.02514747325625164
155,100,0.02517933497221897
156,100,0.0250890366862559
157,100,0.0249885291437136
158,100,0.025672253807890417
159,100,0.02507192714034577
160,100,0.025329447765529017
161,100,0.024868649596166366
162,100,0.02537432723144217
163,100,0.02502935812485911
164,100,0.026136971372233666
165,100,0.02491874099652934
166,100,0.024986027577401204
167,100,0.025250102291836028
168,100,0.02558417558395399
169,100,0.025557058218598577
170,100,0.025518063104156337
171,100,0.025696180438525708
172,100,0.02532653565738272
173,100,0.025642544358989616
174,100,0.025070082350205015
175,100,0.024750222295972634
176,100,0.02483919898419054
177,100,0.025426904900335504
178,100,0.025328043853350933
179,100,0.025279556543564462
180,100,0.02567349922001339
181,100,0.0253787349979749
182,100,0.024920987213259176
183,100,0.02526696855706734
184,100,0.025239782948627845
185,100,0.02568183261972229
186,100,0.025409297889004017
187,100,0.025107984490304745
188,100,0.025426993356531324
189,100,0.025126824180296166
190,100,0.024989172414428162
191,100,0.025445073362089395
192,100,0.02507595150084541
193,100,0.02522562427963096
194,100,0.025415453275941975
195,100,0.025129272818199076
196,100,0.02554755525285039
197,100,0.02519985539163146
198,100,0.025463010542097576
199,100,0.025443730501588754
200,100,0.025132286841275556
201,100,0.025352701537582383
202,100,0.025075500065819437
203,100,0.02562762721406124
204,100,0.02511081286869079
205,100,0.02472282093170261
206,100,0.025557963499884425
207,100,0.025458552746293713
208,100,0.02549191646059808
209,100,0.025878073829552335
210,100,0.024846847539867163
211,100,0.025574005221046935
212,100,0.025078754649203144
213,100,0.02530443074776864
214,100,0.025383329590453384
215,100,0.025077598895594605
216,100,0.025573012391642554
217,100,0.02540325067545807
218,100,0.025014973416693755
219,100,0.025375761414067374
220,100,0.025682360924749438
221,100,0.025118842373487358
222,100,0.024627272616108864
223,100,0.02510656412842063
224,100,0.02497337535490076
225,100,0.02585493708755221
226,100,0.025034060504151984
227,100,0.025340341998077633
228,100,0.025477008479130304
229,100,0.02497476958793068
230,100,0.025133446953452654
231,100,0.026083359719872565
232,100,0.025593376290490678
233,100,0.025466601161977406
234,100,0.025099896563906095
235,100,0.02556199990817146
236,100,0.025114332158930972
237,100,0.025192505261952044
238,100,0.025600984056157343
239,100,0.02561129418826791
240,100,0.0256489734599322
241,100,0.024537653339881216
242,100,0.02478269054729755
243,100,0.025068593120075356
244,100,0.025434256122278807
245,100,0.025595172701136613
246,100,0.025231247179635548
247,100,0.025250285066276766
248,100,0.025551971940734153
249,100,0.024872710011579872
250,100,0.025225966413760785
251,100,0.0254824594585987
252,100,0.025581458136530396
253,100,0.025022758360190543
254,100,0.02547638513670563
255,100,0.025317435531229827
256,100,0.025357928101510056
257,100,0.025851032528820896
258,100,0.025533925039507063
259,100,0.025127666710784938
260,100,0.02561815514448719
261,100,0.024829286299273504
262,100,0.02545807408053026
263,100,0.025580821520754804
264,100,0.0252964264838333
265,100,0.025229635865361748
266,100,0.025715398502255436
267,100,0.02474126956307335
268,100,0.025265779962380476
269,100,0.024992961385269845
270,100,0.025650007901100867
271,100,0.02536647849000242
272,100,0.025393643130983128
273,100,0.025608965311844346
274,100,0.02527669751897935
275,100,0.025826005171881196
276,100,0.025771349124237248
277,100,0.02527599782438653
278,100,0.025462491852656345
279,100,0.025518164430445904
280,100,0.024853228400424535
281,100,0.025126883533159308
282,100,0.025749636425651572
283,100,0.025287173549365216
284,100,0.02567119247655631
285,100,0.02523170785098003
286,100,0.02550608578217406
287,100,0.025309600804196995
288,100,0.025474127106907662
289,100,0.025046267881231165
290,100,0.025072459524750273
291,100,0.02583324247575512
292,100,0.025508749557884916
293,100,0.025228038349896113
294,100,0.025048280126144358
295,100,0.02513096957152727
296,100,0.025548019100700144
297,100,0.025631198903614927
298,100,0.02530952179588198
299,100,0.02560333987317701
300,100,0.025410516872375062
301,100,0.025348414378790707
302,100,0.02522770411935965
303,100,0.0248283436469478
304,100,0.025607587067080592
305,100,0.02485865057372229
306,100,0.026012487605915423
307,100,0.024736404129848774
308,100,0.02488520474551585
309,100,0.025204466997131615
310,100,0.0257357554757776
311,100,0.02507037680187756
312,100,0.02565394687726183
313,100,0.025123422835518668
314,100,0.0248781024956738
315,100,0.02576578593629204
316,100,0.025239035290706875
317,100,0.02493604946457432
318,100,0.025521828038040352
319,100,0.02602904606044205
320,100,0.025339440539300616
321,100,0.025676345997919316
322,100,0.02557240730413757
323,100,0.02445718920841573
324,100,0.024884792509052525
325,100,0.02502232183342859
326,100,0.025393440646404208
327,100,0.025423585430530568
328,100,0.025183797502127573
329,100,0.025303091318967737
330,100,0.02504639622340245
331,100,0.025138038452247064
332,100,0.025292101483321644
333,100,0.02577325461629225
334,100,0.025100990900158982
335,100,0.025675959931137828
336,100,0.02560165147808529
337,100,0.0254947341251329
338,100,0.025140652496968438
339,100,0.0260322123155528
340,100,0.024806726043972188
341,100,0.02581243783007101
342,100,0.02543646520971568
343,100,0.024929078975748597
344,100,0.025581365825349468
345,100,0.025321289560942057
346,100,0.025422273173084035
347,100,0.025111977712028485
348,100,0.024616931590686533
349,100,0.025242059107618064
350,100,0.024901144900648618
351,100,0.02565832535178985
352,100,0.02588404993437438
353,100,0.02592428509236855
354,100,0.025097315086495722
355,100,0.025367298458621745
356,100,0.02568627078457547
357,100,0.025710208024111825
358,100,0.02527696998069982
359,100,0.025827934520977834
360,100,0.025393699786372202
361,100,0.02561985228084313
362,100,0.0259938350088482
363,100,0.02558485333709944
364,100,0.02510161642753173
365,100,0.026119261791340574
366,100,0.025152845116174168
367,100,0.025939716066548477
368,100,0.025580617128032165
369,100,0.02517311263946921
370,100,0.025511986483354964
371,100,0.025721409029421667
372,100,0.025465068737234274
373,100,0.025623151323341465
374,100,0.0251161591418354
375,100,0.024906891449927682
376,100,0.025493793242624813
377,100,0.02537392962132002
378,100,0.025470570116052416
379,100,0.025175710719081725
380,100,0.02507488840768442
381,100,0.025095427100678493
382,100,0.025083699394293252
383,100,0.02549684692226773
384,100,0.02485140100513014
385,100,0.02495672445791576
386,100,0.025401673870044942
387,100,0.025244905694148733
388,100,0.025641497346338037
389,100,0.024844389075953845
390,100,0.02537991802299521
391,100,0.025628008532028665
392,100,0.02562063739512178
393,100,0.025178453422826968
394,100,0.025569340853113257
395,100,0.02541937603994429
396,100,0.0251906633351926
397,100,0.025489205136656527
398,100,0.025620522693165223
399,100,0.025196812505716315
400,100,0.025505996973265187
401,100,0.02517484343949164
402,100,0.0252930748601775
403,100,0.02540512899951891
404,100,0.025428673335498947
405,100,0.02531023501610592
406,100,0.025187186063107176
407,100,0.025270223721763203
408,100,0.02517738691967009
409,100,0.025732027139270103
410,100,0.025623084326725866
411,100,0.02582033834387108
412,100,0.025900820961063706
413,100,0.025127853454656443
414,100,0.025548059550684288
415,100,0.025104875391178966
416,100,0.025151650405449553
417,100,0.024962096928802916
418,100,0.02584316445567855
419,100,0.025078626344218424
420,100,0.025246672284149892
421,100,0.025255328419619083
422,100,0.02512183334785116
423,100,0.02495356452186603
424,100,0.024740220357482585
425,100,0.024757228436902194
426,100,0.024917667189551296
427,100,0.025424914547019818
428,100,0.025698884703420136
429,100,0.025120384174528936
430,100,0.025430520321514542
431,100,0.025298098810540594
432,100,0.02566075930821128
433,100,0.025882597158358375
434,100,0.02619569423724514
435,100,0.02539185065850802
436,100,0.025766704482442195
437,100,0.025087388003745832
438,100,0.025232271661663353
439,100,0.02559955422157518
440,100,0.025521366476914564
441,100,0.025321150924933665
442,100,0.025166809082572347
443,100,0.025001530395262744
444,100,0.02551985840323499
445,100,0.02502923812404448
446,100,0.024781920763565064
447,100,0.025643229560659946
448,100,0.025289591927110208
449,100,0.024967189162740423
450,100,0.024985436800934402
451,100,0.02543947468804907
452,100,0.025302771885430425
453,100,0.025418359341027073
454,100,0.025200457829921707
455,100,0.02507779487915143
456,100,0.025537863039604446
457,100,0.02560629550917891
458,100,0.02535430888418044
459,100,0.025502631467011014
460,100,0.025183056688275057
461,100,0.02536226075652822
462,100,0.025800107188615997
463,100,0.025874087503243957
464,100,0.025405001499843035
465,100,0.025325367804434524
466,100,0.02506689172302905
467,100,0.024986669186425906
468,100,0.02527993947052971
469,100,0.025106032472351426
470,100,0.025750710649753112
471,100,0.025648285016283558
472,100,0.02576566468439926
473,100,0.025565658234540392
474,100,0.02544656086406894
475,100,0.025031361969910782
476,100,0.025803750498199204
477,100,0.02534671049879829
478,100,0.025377182316971007
479,100,0.024953170789649193
480,100,0.025254591011293917
481,100,0.025465472017031778
482,100,0.025755227769781435
483,100,0.025537040632264453
484,100,0.025337225861429374
485,100,0.025431222060424984
486,100,0.025177603136384
487,100,0.02519915835721801
488,100,0.025335919739337243
489,100,0.02556709384650281
490,100,0.02532766766998096
491,100,0.02578694490025083
492,100,0.024983682959028055
493,100,0.0253711957754331
494,100,0.02541621583469942
495,100,0.025543702769184908
496,100,0.025343037685442472
497,100,0.025634529839054176
498,100,0.025664825497650312
499,100,0.025118984172220967
500,100,0.025542196155214806
501,100,0.02579349398665289
502,100,0.025352844138875508
503,100,0.025803132687355016
504,100,0.025549962402766486
505,100,0.02531181344649968
506,100,0.025263603201031593
507,100,0.025390292644963678
508,100,0.025717204033574897
509,100,0.024850473144847413
510,100,0.025442991823436876
511,100,0.026232590048420663
512,100,0.025262108697942057
513,100,0.02536715514408689
514,100,0.025356909490518588
515,100,0.025076949252077416
516,100,0.025031764986621265
517,100,0.025930382512575057
518,100,0.025288262261647435
519,100,0.02492003675283131
520,100,0.025732213845729632
521,100,0.02468760602758985
522,100,0.02625423299602166
523,100,0.025304000340459175
524,100,0.0258438829091352
525,100,0.025164410355168143
526,100,0.025659671957582855
527,100,0.025462329192314295
528,100,0.025330778270093047
529,100,0.02555410635178456
530,100,0.025272537095819825
531,100,0.025254451175634244
532,100,0.02586713558620347
533,100,0.02555891508516247
534,100,0.025001870870328305
535,100,0.024853276365400852
536,100,0.02518135253060572
537,100,0.025398365689303783
538,100,0.025604812576460398
539,100,0.025353095337182274
540,100,0.026088208126437702
541,100,0.024952359518596517
542,100,0.025295433082406574
543,100,0.02547531701330251
544,100,0.025567593562301164
545,100,0.02555695306520405
546,100,0.025187769546962356
547,100,0.025896768928071544
548,100,0.025369971741028677
549,100,0.025338748959995716
550,100,0.025268586994129528
551,100,0.025622094094648912
552,100,0.02567481162283712
553,100,0.025625366974229506
554,100,0.02496652684330774
555,100,0.025127251276249013
556,100,0.025955875501341003
557,100,0.024776371663885202
558,100,0.025211505751202606
559,100,0.0249495762493845
560,100,0.025481954216367356
561,100,0.025261281254802138
562,100,0.025875727072665118
563,100,0.02494249102639628
564,100,0.024946794429633302
565,100,0.025336929854352888
566,100,0.025172005278229673
567,100,0.02583221327166432
568,100,0.025458262098385937
569,100,0.025619197888752783
570,100,0.025461552100239093
571,100,0.025589757133799587
572,100,0.025080629797685182
573,100,0.025023785775038707
574,100,0.024794771954069324
575,100,0.02565951319394357
576,100,0.025482927791311758
577,100,0.02499094135678317
578,100,0.02541795088389504
579,100,0.02564794276820684
580,100,0.025556955946879626
581,100,0.02515993172886164
582,100,0.02512120755518895
583,100,0.025005521072198472
584,100,0.02486095768315627
585,100,0.025299184728063362
586,100,0.025432249547533453
587,100,0.025260377575773943
588,100,0.025145943797781813
589,100,0.024658174333658443
590,100,0.024773702502903984
591,100,0.025203590409787945
592,100,0.025415807813396092
593,100,0.025546692004891628
594,100,0.02508992895295126
595,100,0.025138777317990198
596,100,0.025637048361237362
597,100,0.025578747891728204
598,100,0.025005319414491436
599,100,0.025261780422908775
600,100,0.025519124058017133
601,100,0.02492219232557705
602,100,0.025871909298054302
603,100,0.025081255657626467
604,100,0.02566766732306975
605,100,0.025053145774279334
606,100,0.024808978806943296
607,100,0.025880812001999244
608,100,0.025584792400895395
609,100,0.02548100476317261
610,100,0.02516579772992498
611,100,0.024838357125307766
612,100,0.0252117118278248
613,100,0.02608052631602673
614,100,0.02482723693778943
615,100,0.025556104246311714
616,100,0.025114377013113212
617,100,0.025512836140752972
618,100,0.024866791258196557
619,100,0.024782271499631876
620,100,0.025195316467652707
621,100,0.024996521508685084
622,100,0.0250481500095551
623,100,0.02548967233086747
624,100,0.025431522571509838
625,100,0.025762419540585797
626,100,0.025227440566627297
627,100,0.025835535589215863
628,100,0.025381195362076475
629,100,0.025622268794444368
630,100,0.02605431256099995
631,100,0.025439135351528905
632,100,0.02502695723253487
633,100,0.025242199681813317
634,100,0.025420753276369522
635,100,0.025242478000221315
636,100,0.025632935394894918
637,100,0.025773821230945577
638,100,0.024926838557739184
639,100,0.025502440832796635
640,100,0.025519431939163284
641,100,0.02587069989339603
642,100,0.025226752451043142
643,100,0.02515240574149586
644,100,0.025222973830733457
645,100,0.02549187543790496
646,100,0.02544269942155993
647,100,0.02554421358509693
648,100,0.025552491381234138
649,100,0.025774973476071907
650,100,0.024764720669367205
651,100,0.025406270049864843
652,100,0.02532557259541621
653,100,0.02543701706444384
654,100,0.025220824345632577
655,100,0.025509348301523682
656,100,0.02574406339582871
657,100,0.025452173032406676
658,100,0.025262575459738066
659,100,0.025464478538807234
660,100,0.02521783181906174
661,100,0.025458454011358343
662,100,0.024903214835088457
663,100,0.025400475806296247
664,100,0.025004143189951665
665,100,0.02563822417559069
666,100,0.02530712327832487
667,100,0.025952557513308532
668,100,0.025295512797916614
669,100,0.02481954068067022
670,100,0.02566741428374174
671,100,0.02540671466439024
672,100,0.025146887458970812
673,100,0.02526963599141071
674,100,0.025098926762422293
675,100,0.025264146859111894
676,100,0.025300106461549527
677,100,0.02557127619368954
678,100,0.02547545948786794
679,100,0.02569840826561946
680,100,0.024930826702707024
681,100,0.025540021749190827
682,100,0.025498918586936325
683,100,0.025176577351479757
684,100,0.025436609612265446
685,100,0.025242290061980994
686,100,0.02504463061778649
687,100,0.025294644256027832
688,100,0.02509536239853924
689,100,0.025551063638283206
690,100,0.02557337350179529
691,100,0.024983794170843718
692,100,0.025409709028230792
693,100,0.025833137450466635
694,100,0.0255243823813257
695,100,0.025562203521169828
696,100,0.02583368941524722
697,100,0.024725564202609965
698,100,0.02518381064647505
699,100,0.025743668624101674
700,100,0.02556393052081607
701,100,0.02590030098712551
702,100,0.025380375705032862
703,100,0.024853249012842735
704,100,0.025225527270959704
705,100,0.02557931774579257
706,100,0.025122220165473587
707,100,0.02530795265795204
708,100,0.02662985836742806
709,100,0.024955628159747664
710,100,0.02475178954353293
711,100,0.026241388024644027
712,100,0.02580500367133363
713,100,0.02529917938874021
714,100,0.02504039684189329
715,100,0.02616435697094129
716,100,0.02523745497112182
717,100,0.025544547787652843
718,100,0.02513174423252944
719,100,0.02521159247846309
720,100,0.02537201291970792
721,100,0.025625713908433625
722,100,0.02535903085431608
723,100,0.025528661531272152
724,100,0.024628655449669294
725,100,0.024968686648747577
726,100,0.025919129322922164
727,100,0.025355120773953563
728,100,0.025497932194418045
729,100,0.02538720126069765
730,100,0.0257661337519838
731,100,0.025092992104515804
732,100,0.025296861614898365
733,100,0.025354947684708973
734,100,0.026446696482815293
735,100,0.02492556168760882
736,100,0.02582212037563556
737,100,0.025608168044659315
738,100,0.024942334807134023
739,100,0.025223918755138228
740,100,0.024999107956928168
741,100,0.02542351635936596
742,100,0.02552982370037588
743,100,0.025355680819860383
744,100,0.02538460673908244
745,100,0.025505172971571302
746,100,0.02539564971803259
747,100,0.025493170976312034
748,100,0.025363016616142767
749,100,0.025168475019599037
750,100,0.025325682908642344
751,100,0.02512849218460878
752,100,0.02531326199796587
753,100,0.025173016500463972
754,100,0.02548016337821599
755,100,0.02567686037770263
756,100,0.025642753851507178
757,100,0.025587481194640722
758,100,0.02518386019287587
759,100,0.02573061638812061
760,100,0.02515335743513336
761,100,0.025055806828846734
762,100,0.025005616997122514
763,100,0.02486344850842662
764,100,0.025594378547256467
765,100,0.025382094712179105
766,100,0.02501251788065714
767,100,0.025302501511368997
768,100,0.025888049280072076
769,100,0.025357450408745864
770,100,0.025584666677159622
771,100,0.025301494792904278
772,100,0.02543927696111329
773,100,0.025544804991722618
774,100,0.02478973716554238
775,100,0.025854440074666495
776,100,0.0253482758559868
777,100,0.025670406721508634
778,100,0.024733992389399138
779,100,0.024870828882140456
780,100,0.02491914639916222
781,100,0.0250418392356363
782,100,0.024958703948555722
783,100,0.025061696175004124
784,100,0.025786157641642306
785,100,0.02530879807560908
786,100,0.02515075242693187
787,100,0.024933908766073053
788,100,0.02570875800616611
789,100,0.025433374116042105
790,100,0.025523623289379457
791,100,0.025403022891251025
792,100,0.02534258974194138
793,100,0.02536948492669279
794,100,0.024947447685552925
795,100,0.025706205854039668
796,100,0.02528148887167768
797,100,0.0256394904160191
798,100,0.025603415651802398
799,100,0.02514273321728755
800,100,0.02561656574084498
801,100,0.025248492541061242
802,100,0.025762390732217175
803,100,0.025828544694638453
804,100,0.025747398846547493
805,100,0.025747278214256385
806,100,0.025865001976352893
807,100,0.025300736601763175
808,100,0.02562752727283713
809,100,0.02544582597524337
810,100,0.025852704892076108
811,100,0.025537629150689467
812,100,0.025645046787190696
813,100,0.024986361801288784
814,100,0.024938478555360636
815,100,0.02607779505493425
816,100,0.02523060947858866
817,100,0.02509138046138756
818,100,0.02595058028610969
819,100,0.025476497176797844
820,100,0.025397183497274784
821,100,0.025438302944232626
822,100,0.025165980648076947
823,100,0.025626953438058885
824,100,0.024734993396178254
825,100,0.02536906841711903
826,100,0.025355164698688926
827,100,0.02557212421072791
828,100,0.025203992611706007
829,100,0.025373232466596007
830,100,0.025407019407508946
831,100,0.025349839706171454
832,100,0.025277981518503884
833,100,0.024979809227489696
834,100,0.025041022199696412
835,100,0.025353783642735998
836,100,0.025770595181398296
837,100,0.024897186023742638
838,100,0.025805984812938946
839,100,0.025642439271993094
840,100,0.02547191727779759
841,100,0.025410463546547066
842,100,0.025042804893872846
843,100,0.02481891321373302
844,100,0.025754965077522254
845,100,0.02544287344604584
846,100,0.025467226602799604
847,100,0.025052236456868358
848,100,0.025164173137348048
849,100,0.026053582064205064
850,100,0.02531968252875288
851,100,0.025897474310338984
852,100,0.025319997421175605
853,100,0.024993710394521064
854,100,0.025559103679988673
855,100,0.025006835291610942
856,100,0.02509067039547656
857,100,0.025116926218611228
858,100,0.025861846752785085
859,100,0.02569370171410618
860,100,0.025626978568074846
861,100,0.025373198662591093
862,100,0.025143817567386092
863,100,0.02571675152569836
864,100,0.025420490288557005
865,100,0.02534531281637209
866,100,0.025958194671903325
867,100,0.025587017345984883
868,100,0.02548578883134986
869,100,0.025213348345204882
870,100,0.0254384246664715
871,100,0.025386129929074637
872,100,0.025088363776608672
873,100,0.025576689155644518
874,100,0.02545952048202116
875,100,0.025222099644970877
876,100,0.02527579550900461
877,100,0.024957664723084454
878,100,0.02550563618317754
879,100,0.025846287688803097
880,100,0.025524380430546518
881,100,0.025397255826309355
882,100,0.025574816081442967
883,100,0.02547997282709685
884,100,0.025317433557349927
885,100,0.025117611089331894
886,100,0.02513700098903774
887,100,0.024981532138763453
888,100,0.02552440236456987
889,100,0.025379579353730707
890,100,0.02517022271534956
891,100,0.025049403273284785
892,100,0.025177337729332817
893,100,0.025075813694033965
894,100,0.026432867275444152
895,100,0.025505550629741774
896,100,0.025196447414116092
897,100,0.025359650963574846
898,100,0.02511806348766328
899,100,0.02477220183453427
900,100,0.02563728234873006
901,100,0.025912646868082916
902,100,0.02513303517769794
903,100,0.025448388155994858
904,100,0.025711569841238423
905,100,0.024594347614353036
906,100,0.025234570777275155
907,100,0.025712096195128042
908,100,0.025885348391159423
909,100,0.02583355221101671
910,100,0.024825345146518924
911,100,0.02505060809998546
912,100,0.02559559790615161
913,100,0.025612277689999557
914,100,0.02520651357427122
915,100,0.02546280256751595
916,100,0.02543523777044245
917,100,0.025316743378238266
918,100,0.025464182280626052
919,100,0.02542208719455169
920,100,0.025769012882228343
921,100,0.02531261568758772
922,100,0.024739499846404747
923,100,0.025386997229950824
924,100,0.025696365291194977
925,100,0.025644454630743305
926,100,0.025526656567901398
927,100,0.02525435351049032
928,100,0.02547251198099633
929,100,0.024991426789458343
930,100,0.025359164325586252
931,100,0.02532058550997644
932,100,0.02542633342204735
933,100,0.025648187564306067
934,100,0.02502340039247901
935,100,0.02496734819956205
936,100,0.025272915593384702
937,100,0.025214543741152905
938,100,0.02590115736596379
939,100,0.025771552781552538
940,100,0.025195342200840836
941,100,0.025252675524358094
942,100,0.0260212430753205
943,100,0.025508664143232142
944,100,0.025614363185500227
945,100,0.025201534076314556
946,100,0.025569799021548007
947,100,0.025550927034581155
948,100,0.025467038211458088
949,100,0.02557573809165329
950,100,0.0253797714343586
951,100,0.025104630466798807
952,100,0.025446365083181224
953,100,0.02516403701443428
954,100,0.02525110946595527
955,100,0.025849104385118588
956,100,0.025106119777631667
957,100,0.025032528439057754
958,100,0.025838662011983243
959,100,0.025795788773162676
960,100,0.025634180160714122
961,100,0.02559416668771946
962,100,0.025319055866228186
963,100,0.025408925728586586
964,100,0.02638865961185219
965,100,0.025379270458313678
966,100,0.025014418485539997
967,100,0.025248662566962645
968,100,0.025648332880386742
969,100,0.02546213175466026
970,100,0.024919111540453724
971,100,0.024940259140666225
972,100,0.025229071081104934
973,100,0.024705060986787045
974,100,0.025415583867493503
975,100,0.025918125005710474
976,100,0.025407835643829306
977,100,0.025227186403080727
978,100,0.025403259616244782
979,100,0.02529586272292576
980,100,0.025317668499804085
981,100,0.025653833542530695
982,100,0.024859354415528046
983,100,0.02485216164146075
984,100,0.02514966738281945
985,100,0.025357992748050777
986,100,0.025064400118992268
987,100,0.02611242080181196
988,100,0.02551562164287063
989,100,0.025252647884762332
990,100,0.025819850171114683
991,100,0.02584088153451125
992,100,0.025424119379504822
993,100,0.02551786309491979
994,100,0.025585969965343246
995,100,0.025428745678052957
996,100,0.025764844254107598
997,100,0.02533076940286488
998,100,0.025926056244826683
999,100,0.025410332246936167
1000,100,0.025328445215042017
1001,100,0.025228493590533488
1002,100,0.025446652341741767
1003,100,0.025272584223143765
1004,100,0.025534499214551636
1005,100,0.025399810168333863
1006,100,0.025722398101835554
1007,100,0.025548244294736667
1008,100,0.025071532208864156
1009,100,0.02571470668925458
1010,100,0.025124690686533207
1011,100,0.026085532979768147
1012,100,0.025390723513887475
1013,100,0.02633019446494572
1014,100,0.02546812010648563
1015,100,0.02546344095172123
1016,100,0.0252296816207868
1017,100,0.025773971628261814
1018,100,0.02545684800614319
1019,100,0.025620148654964134
1020,100,0.02601477129901449
1021,100,0.025384646414505677
1022,100,0.025049733311816733
1023,100,0.025500610349171945
1024,100,0.025042791249741434
1025,100,0.025128220261223994
1026,100,0.025848394618389094
1027,100,0.025508342691204288
1028,100,0.02547755666034942
1029,100,0.02540670245010774
1030,100,0.024797451717074953
1031,100,0.02543536461066975
1032,100,0.025017943560237944
1033,100,0.0251127217259124
1034,100,0.025922462334094846
1035,100,0.025613090121898094
1036,100,0.02609860926753707
1037,100,0.02532481274431875
1038,100,0.02549399078675115
1039,100,0.025700134150261424
1040,100,0.026121425631989992
1041,100,0.025641310997743545
1042,100,0.025485744534932322
1043,100,0.025852374918657228
1044,100,0.025340600067728567
1045,100,0.024685811797239356
1046,100,0.025677202050166187
1047,100,0.02538382356193777
1048,100,0.02524214906716451
1049,100,0.025284035149417263
1050,100,0.025446849494068134
1051,100,0.02508845362102052
1052,100,0.02575857118740395
1053,100,0.025799162097567302
1054,100,0.026038035690779015
1055,100,0.02536363188040515
1056,100,0.025694764725636834
1057,100,0.025175969255978512
1058,100,0.025406863813712738
1059,100,0.0256079685665249
1060,100,0.025103022892759272
1061,100,0.025587652148163036
1062,100,0.02551905290648025
1063,100,0.025360619422323115
1064,100,0.025580418338952724
1065,100,0.02506048358397036
1066,100,0.025776492212082714
1067,100,0.024892764157401347
1068,100,0.024777088123232822
1069,100,0.026001205191207532
1070,100,0.02565049009554913
1071,100,0.025945039992752435
1072,100,0.025142397733542855
1073,100,0.02543607163095836
1074,100,0.02576125749379894
1075,100,0.025200975668461845
1076,100,0.02543263157768957
1077,100,0.025480237959469937
1078,100,0.025182576505128656
1079,100,0.025229837109152373
1080,100,0.02501647996243022
1081,100,0.024940201959386524
1082,100,0.025332434540122243
1083,100,0.025642897669861296
1084,100,0.025646191216465917
1085,100,0.025415948382521668
1086,100,0.025194897180647803
1087,100,0.025190154028184905
1088,100,0.02564515701335514
1089,100,0.02536230599236005
1090,100,0.02542620284215018
1091,100,0.025474228919208933
1092,100,0.024609253208465316
1093,100,0.025383376717945223
1094,100,0.025700097164633177
1095,100,0.0258216074306696
1096,100,0.025902011818973055
1097,100,0.025783221906684414
1098,100,0.026087749662534545
1099,100,0.025029689615079283
1100,100,0.02518835324633927
1101,100,0.02610310049074603
1102,100,0.025496123624709714
1103,100,0.025152947529137392
1104,100,0.025816689698575358
1105,100,0.02566799854351897
1106,100,0.02555833291160827
1107,100,0.025987142677828534
1108,100,0.025571863740941204
1109,100,0.025620222249002563
1110,100,0.025244021425224767
1111,100,0.02519164263504443
1112,100,0.025566327097547734
1113,100,0.02501571364271208
1114,100,0.025550011258933258
1115,100,0.026126076703933944
1116,100,0.025299500935285792
1117,100,0.024938355950027347
1118,100,0.026060654960650447
1119,100,0.025328759864207673
1120,100,0.02557273517255777
1121,100,0.02530271480321558
1122,100,0.025871167022545584
1123,100,0.025306115293836147
1124,100,0.02513987860004277
1125,100,0.025365273054820368
1126,100,0.024980196073183445
1127,100,0.025472545098809096
1128,100,0.0256163245140422
1129,100,0.025417050648664438
1130,100,0.02505433584224246
1131,100,0.02557896293082725
1132,100,0.025706281447595923
1133,100,0.0250755669022578
1134,100,0.02493513361359963
1135,100,0.025373997787276958
1136,100,0.025578928701015344
1137,100,0.025221346585652657
1138,100,0.02575628440656886
1139,100,0.025600784498419314
1140,100,0.02457991257758771
1141,100,0.025185151837385084
1142,100,0.02546044665073372
1143,100,0.025103730574422427
1144,100,0.025734468882697096
1145,100,0.025590178882398406
1146,100,0.025157118988281504
1147,100,0.025266995728127257
1148,100,0.025511828565150423
1149,100,0.025207013769330443
1150,100,0.025226426502253003
1151,100,0.02521169386999172
1152,100,0.02557432235398469
1153,100,0.0255246937713148
1154,100,0.02635797620807083
1155,100,0.025208697923208977
1156,100,0.025631537188969603
1157,100,0.02519155400143337
1158,100,0.02506098756553389
1159,100,0.025531934852299987
1160,100,0.025540299076938763
1161,100,0.025211218107825697
1162,100,0.02514755066651932
1163,100,0.025251099825210666
1164,100,0.025374539182639266
1165,100,0.0250524295917466
1166,100,0.025447000904654325
1167,100,0.025520859587541175
1168,100,0.025208290234267117
1169,100,0.02531884479908598
1170,100,0.025633220910576925
1171,100,0.02561485275116461
1172,100,0.024797924570594234
1173,100,0.0251778735436115
1174,100,0.025154927057297223
1175,100,0.025292703133989326
1176,100,0.025965274720468504
1177,100,0.025424407971096036
1178,100,0.025811331233472016
1179,100,0.025464360655647753
1180,100,0.02521200123978887
1181,100,0.02572274185386261
1182,100,0.025333712492519384
1183,100,0.02543677871623583
1184,100,0.02528283063144978
1185,100,0.025650987715370218
1186,100,0.02523714136543521
1187,100,0.025194686696046947
1188,100,0.02540042178710023
1189,100,0.025416942796811642
1190,100,0.02635637208868537
1191,100,0.025009580419391983
1192,100,0.02566701664321278
1193,100,0.025356537016057834
1194,100,0.025218797850910628
1195,100,0.0252765528037874
1196,100,0.024981141523556724
1197,100,0.025161456765708357
1198,100,0.025259211183224824
1199,100,0.025711635006321943
1200,100,0.025429261097034393
1201,100,0.025241500526033255
1202,100,0.025249007774758428
1203,100,0.02579514782389467
1204,100,0.025614071631357233
1205,100,0.02620865412010538
1206,100,0.025869232564189666
1207,100,0.024776166078977514
1208,100,0.025035690240583504
1209,100,0.025391559433698384
1210,100,0.02458303938239604
1211,100,0.02484683194123698
1212,100,0.02529671259739481
1213,100,0.025875262139382862
1214,100,0.02484136966584127
1215,100,0.025634188598184657
1216,100,0.025558467935551353
1217,100,0.025152990702223467
1218,100,0.02551279856980239
1219,100,0.025000125991944705
1220,100,0.026304038177720736
1221,100,0.025211665098207197
1222,100,0.025499225489172966
1223,100,0.025183866668528492
1224,100,0.025639360291967245
1225,100,0.025310273811375374
1226,100,0.025690271793949237
1227,100,0.02545392429651057
1228,100,0.02539194131334072
1229,100,0.026014859939354637
1230,100,0.025390352892740747
1231,100,0.025320837332507142
1232,100,0.025618891103105477
1233,100,0.02533987610813514
1234,100,0.025466797530460168
1235,100,0.025881691079780726
1236,100,0.02509064122573595
1237,100,0.02564957396747027
1238,100,0.025532022741285052
1239,100,0.02607197026834867
1240,100,0.025531271048011075
1241,100,0.02571983754094089
1242,100,0.025379340646569316
1243,100,0.025501400396522773
1244,100,0.025532228950896328
1245,100,0.02560258684766541
1246,100,0.02504051211822943
1247,100,0.02512358029826384
1248,100,0.02532553144564185
1249,100,0.025719371604059536
1250,100,0.025450048230568244
1251,100,0.025360217273534626
1252,100,0.02501797926818162
1253,100,0.025732256581019724
1254,100,0.025284311871535136
1255,100,0.0251898688368524
1256,100,0.026126922467957513
1257,100,0.025675140344000157
1258,100,0.025622867249888617
1259,100,0.025562846556245935
1260,100,0.025314248666742797
1261,100,0.02584720272879728
1262,100,0.02594386507699197
1263,100,0.025175825343962198
1264,100,0.02598059962537299
1265,100,0.025327146968503193
1266,100,0.02603992604066421
1267,100,0.025789727378010684
1268,100,0.025211648171595272
1269,100,0.02530523534192489
1270,100,0.02533997895268053
1271,100,0.025825769678825022
1272,100,0.025664044922296875
1273,100,0.025898352101545813
1274,100,0.02512408219021742
1275,100,0.02520195186549955
1276,100,0.02536320895022037
1277,100,0.025972944692519193
1278,100,0.025866583067332274
1279,100,0.025797355879199898
1280,100,0.026219739425110737
1281,100,0.025815819534208362
1282,100,0.025740749097536115
1283,100,0.025407011277456617
1284,100,0.02567336205736806
1285,100,0.025742317663193407
1286,100,0.024782452766592068
1287,100,0.025803280704582897
1288,100,0.025355481100979554
1289,100,0.025274048003384165
1290,100,0.02503825777514407
1291,100,0.025430108054690873
1292,100,0.025554437564383612
1293,100,0.025611047128897203
1294,100,0.026156515866786984
1295,100,0.025378975681638147
1296,100,0.02559919574143605
1297,100,0.02533107813941242
1298,100,0.025128967100014644
1299,100,0.025428285700253357
1300,100,0.025684129214672606
1301,100,0.024987275628545896
1302,100,0.02526036415956159
1303,100,0.025497446235616214
1304,100,0.025881874762389775
1305,100,0.025833205117853413
1306,100,0.025853131210664775
1307,100,0.024908431278935286
1308,100,0.024969005782692958
1309,100,0.026699038228463347
1310,100,0.024842871034636282
1311,100,0.02551679554454999
1312,100,0.025594819016373244
1313,100,0.025616141193743905
1314,100,0.025379039199496103
1315,100,0.025105037488413782
1316,100,0.02491847624504434
1317,100,0.02593277370980591
1318,100,0.025808970328544935
1319,100,0.025594304274483896
1320,100,0.024819380633330692
1321,100,0.02490994477606595
1322,100,0.025253772133668192
1323,100,0.025506346465502573
1324,100,0.025503532968468866
1325,100,0.02483021097513264
1326,100,0.02539386027490793
1327,100,0.02479458716646449
1328,100,0.025449578378011078
1329,100,0.02518618475862109
1330,100,0.025212996154969927
1331,100,0.024995934202772543
1332,100,0.02572302576398573
1333,100,0.025420971079759356
1334,100,0.02568597647450782
1335,100,0.02527392674410798
1336,100,0.025729772633041284
1337,100,0.025038549147703138
1338,100,0.02556609725151881
1339,100,0.025863083048313
1340,100,0.025343804631650604
1341,100,0.02496946801292962
1342,100,0.025670522994907935
1343,100,0.025453031414906662
1344,100,0.025727701239156093
1345,100,0.0253532679332106
1346,100,0.025982269960958072
1347,100,0.025637507206450017
1348,100,0.02633856093781738
1349,100,0.024687911587995773
1350,100,0.02521225686218099
1351,100,0.026087968150887247
1352,100,0.02586101407558022
1353,100,0.025228877465924598
1354,100,0.025931379142120483
1355,100,0.025620510316999096
1356,100,0.02543319666361769
1357,100,0.02531604755829432
1358,100,0.025501124789684613
1359,100,0.02539127898983316
1360,100,0.02522181139242573
1361,100,0.02527627508448583
1362,100,0.02568446222160292
1363,100,0.025254397907337685
1364,100,0.02557126232837934
1365,100,0.025226412788274054
1366,100,0.025422869341413485
1367,100,0.024764020885442464
1368,100,0.02486868811987428
1369,100,0.024993167410174825
1370,100,0.024841927828034106
1371,100,0.025640875757756233
1372,100,0.02565915346183434
1373,100,0.025630476397454433
1374,100,0.025401827878933466
1375,100,0.025222509293622318
1376,100,0.02477381974170256
1377,100,0.025619942909889712
1378,100,0.02501718603706861
1379,100,0.0253497289205417
1380,100,0.025317652484924763
1381,100,0.025557911809992666
1382,100,0.025656180986086952
1383,100,0.025793858080034735
1384,100,0.025399763979946994
1385,100,0.025582779646465083
1386,100,0.025676693553311706
1387,100,0.025779430017324606
1388,100,0.025706595392209833
1389,100,0.02553471174122493
1390,100,0.02543084851334842
1391,100,0.026024833584322737
1392,100,0.02521067925547644
1393,100,0.025550018672793214
1394,100,0.025720645184119803
1395,100,0.025287682288876
1396,100,0.02595160549025182
1397,100,0.025882288862725502
1398,100,0.02623132216057412
1399,100,0.025710472754852217
1400,100,0.02524828452996546
1401,100,0.025389379224717363
1402,100,0.025417732279011722
1403,100,0.025360990327907555
1404,100,0.02523595740623212
1405,100,0.025098775231242033
1406,100,0.02494569921140594
1407,100,0.025221124639813724
1408,99,0.025230932612347722
1409,99,0.02453936331233466
1410,99,0.024913657262392638
1411,99,0.024883699782635785
1412,99,0.025327563199581515
1413,99,0.024970667312612424
1414,99,0.02609483731022074
1415,99,0.02555246158973331
1416,99,0.02541651702360015
1417,99,0.025307125508414616
1418,99,0.024970946493455538
1419,99,0.02491560956338734
1420,99,0.02512592536084708
1421,99,0.025154887863317908
1422,99,0.02493446992204984
1423,99,0.025434300858454214
1424,99,0.02508624712950388
1425,99,0.025237540350698282
1426,99,0.025856816475840132
1427,99,0.02498560092913465
1428,99,0.025122811651165842
1429,99,0.025025060177660503
1430,99,0.02547553041939058
1431,99,0.02473856871585725
1432,99,0.02561108189363016
1433,99,0.02487782776001927
1434,99,0.025242597797582794
1435,99,0.02468230883815378
1436,99,0.025108148133856256
1437,99,0.02531595272490831
1438,99,0.025259075310675307
1439,99,0.025418150750941983
1440,99,0.024854973555048687
1441,99,0.025207773692464863
1442,99,0.025854141522481243
1443,99,0.02574544527124309
1444,99,0.02497719831052798
1445,99,0.024676379131875495
1446,99,0.0243569681623039
1447,99,0.02510272116969638
1448,99,0.025753046365275905
1449,99,0.025341476402636762
1450,99,0.025570605827603718
1451,99,0.024942205068238615
1452,99,0.025234071744015853
1453,99,0.025276930980349797
1454,99,0.02539918306018491
1455,99,0.025176905456423083
1456,99,0.025650761023851516
1457,99,0.0248367925387228
1458,99,0.024911942999103855
1459,99,0.02493051095815396
1460,99,0.025110811880670714
1461,99,0.025363581484648137
1462,98,0.02521167806597468
1463,98,0.025933394519407127
1464,98,0.025153624473857418
1465,98,0.025129116195795158
1466,98,0.024430566410219488
1467,98,0.0252443690800732
1468,98,0.024921767453358053
1469,98,0.025258428334807737
1470,98,0.024808427680603862
1471,98,0.025469840393643094
1472,98,0.024846113617117697
1473,98,0.024469720008817475
1474,98,0.02509292954231232
1475,98,0.024815221218787778
1476,98,0.025465538890915893
1477,98,0.02523945767613837
1478,98,0.025355407355808688
1479,98,0.024960683223618232
1480,98,0.024938757007649165
1481,98,0.025029615581130697
1482,98,0.025161728230512118
1483,98,0.024857610062487323
1484,98,0.025109928798485733
1485,98,0.025385235455305098
1486,98,0.02536135534473842
1487,98,0.0248620488489191
1488,98,0.024627249306229327
1489,98,0.02496611362373819
1490,98,0.02482193680363251
1491,98,0.02529746239852502
1492,98,0.02498945327275426
1493,98,0.025550088520819986
1494,98,0.025065199219837114
1495,98,0.025913423346218684
1496,98,0.025232655056680816
1497,98,0.024987566047979005
1498,98,0.02489684425712765
1499,98,0.024717619426571715
1500,98,0.024823025890246406
1501,98,0.02506709812570236
1502,98,0.02484681645177361
1503,98,0.025115324574995178
1504,98,0.024723539093765564
1505,98,0.02503874575500194
1506,98,0.025240719279866205
1507,98,0.02503360060698684
1508,98,0.0246246722297921
1509,98,0.025191229185461125
1510,98,0.02479943541976111
1511,98,0.025275568287212277
1512,98,0.024535751103272295
1513,98,0.02472966874433406
1514,98,0.02502350752938126
1515,98,0.025931285895254667
1516,98,0.025132466588992406
1517,98,0.025361500610797106
1518,98,0.02463057574772438
1519,98,0.02461633376444869
1520,98,0.02548183183409786
1521,98,0.025717650333888932
1522,98,0.025342806164462432
1523,98,0.025256803374701934
1524,98,0.025130831860557257
1525,98,0.024914593459728632
1526,98,0.024396507095077468
1527,98,0.025393379442196377
1528,98,0.02457752860447864
1529,98,0.02500347522089097
1530,98,0.025293453260956857
1531,98,0.025402605557500204
1532,98,0.024839837807138034
1533,98,0.024681866857794475
1534,98,0.024918247206165284
1535,98,0.02465951488107542
1536,98,0.024950161921518672
1537,98,0.02494359860978137
1538,98,0.02508168594095092
1539,98,0.025176552703958077
1540,98,0.02537770198986819
1541,98,0.02515930190376236
1542,98,0.024621272015777653
1543,98,0.02489283740514452
1544,98,0.024765223996639083
1545,98,0.02561751100391141
1546,98,0.024685186691482727
1547,98,0.025092975405670168
1548,98,0.024710671043317315
1549,98,0.025304586065273547
1550,98,0.025404765922029674
1551,98,0.025172456074346865
1552,98,0.025205997108888226
1553,98,0.02519534413479792
1554,98,0.024673844621111996
1555,98,0.024788545340053425
1556,98,0.024634285553364284
1557,98,0.024855653052405842
1558,98,0.025200055547573784
1559,98,0.02471606639552031
1560,98,0.024709969219691878
1561,98,0.025570022497982216
1562,97,0.025568805519815736
1563,97,0.025248223911964345
1564,97,0.024438941296027056
1565,97,0.024260700549224398
1566,97,0.02530545273441139
1567,97,0.02524245042341523
1568,97,0.024669403690517448
1569,97,0.024779018860910287
1570,97,0.025149276988779886
1571,97,0.025076491657432372
1572,97,0.024997907105630747
1573,97,0.024337832551673984
1574,97,0.024886410497300164
1575,97,0.02419325721924916
1576,97,0.024523374148690335
1577,97,0.02472673861864757
1578,97,0.025070790873472474
1579,97,0.02487132172622589
1580,97,0.02497288931068437
1581,97,0.02511002540252396
1582,97,0.025040283378033986
1583,97,0.024939919700844155
1584,97,0.02470121634956031
1585,97,0.024444307818503593
1586,97,0.02559713822928311
1587,97,0.02492042230016123
1588,97,0.024479197870332835
1589,97,0.02423291074831549
1590,97,0.024722733241314798
1591,97,0.024771752577864712
1592,97,0.024852676551878238
1593,97,0.024898347171225837
1594,97,0.02453428425541055
1595,97,0.024773074929993984
1596,97,0.024663172740225767
1597,97,0.024584874188387087
1598,97,0.025024957767698232
1599,97,0.024869564682027424
1600,97,0.024537556585699987
1601,97,0.024685043316147254
1602,97,0.024790046463809046
1603,97,0.024762812774712508
1604,97,0.025264763403450536
1605,97,0.024993329445249908
1606,96,0.025299997713760323
1607,96,0.02480068381241677
1608,96,0.024475332546377043
1609,96,0.024349859875109892
1610,96,0.024781163128120082
1611,96,0.02395726740968866
1612,96,0.02502925218277613
1613,96,0.0250258901359749
1614,96,0.024990761117265312
1615,96,0.024475377884737533
1616,96,0.024357266879030705
1617,96,0.024247002424219878
1618,96,0.02529893694434969
1619,95,0.02468941312038995
1620,95,0.024577220559128747
1621,95,0.024552082769938158
1622,95,0.02454524785144893
1623,95,0.024140593831086053
1624,95,0.024426289062019647
1625,95,0.02424536812055592
1626,95,0.02458184794081386
1627,95,0.024341877467230107
1628,94,0.02457355161261388
1629,94,0.02400910653770965
1630,94,0.024124228017150195
1631,94,0.02425240183249844
1632,94,0.023900989075451826
1633,94,0.024134835643063273
1634,94,0.023774343241622507
1635,94,0.02417977926251904
1636,94,0.024394363979210423
1637,94,0.02392119644276945
1638,94,0.024032219230441427
1639,94,0.02439890265485656
1640,94,0.024202212394787308
1641,93,0.023644753182773415
1642,93,0.023685297084131827
1643,93,0.023858388235294428
1644,93,0.023768093699693574
1645,93,0.02329103422680307
1646,93,0.02422613318732123
1647,93,0.024295882582734206
1648,93,0.024199654860055108
1649,93,0.023999146993445034
1650,93,0.02464344963537328
1651,93,0.024336591406626782
1652,93,0.02340732994500676
1653,93,0.02471417915540361
1654,93,0.023882512234577834
1655,93,0.023857442844430168
1656,93,0.02384219600522128
1657,93,0.024031962456874164
1658,93,0.02387070298295897
1659,93,0.02440397550573298
1660,93,0.023912347421472108
1661,93,0.024100223765080277
1662,93,0.02373997101954243
1663,93,0.024228394291863867
1664,93,0.024251433061089383
1665,93,0.02411010553575539
1666,93,0.023513150871688097
1667,93,0.024468241017987055
1668,93,0.024030384943164528
1669,93,0.02458530524263181
1670,93,0.024038844162090338
1671,93,0.024223102855854186
1672,93,0.02416732164361872
1673,93,0.02395710961410345
1674,93,0.023922012393960898
1675,93,0.023649603786933194
1676,93,0.02327928249363443
1677,93,0.024391878319628094
1678,93,0.02354710439388013
1679,93,0.023975714078794355
1680,93,0.023533987988358786
1681,93,0.024415011122854522
1682,93,0.02468006571963898
1683,93,0.0235543761951554
1684,93,0.02360696023684621
1685,93,0.024026019739309016
1686,93,0.02356718840462555
1687,93,0.02399175696953342
1688,92,0.02395219723396784
1689,92,0.02373827722100028
1690,92,0.023950846848055513
1691,92,0.023201315118424878
1692,92,0.02335715287468538
1693,92,0.02399678309834256
1694,92,0.02363229452864319
1695,92,0.023669222966950853
1696,92,0.02407261684376041
1697,92,0.023737876438921536
1698,92,0.02426258165831068
1699,92,0.023470645645675213
1700,92,0.02362635860966851
1701,92,0.023623080343504917
1702,92,0.023846152726247516
1703,92,0.02398543048140886
1704,92,0.023652425557456256
1705,92,0.023709262269257132
1706,92,0.023714399183828158
1707,92,0.023485007261353635
1708,91,0.023827852155448543
1709,90,0.02359438293248579
1710,90,0.023187153095425593
1711,90,0.023328151330318445
1712,90,0.02363849870974205
1713,90,0.022560280242950117
1714,90,0.023244216966690243
1715,90,0.02312058566866262
1716,90,0.022921794856393854
1717,90,0.023388954793475126
1718,90,0.02302150953326006
1719,90,0.02311996756908718
1720,90,0.02358621927997786
1721,90,0.023634374424217803
1722,90,0.023118044515764217
